batter_id,batter_name,game_date,pa,woba
686611,Dylan Crews,2026-09-02,4,0.175
686611,Dylan Crews,2026-09-04,4,0.3125
686611,Dylan Crews,2026-09-05,4,0.625
686611,Dylan Crews,2026-09-06,6,0.175
686611,Dylan Crews,2026-09-07,4,0.725
686611,Dylan Crews,2026-09-08,4,0.625
686611,Dylan Crews,2026-09-09,4,0.4
686611,Dylan Crews,2026-09-11,4,0.225
686611,Dylan Crews,2026-09-12,5,0.0
686611,Dylan Crews,2026-09-13,2,0.45
686611,Dylan Crews,2026-09-15,3,0.0
686611,Dylan Crews,2026-09-16,3,0.3
686611,Dylan Crews,2026-09-18,5,0.58
686611,Dylan Crews,2026-09-19,6,0.3
686611,Dylan Crews,2026-09-20,4,0.0
686611,Dylan Crews,2026-09-21,4,0.4
686611,Dylan Crews,2026-09-22,4,0.45
686611,Dylan Crews,2026-09-23,4,0.0
686611,Dylan Crews,2026-09-25,4,0.675
686611,Dylan Crews,2026-09-26,4,0.175
686611,Dylan Crews,2026-09-27,4,0.3125
686668,Brenton Doyle,2026-09-01,1,0.0
686668,Brenton Doyle,2026-09-06,1,0.0
686668,Brenton Doyle,2026-09-11,2,0.45
686668,Brenton Doyle,2026-09-13,2,0.0
686668,Brenton Doyle,2026-09-15,3,0.8333333333333334
686668,Brenton Doyle,2026-09-16,4,0.225
686668,Brenton Doyle,2026-09-17,4,0.45
686668,Brenton Doyle,2026-09-18,4,0.5375
686668,Brenton Doyle,2026-09-19,3,0.3
686668,Brenton Doyle,2026-09-20,4,0.225
686668,Brenton Doyle,2026-09-22,5,0.58
686668,Brenton Doyle,2026-09-24,2,0.0
686668,Brenton Doyle,2026-09-26,2,1.0
686668,Brenton Doyle,2026-09-27,4,0.5
686681,Michael Massey,2026-09-02,4,0.5375
686681,Michael Massey,2026-09-03,4,0.225
686681,Michael Massey,2026-09-04,3,0.5333333333333333
686681,Michael Massey,2026-09-05,4,0.225
686681,Michael Massey,2026-09-07,5,0.0
686681,Michael Massey,2026-09-08,5,0.5700000000000001
686681,Michael Massey,2026-09-09,4,0.225
686681,Michael Massey,2026-09-11,4,0.45
686681,Michael Massey,2026-09-12,3,0.3
686681,Michael Massey,2026-09-13,4,0.225
686681,Michael Massey,2026-09-15,3,0.0
686681,Michael Massey,2026-09-16,5,0.76
686681,Michael Massey,2026-09-17,4,0.0
686681,Michael Massey,2026-09-18,4,0.5
686681,Michael Massey,2026-09-19,4,0.0666666666666666
686681,Michael Massey,2026-09-20,4,0.0
686681,Michael Massey,2026-09-22,5,0.25
686681,Michael Massey,2026-09-23,4,0.45
686681,Michael Massey,2026-09-24,4,0.0
686681,Michael Massey,2026-09-25,5,0.36
686681,Michael Massey,2026-09-26,4,0.225
686765,Nick Sogard,2026-09-01,3,0.3
686765,Nick Sogard,2026-09-02,4,0.0
686765,Nick Sogard,2026-09-03,4,0.675
686765,Nick Sogard,2026-09-04,4,0.175
686765,Nick Sogard,2026-09-05,5,0.5
686765,Nick Sogard,2026-09-06,4,0.0
686765,Nick Sogard,2026-09-08,4,0.45
686765,Nick Sogard,2026-09-09,4,0.225
686765,Nick Sogard,2026-09-11,4,0.0
686765,Nick Sogard,2026-09-12,4,0.8
686765,Nick Sogard,2026-09-13,4,0.175
686765,Nick Sogard,2026-09-15,4,0.7333333333333334
686765,Nick Sogard,2026-09-16,2,0.45
686765,Nick Sogard,2026-09-17,4,0.0
686765,Nick Sogard,2026-09-18,5,0.18
686765,Nick Sogard,2026-09-19,4,0.225
686765,Nick Sogard,2026-09-20,4,0.0
686765,Nick Sogard,2026-09-22,5,0.43
686765,Nick Sogard,2026-09-23,4,0.45
686765,Nick Sogard,2026-09-24,4,0.225
686765,Nick Sogard,2026-09-25,8,0.2
686765,Nick Sogard,2026-09-27,4,0.4
686780,Pedro Pagés,2026-09-03,2,0.45
686780,Pedro Pagés,2026-09-15,1,0.0
686780,Pedro Pagés,2026-09-16,3,0.2333333333333333
686780,Pedro Pagés,2026-09-19,4,0.45
686780,Pedro Pagés,2026-09-25,2,0.0
686780,Pedro Pagés,2026-09-27,3,0.7666666666666666
686797,Brooks Lee,2026-09-01,4,0.0
686797,Brooks Lee,2026-09-02,6,0.45
686797,Brooks Lee,2026-09-04,4,0.0
686797,Brooks Lee,2026-09-05,4,0.3125
686797,Brooks Lee,2026-09-06,3,0.9666666666666668
686797,Brooks Lee,2026-09-07,5,0.32
686797,Brooks Lee,2026-09-08,4,0.3125
686797,Brooks Lee,2026-09-09,4,0.0
686797,Brooks Lee,2026-09-11,4,0.0
686797,Brooks Lee,2026-09-12,4,0.625
686797,Brooks Lee,2026-09-13,4,0.0
686797,Brooks Lee,2026-09-14,5,0.5
686797,Brooks Lee,2026-09-15,3,0.0
686797,Brooks Lee,2026-09-16,3,0.65
686797,Brooks Lee,2026-09-17,5,0.36
686797,Brooks Lee,2026-09-18,4,0.45
686797,Brooks Lee,2026-09-19,5,0.25
686797,Brooks Lee,2026-09-20,4,0.675
686797,Brooks Lee,2026-09-21,4,0.5
686797,Brooks Lee,2026-09-22,4,0.45
686797,Brooks Lee,2026-09-23,5,0.32
686797,Brooks Lee,2026-09-25,5,0.0
686797,Brooks Lee,2026-09-26,4,0.3125
686797,Brooks Lee,2026-09-27,4,0.225
686948,Drake Baldwin,2026-09-01,4,0.3125
686948,Drake Baldwin,2026-09-02,5,0.1399999999999999
686948,Drake Baldwin,2026-09-04,5,0.18
686948,Drake Baldwin,2026-09-05,4,0.45
686948,Drake Baldwin,2026-09-06,5,0.43
686948,Drake Baldwin,2026-09-07,4,0.0
686948,Drake Baldwin,2026-09-08,4,0.225
686948,Drake Baldwin,2026-09-09,4,0.675
686948,Drake Baldwin,2026-09-10,4,0.225
686948,Drake Baldwin,2026-09-11,6,0.475
686948,Drake Baldwin,2026-09-12,5,0.25
686948,Drake Baldwin,2026-09-13,5,0.18
686948,Drake Baldwin,2026-09-14,4,0.625
686948,Drake Baldwin,2026-09-15,5,0.58
686948,Drake Baldwin,2026-09-16,4,0.0
686948,Drake Baldwin,2026-09-18,5,0.5700000000000001
686948,Drake Baldwin,2026-09-19,5,0.61
686948,Drake Baldwin,2026-09-20,5,0.32
686948,Drake Baldwin,2026-09-22,4,0.625
686948,Drake Baldwin,2026-09-23,5,0.1399999999999999
686948,Drake Baldwin,2026-09-24,5,0.43
686948,Drake Baldwin,2026-09-25,4,0.0
686948,Drake Baldwin,2026-09-26,5,0.76
687093,Vaughn Grissom,2026-09-01,4,0.0
687093,Vaughn Grissom,2026-09-02,4,0.725
687093,Vaughn Grissom,2026-09-04,4,0.4
687093,Vaughn Grissom,2026-09-05,5,0.18
687093,Vaughn Grissom,2026-09-06,4,0.0
687093,Vaughn Grissom,2026-09-07,4,0.175
687093,Vaughn Grissom,2026-09-08,4,0.7125
687093,Vaughn Grissom,2026-09-09,4,0.0
687093,Vaughn Grissom,2026-09-11,4,0.175
687093,Vaughn Grissom,2026-09-12,5,0.4
687093,Vaughn Grissom,2026-09-13,4,0.225
687093,Vaughn Grissom,2026-09-14,4,0.4
687093,Vaughn Grissom,2026-09-15,4,0.4875
687093,Vaughn Grissom,2026-09-16,5,0.18
687093,Vaughn Grissom,2026-09-17,1,0.0
687093,Vaughn Grissom,2026-09-18,4,0.175
687093,Vaughn Grissom,2026-09-19,6,0.5666666666666668
687093,Vaughn Grissom,2026-09-20,4,0.225
687093,Vaughn Grissom,2026-09-22,5,0.6799999999999999
687093,Vaughn Grissom,2026-09-23,4,0.725
687093,Vaughn Grissom,2026-09-24,5,0.0
687093,Vaughn Grissom,2026-09-25,5,0.5
687093,Vaughn Grissom,2026-09-26,5,0.18
687093,Vaughn Grissom,2026-09-27,4,0.0
687221,Dalton Rushing,2026-09-01,1,0.0
687221,Dalton Rushing,2026-09-02,1,0.7
687221,Dalton Rushing,2026-09-03,2,0.0
687221,Dalton Rushing,2026-09-04,1,0.0
687221,Dalton Rushing,2026-09-26,1,0.0
687221,Dalton Rushing,2026-09-27,2,0.0
687231,Darell Hernaiz,2026-09-01,1,0.0
687231,Darell Hernaiz,2026-09-03,1,0.0
687263,Zach Neto,2026-09-01,4,0.5375
687263,Zach Neto,2026-09-02,4,0.0
687263,Zach Neto,2026-09-04,4,0.0
687263,Zach Neto,2026-09-05,5,0.54
687263,Zach Neto,2026-09-06,4,0.4
687263,Zach Neto,2026-09-07,5,0.1399999999999999
687263,Zach Neto,2026-09-08,5,1.01
687263,Zach Neto,2026-09-09,4,0.8999999999999999
687263,Zach Neto,2026-09-11,4,0.0
687263,Zach Neto,2026-09-12,5,0.0
687263,Zach Neto,2026-09-13,5,0.54
687263,Zach Neto,2026-09-14,4,0.625
687263,Zach Neto,2026-09-15,4,0.175
687263,Zach Neto,2026-09-16,5,0.64
687263,Zach Neto,2026-09-17,5,0.1399999999999999
687263,Zach Neto,2026-09-18,4,0.35
687263,Zach Neto,2026-09-19,6,0.2333333333333333
687263,Zach Neto,2026-09-20,3,0.0
687263,Zach Neto,2026-09-22,5,0.32
687263,Zach Neto,2026-09-23,4,0.575
687263,Zach Neto,2026-09-24,5,0.32
687263,Zach Neto,2026-09-25,5,0.9
687263,Zach Neto,2026-09-26,5,0.2799999999999999
687263,Zach Neto,2026-09-27,5,0.2799999999999999
687363,Victor Scott II,2026-09-01,1,0.9
687363,Victor Scott II,2026-09-06,1,0.0
687363,Victor Scott II,2026-09-13,1,0.0
687363,Victor Scott II,2026-09-15,1,0.0
687363,Victor Scott II,2026-09-18,1,0.0
687363,Victor Scott II,2026-09-19,3,0.0
687363,Victor Scott II,2026-09-25,3,0.3
687401,Joey Ortiz,2026-09-01,4,0.725
687401,Joey Ortiz,2026-09-02,5,0.32
687401,Joey Ortiz,2026-09-03,3,0.3
687401,Joey Ortiz,2026-09-05,2,0.0
687401,Joey Ortiz,2026-09-07,3,0.4166666666666667
687401,Joey Ortiz,2026-09-08,4,0.225
687401,Joey Ortiz,2026-09-09,4,0.225
687401,Joey Ortiz,2026-09-11,5,0.72
687401,Joey Ortiz,2026-09-13,3,0.6666666666666666
687401,Joey Ortiz,2026-09-15,4,0.7625
687401,Joey Ortiz,2026-09-16,4,0.4
687401,Joey Ortiz,2026-09-17,5,0.32
687401,Joey Ortiz,2026-09-18,5,0.32
687401,Joey Ortiz,2026-09-19,3,0.5333333333333333
687401,Joey Ortiz,2026-09-20,4,0.0
687401,Joey Ortiz,2026-09-23,4,0.225
687401,Joey Ortiz,2026-09-24,4,0.225
687401,Joey Ortiz,2026-09-25,4,0.625
687462,Spencer Horwitz,2026-09-01,6,0.3
687462,Spencer Horwitz,2026-09-02,5,0.18
687462,Spencer Horwitz,2026-09-03,5,0.18
687462,Spencer Horwitz,2026-09-04,4,0.35
687462,Spencer Horwitz,2026-09-05,2,0.35
687462,Spencer Horwitz,2026-09-06,3,0.0
687462,Spencer Horwitz,2026-09-08,5,0.36
687462,Spencer Horwitz,2026-09-09,4,0.225
687462,Spencer Horwitz,2026-09-10,3,0.3
687462,Spencer Horwitz,2026-09-12,4,0.4
687462,Spencer Horwitz,2026-09-15,2,0.0
687462,Spencer Horwitz,2026-09-16,1,0.0
687462,Spencer Horwitz,2026-09-18,4,0.625
687462,Spencer Horwitz,2026-09-20,4,0.225
687462,Spencer Horwitz,2026-09-22,3,0.65
687462,Spencer Horwitz,2026-09-24,4,0.0
687462,Spencer Horwitz,2026-09-25,3,0.4166666666666667
687462,Spencer Horwitz,2026-09-26,4,0.175
687462,Spencer Horwitz,2026-09-27,4,0.175
687529,Grant McCray,2026-09-04,2,0.35
687529,Grant McCray,2026-09-05,5,0.725
687529,Grant McCray,2026-09-06,3,0.0
687529,Grant McCray,2026-09-08,3,0.5333333333333333
687529,Grant McCray,2026-09-09,3,0.0
687529,Grant McCray,2026-09-14,4,0.3125
687529,Grant McCray,2026-09-15,3,0.3
687529,Grant McCray,2026-09-18,1,0.0
687529,Grant McCray,2026-09-19,1,0.7
687529,Grant McCray,2026-09-20,3,0.0
687529,Grant McCray,2026-09-23,1,0.0
687529,Grant McCray,2026-09-27,1,0.0
687551,Drew Gilbert,2026-09-02,4,0.175
687551,Drew Gilbert,2026-09-03,4,0.225
687551,Drew Gilbert,2026-09-04,3,0.3
687551,Drew Gilbert,2026-09-06,4,0.0
687551,Drew Gilbert,2026-09-07,2,0.0
687551,Drew Gilbert,2026-09-09,2,0.625
687551,Drew Gilbert,2026-09-11,1,0.0
687551,Drew Gilbert,2026-09-12,4,0.725
687551,Drew Gilbert,2026-09-13,3,0.2333333333333333
687551,Drew Gilbert,2026-09-14,1,0.7
687551,Drew Gilbert,2026-09-15,4,0.225
687551,Drew Gilbert,2026-09-16,1,2.0
687551,Drew Gilbert,2026-09-18,3,0.2333333333333333
687551,Drew Gilbert,2026-09-19,1,0.7
687551,Drew Gilbert,2026-09-20,1,0.0
687551,Drew Gilbert,2026-09-21,4,0.95
687551,Drew Gilbert,2026-09-22,3,0.3
687551,Drew Gilbert,2026-09-23,1,0.9
687551,Drew Gilbert,2026-09-25,1,0.0
687551,Drew Gilbert,2026-09-26,1,0.7
687551,Drew Gilbert,2026-09-27,3,0.2333333333333333
687597,Jordan Beck,2026-09-01,1,0.0
687597,Jordan Beck,2026-09-02,3,0.0
687597,Jordan Beck,2026-09-05,2,0.0
687597,Jordan Beck,2026-09-10,4,0.175
687597,Jordan Beck,2026-09-11,2,0.45
687597,Jordan Beck,2026-09-12,5,0.32
687597,Jordan Beck,2026-09-13,1,0.0
687597,Jordan Beck,2026-09-16,4,0.4
687597,Jordan Beck,2026-09-17,1,0.0
687597,Jordan Beck,2026-09-19,1,0.0
687597,Jordan Beck,2026-09-20,2,0.0
687597,Jordan Beck,2026-09-23,2,0.0
687597,Jordan Beck,2026-09-24,5,0.18
687597,Jordan Beck,2026-09-26,1,1.25
687597,Jordan Beck,2026-09-27,4,0.4
687605,Andrew Pinckney,2026-09-11,1,0.0
687605,Andrew Pinckney,2026-09-15,3,0.3
687637,Dylan Beavers,2026-09-01,4,0.3125
687637,Dylan Beavers,2026-09-02,5,0.18
687637,Dylan Beavers,2026-09-03,4,0.175
687637,Dylan Beavers,2026-09-05,4,0.225
687637,Dylan Beavers,2026-09-06,1,0.0
687637,Dylan Beavers,2026-09-07,4,0.3125
687637,Dylan Beavers,2026-09-08,4,0.0
687637,Dylan Beavers,2026-09-09,5,0.43
687637,Dylan Beavers,2026-09-11,5,0.58
687637,Dylan Beavers,2026-09-12,5,0.18
687637,Dylan Beavers,2026-09-13,5,0.5700000000000001
687637,Dylan Beavers,2026-09-14,5,0.0
687637,Dylan Beavers,2026-09-15,2,0.35
687637,Dylan Beavers,2026-09-16,4,0.0
687637,Dylan Beavers,2026-09-18,6,0.2666666666666666
687637,Dylan Beavers,2026-09-20,4,0.0
687637,Dylan Beavers,2026-09-21,4,0.0
687637,Dylan Beavers,2026-09-23,9,0.2
687637,Dylan Beavers,2026-09-25,11,0.4909090909090909
687749,Jase Bowen,2026-09-01,3,0.5333333333333333
687749,Jase Bowen,2026-09-05,1,0.0
687749,Jase Bowen,2026-09-07,1,0.7
687749,Jase Bowen,2026-09-09,4,0.0666666666666666
687749,Jase Bowen,2026-09-11,1,0.0
687749,Jase Bowen,2026-09-12,1,0.0
687749,Jase Bowen,2026-09-13,1,0.0
687749,Jase Bowen,2026-09-17,1,0.0
687749,Jase Bowen,2026-09-22,1,0.0
687749,Jase Bowen,2026-09-25,1,0.0
687749,Jase Bowen,2026-09-27,4,0.0666666666666666
687859,Troy Johnston,2026-09-02,2,0.0
687859,Troy Johnston,2026-09-04,4,0.4875
687859,Troy Johnston,2026-09-05,4,0.225
687859,Troy Johnston,2026-09-06,5,0.0
687859,Troy Johnston,2026-09-11,4,0.225
687859,Troy Johnston,2026-09-13,4,0.0
687859,Troy Johnston,2026-09-15,4,1.025
687859,Troy Johnston,2026-09-16,4,0.0
687859,Troy Johnston,2026-09-17,4,0.0
687859,Troy Johnston,2026-09-20,1,0.9
687859,Troy Johnston,2026-09-22,3,0.65
687859,Troy Johnston,2026-09-23,1,0.7
687859,Troy Johnston,2026-09-25,3,0.0
687859,Troy Johnston,2026-09-27,4,0.0
687952,Christian Encarnacion-Strand,2026-09-01,4,0.225
687952,Christian Encarnacion-Strand,2026-09-02,1,0.0
687952,Christian Encarnacion-Strand,2026-09-03,4,0.9
687952,Christian Encarnacion-Strand,2026-09-04,4,0.225
687952,Christian Encarnacion-Strand,2026-09-05,4,0.3125
687952,Christian Encarnacion-Strand,2026-09-06,4,0.3125
687952,Christian Encarnacion-Strand,2026-09-07,5,0.1399999999999999
687952,Christian Encarnacion-Strand,2026-09-08,1,0.7
687952,Christian Encarnacion-Strand,2026-09-09,4,0.175
687952,Christian Encarnacion-Strand,2026-09-11,4,0.675
687952,Christian Encarnacion-Strand,2026-09-12,4,0.4
687952,Christian Encarnacion-Strand,2026-09-13,4,0.225
687952,Christian Encarnacion-Strand,2026-09-14,4,0.3125
687952,Christian Encarnacion-Strand,2026-09-15,5,0.58
687952,Christian Encarnacion-Strand,2026-09-16,4,1.125
687952,Christian Encarnacion-Strand,2026-09-18,5,0.1399999999999999
687952,Christian Encarnacion-Strand,2026-09-19,4,0.0
687952,Christian Encarnacion-Strand,2026-09-20,1,0.7
687952,Christian Encarnacion-Strand,2026-09-21,3,0.3
687952,Christian Encarnacion-Strand,2026-09-23,7,0.5428571428571428
687952,Christian Encarnacion-Strand,2026-09-25,5,0.43
687957,Dustin Harris,2026-09-01,1,0.7
687957,Dustin Harris,2026-09-02,2,0.0
687957,Dustin Harris,2026-09-06,3,0.3
687957,Dustin Harris,2026-09-07,3,0.0
687957,Dustin Harris,2026-09-08,3,0.0
687957,Dustin Harris,2026-09-11,4,0.8
687957,Dustin Harris,2026-09-12,5,0.18
687957,Dustin Harris,2026-09-13,4,0.225
687957,Dustin Harris,2026-09-14,5,0.39
687957,Dustin Harris,2026-09-15,2,0.45
687957,Dustin Harris,2026-09-16,5,0.64
687957,Dustin Harris,2026-09-17,5,0.54
687957,Dustin Harris,2026-09-18,5,0.36
687957,Dustin Harris,2026-09-19,5,0.25
687957,Dustin Harris,2026-09-20,4,0.225
687957,Dustin Harris,2026-09-22,3,0.0
687957,Dustin Harris,2026-09-23,5,0.4599999999999999
687957,Dustin Harris,2026-09-24,4,0.0
687957,Dustin Harris,2026-09-25,4,0.4
687957,Dustin Harris,2026-09-26,5,0.5
687957,Dustin Harris,2026-09-27,5,0.36
688363,Graham Pauley,2026-09-01,4,0.9
688363,Graham Pauley,2026-09-03,4,0.0
688363,Graham Pauley,2026-09-05,3,0.2333333333333333
688363,Graham Pauley,2026-09-06,4,0.35
688363,Graham Pauley,2026-09-07,4,0.675
688363,Graham Pauley,2026-09-09,6,0.45
688363,Graham Pauley,2026-09-12,2,1.0
688363,Graham Pauley,2026-09-15,2,0.0
688363,Graham Pauley,2026-09-20,2,0.0
688363,Graham Pauley,2026-09-22,2,0.2
688363,Graham Pauley,2026-09-23,2,0.45
688363,Graham Pauley,2026-09-27,4,0.225
689414,Liam Hicks,2026-09-02,4,0.0
689414,Liam Hicks,2026-09-04,4,0.225
689414,Liam Hicks,2026-09-05,4,0.45
689414,Liam Hicks,2026-09-06,1,0.0
689414,Liam Hicks,2026-09-08,5,0.68
689414,Liam Hicks,2026-09-09,4,0.225
689414,Liam Hicks,2026-09-10,1,0.0
689414,Liam Hicks,2026-09-11,3,0.0
689414,Liam Hicks,2026-09-12,3,0.4166666666666667
689414,Liam Hicks,2026-09-15,3,0.2333333333333333
689414,Liam Hicks,2026-09-16,1,0.0
689414,Liam Hicks,2026-09-17,5,0.5
689414,Liam Hicks,2026-09-18,2,0.35
689414,Liam Hicks,2026-09-19,3,0.6
689414,Liam Hicks,2026-09-22,3,0.0
689414,Liam Hicks,2026-09-23,4,0.35
689414,Liam Hicks,2026-09-24,5,0.0
689414,Liam Hicks,2026-09-26,6,0.3
689414,Liam Hicks,2026-09-27,4,0.625
690022,Ryan Ritter,2026-09-02,2,0.0
690291,Jace Jung,2026-09-21,1,0.0
690291,Jace Jung,2026-09-23,1,0.9
690291,Jace Jung,2026-09-27,1,0.7
690924,Braxton Fulford,2026-09-16,4,0.175
690924,Braxton Fulford,2026-09-24,2,0.45
690976,Alex Freeland,2026-09-01,4,0.175
690976,Alex Freeland,2026-09-02,1,0.0
690976,Alex Freeland,2026-09-03,2,0.0
690976,Alex Freeland,2026-09-04,1,0.0
690976,Alex Freeland,2026-09-05,4,0.575
690976,Alex Freeland,2026-09-06,2,0.0
690976,Alex Freeland,2026-09-07,1,0.0
690976,Alex Freeland,2026-09-08,2,0.0
690976,Alex Freeland,2026-09-09,5,0.53
690976,Alex Freeland,2026-09-11,3,0.3
690976,Alex Freeland,2026-09-12,3,0.3
690976,Alex Freeland,2026-09-13,4,0.45
690976,Alex Freeland,2026-09-14,1,0.7
690976,Alex Freeland,2026-09-15,4,0.8125
690976,Alex Freeland,2026-09-16,2,0.7
690976,Alex Freeland,2026-09-17,5,0.1399999999999999
690976,Alex Freeland,2026-09-19,2,0.8
690984,Petey Halpin,2026-09-02,1,0.0
690984,Petey Halpin,2026-09-05,3,0.1
690984,Petey Halpin,2026-09-06,2,0.0
690984,Petey Halpin,2026-09-07,3,0.0
690984,Petey Halpin,2026-09-08,5,0.5
690984,Petey Halpin,2026-09-15,4,0.0
690984,Petey Halpin,2026-09-16,4,0.725
690984,Petey Halpin,2026-09-18,4,0.225
690984,Petey Halpin,2026-09-22,1,0.9
690984,Petey Halpin,2026-09-23,3,0.3
690984,Petey Halpin,2026-09-25,1,0.7
690984,Petey Halpin,2026-09-26,1,0.7
690984,Petey Halpin,2026-09-27,4,0.45
690993,Colt Keith,2026-09-02,2,0.45
690993,Colt Keith,2026-09-04,2,0.45
690993,Colt Keith,2026-09-06,4,0.225
690993,Colt Keith,2026-09-07,3,0.2333333333333333
690993,Colt Keith,2026-09-08,2,0.0
690993,Colt Keith,2026-09-09,3,0.6666666666666666
690993,Colt Keith,2026-09-11,2,0.0
690993,Colt Keith,2026-09-12,3,0.3
690993,Colt Keith,2026-09-13,5,0.39
690993,Colt Keith,2026-09-16,2,0.975
690993,Colt Keith,2026-09-17,1,0.7
690993,Colt Keith,2026-09-18,2,0.625
690993,Colt Keith,2026-09-19,3,0.0
691002,Yohandy Morales,2026-09-01,5,0.8300000000000001
691002,Yohandy Morales,2026-09-02,3,0.3
691002,Yohandy Morales,2026-09-04,2,0.625
691002,Yohandy Morales,2026-09-05,1,0.0
691002,Yohandy Morales,2026-09-07,1,0.0
691002,Yohandy Morales,2026-09-08,4,0.5
691002,Yohandy Morales,2026-09-09,3,0.0
691002,Yohandy Morales,2026-09-11,4,0.0
691002,Yohandy Morales,2026-09-13,4,0.45
691002,Yohandy Morales,2026-09-15,3,0.4166666666666667
691002,Yohandy Morales,2026-09-18,4,0.3125
691002,Yohandy Morales,2026-09-19,1,0.0
691002,Yohandy Morales,2026-09-21,1,2.0
691002,Yohandy Morales,2026-09-22,3,0.0
691002,Yohandy Morales,2026-09-23,4,0.5
691002,Yohandy Morales,2026-09-25,1,0.0
691002,Yohandy Morales,2026-09-26,3,0.0
691011,Drew Romo,2026-09-01,4,0.35
691011,Drew Romo,2026-09-02,3,0.2333333333333333
691011,Drew Romo,2026-09-27,3,0.4166666666666667
691019,Kyle Teel,2026-09-04,3,0.0
691019,Kyle Teel,2026-09-05,1,0.0
691019,Kyle Teel,2026-09-06,5,0.4
691019,Kyle Teel,2026-09-08,3,0.9666666666666668
691019,Kyle Teel,2026-09-09,3,0.2333333333333333
691019,Kyle Teel,2026-09-10,1,0.0
691019,Kyle Teel,2026-09-11,2,0.9
691019,Kyle Teel,2026-09-12,5,0.2799999999999999
691019,Kyle Teel,2026-09-13,4,0.35
691019,Kyle Teel,2026-09-14,5,0.39
691019,Kyle Teel,2026-09-15,2,0.7
691019,Kyle Teel,2026-09-16,4,0.175
691019,Kyle Teel,2026-09-18,4,0.175
691019,Kyle Teel,2026-09-19,4,0.225
691019,Kyle Teel,2026-09-20,5,0.32
691019,Kyle Teel,2026-09-22,5,0.1399999999999999
691019,Kyle Teel,2026-09-23,4,0.4
691019,Kyle Teel,2026-09-24,6,1.1800000000000002
691019,Kyle Teel,2026-09-25,4,0.225
691019,Kyle Teel,2026-09-26,4,0.45
691023,Jordan Walker,2026-09-01,5,0.8300000000000001
691023,Jordan Walker,2026-09-02,5,0.25
691023,Jordan Walker,2026-09-03,4,0.5375
691023,Jordan Walker,2026-09-04,5,0.18
691023,Jordan Walker,2026-09-05,5,0.1399999999999999
691023,Jordan Walker,2026-09-06,5,0.1399999999999999
691023,Jordan Walker,2026-09-07,5,0.32
691023,Jordan Walker,2026-09-08,4,0.0
691023,Jordan Walker,2026-09-09,1,0.0
691023,Jordan Walker,2026-09-11,4,0.5375
691023,Jordan Walker,2026-09-12,1,0.0
691023,Jordan Walker,2026-09-13,3,0.0
691023,Jordan Walker,2026-09-14,4,0.4
691023,Jordan Walker,2026-09-15,3,0.0
691023,Jordan Walker,2026-09-16,5,0.2799999999999999
691023,Jordan Walker,2026-09-18,3,0.3
691023,Jordan Walker,2026-09-19,6,0.0
691023,Jordan Walker,2026-09-20,4,0.175
691023,Jordan Walker,2026-09-22,3,0.0
691023,Jordan Walker,2026-09-23,4,0.225
691023,Jordan Walker,2026-09-24,4,0.175
691023,Jordan Walker,2026-09-25,4,0.5
691023,Jordan Walker,2026-09-26,4,0.225
691023,Jordan Walker,2026-09-27,4,0.0
691026,Masyn Winn,2026-09-08,4,0.0
691026,Masyn Winn,2026-09-11,4,0.0
691026,Masyn Winn,2026-09-12,4,0.5375
691026,Masyn Winn,2026-09-13,3,0.3
691026,Masyn Winn,2026-09-14,3,0.2333333333333333
691026,Masyn Winn,2026-09-15,3,0.3
691026,Masyn Winn,2026-09-18,2,0.0
691026,Masyn Winn,2026-09-19,5,0.36
691026,Masyn Winn,2026-09-22,3,0.2333333333333333
691026,Masyn Winn,2026-09-23,4,0.4875
691026,Masyn Winn,2026-09-24,3,0.0
691026,Masyn Winn,2026-09-25,4,0.175
691176,Jasson Domínguez,2026-09-05,1,0.0
691176,Jasson Domínguez,2026-09-06,4,0.3
691176,Jasson Domínguez,2026-09-10,5,0.1399999999999999
691181,Emmanuel Rodriguez,2026-09-12,4,0.5
691181,Emmanuel Rodriguez,2026-09-13,4,0.225
691181,Emmanuel Rodriguez,2026-09-14,4,0.625
691181,Emmanuel Rodriguez,2026-09-15,3,0.7166666666666667
691181,Emmanuel Rodriguez,2026-09-16,5,0.1399999999999999
691181,Emmanuel Rodriguez,2026-09-17,4,0.0
691181,Emmanuel Rodriguez,2026-09-18,4,0.0
691181,Emmanuel Rodriguez,2026-09-19,2,0.0
691181,Emmanuel Rodriguez,2026-09-20,4,0.3125
691181,Emmanuel Rodriguez,2026-09-21,3,0.6666666666666666
691181,Emmanuel Rodriguez,2026-09-22,3,0.5333333333333333
691181,Emmanuel Rodriguez,2026-09-23,4,0.4
691181,Emmanuel Rodriguez,2026-09-25,4,0.0
691182,Adael Amador,2026-09-01,4,0.725
691182,Adael Amador,2026-09-02,5,0.6375
691182,Adael Amador,2026-09-04,4,0.3666666666666667
691182,Adael Amador,2026-09-05,4,0.45
691182,Adael Amador,2026-09-06,4,0.0
691182,Adael Amador,2026-09-08,3,0.6666666666666666
691182,Adael Amador,2026-09-10,4,0.225
691182,Adael Amador,2026-09-11,4,0.4
691182,Adael Amador,2026-09-12,4,0.4875
691182,Adael Amador,2026-09-13,4,0.5
691182,Adael Amador,2026-09-14,5,0.32
691182,Adael Amador,2026-09-15,5,0.18
691182,Adael Amador,2026-09-16,4,0.0
691182,Adael Amador,2026-09-17,1,0.7
691182,Adael Amador,2026-09-18,4,0.0
691182,Adael Amador,2026-09-19,1,0.9
691182,Adael Amador,2026-09-20,4,0.4
691182,Adael Amador,2026-09-23,4,0.3125
691182,Adael Amador,2026-09-24,2,0.625
691182,Adael Amador,2026-09-25,4,0.175
691182,Adael Amador,2026-09-26,4,0.225
691182,Adael Amador,2026-09-27,4,0.4
691277,Deyvison De Los Santos,2026-09-04,2,0.625
691277,Deyvison De Los Santos,2026-09-05,1,0.0
691277,Deyvison De Los Santos,2026-09-08,3,0.0
691277,Deyvison De Los Santos,2026-09-15,4,0.225
691277,Deyvison De Los Santos,2026-09-18,1,0.0
691277,Deyvison De Los Santos,2026-09-19,2,0.0
691277,Deyvison De Los Santos,2026-09-20,3,0.0
691277,Deyvison De Los Santos,2026-09-22,3,0.2333333333333333
691277,Deyvison De Los Santos,2026-09-24,3,0.0
691277,Deyvison De Los Santos,2026-09-25,4,0.0
691277,Deyvison De Los Santos,2026-09-26,4,0.0
691277,Deyvison De Los Santos,2026-09-27,4,0.225
691406,Junior Caminero,2026-09-01,5,0.36
691406,Junior Caminero,2026-09-02,4,0.0
691406,Junior Caminero,2026-09-03,4,0.0
691406,Junior Caminero,2026-09-04,5,0.43
691406,Junior Caminero,2026-09-05,5,0.58
691406,Junior Caminero,2026-09-06,5,0.275
691406,Junior Caminero,2026-09-08,5,1.0
691406,Junior Caminero,2026-09-09,5,0.18
691406,Junior Caminero,2026-09-10,4,0.175
691406,Junior Caminero,2026-09-11,4,0.5
691406,Junior Caminero,2026-09-12,4,0.225
691406,Junior Caminero,2026-09-13,4,0.3125
691406,Junior Caminero,2026-09-15,4,0.5
691406,Junior Caminero,2026-09-16,4,0.3125
691406,Junior Caminero,2026-09-17,5,0.2799999999999999
691406,Junior Caminero,2026-09-18,5,0.53
691406,Junior Caminero,2026-09-19,4,0.225
691406,Junior Caminero,2026-09-20,4,0.225
691406,Junior Caminero,2026-09-22,8,0.15625
691406,Junior Caminero,2026-09-23,2,0.0
691406,Junior Caminero,2026-09-24,5,0.36
691406,Junior Caminero,2026-09-25,4,0.225
691406,Junior Caminero,2026-09-26,4,1.1
691406,Junior Caminero,2026-09-27,2,0.0
691594,Javier Sanoja,2026-09-01,4,0.45
691594,Javier Sanoja,2026-09-02,5,0.76
691594,Javier Sanoja,2026-09-03,4,0.4
691594,Javier Sanoja,2026-09-04,4,0.3125
691594,Javier Sanoja,2026-09-05,4,0.225
691594,Javier Sanoja,2026-09-06,4,0.725
691594,Javier Sanoja,2026-09-07,4,0.8
691594,Javier Sanoja,2026-09-08,4,0.225
691594,Javier Sanoja,2026-09-09,6,0.3
691594,Javier Sanoja,2026-09-11,5,0.625
691594,Javier Sanoja,2026-09-12,4,0.4333333333333333
691594,Javier Sanoja,2026-09-13,4,0.3125
691594,Javier Sanoja,2026-09-14,4,0.9
691594,Javier Sanoja,2026-09-15,5,0.18
691594,Javier Sanoja,2026-09-16,4,0.225
691594,Javier Sanoja,2026-09-18,4,0.5375
691594,Javier Sanoja,2026-09-19,5,0.1399999999999999
691594,Javier Sanoja,2026-09-20,3,0.6666666666666666
691594,Javier Sanoja,2026-09-22,6,0.44
691594,Javier Sanoja,2026-09-23,4,0.5375
691594,Javier Sanoja,2026-09-24,4,0.225
691594,Javier Sanoja,2026-09-25,4,0.45
691594,Javier Sanoja,2026-09-26,4,0.725
691594,Javier Sanoja,2026-09-27,4,0.0
691718,Pete Crow-Armstrong,2026-09-01,4,0.0
691718,Pete Crow-Armstrong,2026-09-02,5,0.4599999999999999
691718,Pete Crow-Armstrong,2026-09-03,4,0.5
691718,Pete Crow-Armstrong,2026-09-04,5,0.39
691718,Pete Crow-Armstrong,2026-09-05,5,0.32
691718,Pete Crow-Armstrong,2026-09-06,4,0.5
691718,Pete Crow-Armstrong,2026-09-07,5,0.72
691718,Pete Crow-Armstrong,2026-09-08,5,0.18
691718,Pete Crow-Armstrong,2026-09-09,4,0.4
691718,Pete Crow-Armstrong,2026-09-11,5,0.32
691718,Pete Crow-Armstrong,2026-09-12,4,0.0
691718,Pete Crow-Armstrong,2026-09-13,4,0.0
691718,Pete Crow-Armstrong,2026-09-14,5,1.01
691718,Pete Crow-Armstrong,2026-09-15,5,0.0
691718,Pete Crow-Armstrong,2026-09-16,5,1.2600000000000002
691718,Pete Crow-Armstrong,2026-09-18,5,0.0
691718,Pete Crow-Armstrong,2026-09-19,5,0.0
691718,Pete Crow-Armstrong,2026-09-20,5,0.8300000000000001
691718,Pete Crow-Armstrong,2026-09-22,6,0.65
691718,Pete Crow-Armstrong,2026-09-23,4,0.175
691718,Pete Crow-Armstrong,2026-09-24,4,0.4
691718,Pete Crow-Armstrong,2026-09-25,9,0.1777777777777777
691718,Pete Crow-Armstrong,2026-09-27,1,0.9
691720,Kyle Karros,2026-09-08,3,0.0
691720,Kyle Karros,2026-09-09,4,0.4
691720,Kyle Karros,2026-09-10,4,0.5
691720,Kyle Karros,2026-09-11,4,0.0
691720,Kyle Karros,2026-09-12,5,0.32
691720,Kyle Karros,2026-09-14,5,0.43
691720,Kyle Karros,2026-09-15,5,0.32
691720,Kyle Karros,2026-09-16,4,0.675
691720,Kyle Karros,2026-09-17,4,0.225
691720,Kyle Karros,2026-09-18,5,0.18
691720,Kyle Karros,2026-09-19,4,0.35
691720,Kyle Karros,2026-09-22,4,0.0
691720,Kyle Karros,2026-09-23,4,0.4
691720,Kyle Karros,2026-09-24,5,0.58
691720,Kyle Karros,2026-09-25,4,0.175
691720,Kyle Karros,2026-09-26,4,0.0
691720,Kyle Karros,2026-09-27,4,0.225
691723,Coby Mayo,2026-09-02,3,0.6
691723,Coby Mayo,2026-09-03,3,0.3
691723,Coby Mayo,2026-09-04,3,0.3
691723,Coby Mayo,2026-09-05,1,0.7
691723,Coby Mayo,2026-09-06,4,0.3125
691723,Coby Mayo,2026-09-07,5,0.8
691723,Coby Mayo,2026-09-08,4,0.175
691723,Coby Mayo,2026-09-09,4,0.675
691723,Coby Mayo,2026-09-11,5,0.4
691723,Coby Mayo,2026-09-12,4,0.225
691723,Coby Mayo,2026-09-13,5,0.32
691723,Coby Mayo,2026-09-14,4,0.225
691723,Coby Mayo,2026-09-15,5,0.58
691723,Coby Mayo,2026-09-16,4,0.175
691723,Coby Mayo,2026-09-18,5,0.89
691723,Coby Mayo,2026-09-19,4,0.175
691723,Coby Mayo,2026-09-20,4,0.4
691723,Coby Mayo,2026-09-21,4,0.0
691723,Coby Mayo,2026-09-23,7,0.1785714285714285
691723,Coby Mayo,2026-09-25,10,0.41
691728,Zac Veen,2026-09-01,2,1.15
691728,Zac Veen,2026-09-02,2,0.625
691728,Zac Veen,2026-09-04,3,0.45
691728,Zac Veen,2026-09-05,2,0.9
691728,Zac Veen,2026-09-06,1,0.9
691728,Zac Veen,2026-09-08,2,0.0
691728,Zac Veen,2026-09-09,3,0.5333333333333333
691728,Zac Veen,2026-09-10,2,0.35
691728,Zac Veen,2026-09-11,2,0.45
691728,Zac Veen,2026-09-13,3,0.0
691728,Zac Veen,2026-09-15,4,0.225
691728,Zac Veen,2026-09-17,4,0.0
691728,Zac Veen,2026-09-19,4,0.4
691728,Zac Veen,2026-09-22,3,0.3
691728,Zac Veen,2026-09-23,2,0.0
691728,Zac Veen,2026-09-24,2,1.625
691728,Zac Veen,2026-09-25,3,0.0
691777,Max Muncy,2026-09-01,5,0.1399999999999999
691777,Max Muncy,2026-09-03,4,0.225
691777,Max Muncy,2026-09-04,4,0.95
691777,Max Muncy,2026-09-05,4,0.725
691777,Max Muncy,2026-09-06,3,0.0
691777,Max Muncy,2026-09-07,4,0.225
691777,Max Muncy,2026-09-09,3,0.8333333333333334
691777,Max Muncy,2026-09-11,5,0.18
691777,Max Muncy,2026-09-12,1,0.9
691777,Max Muncy,2026-09-13,3,0.0
691777,Max Muncy,2026-09-16,1,0.0
691777,Max Muncy,2026-09-17,1,0.0
691781,Brady House,2026-09-01,5,0.39
691781,Brady House,2026-09-04,4,0.5375
691781,Brady House,2026-09-05,4,0.225
691781,Brady House,2026-09-06,4,0.225
691781,Brady House,2026-09-07,4,0.0
691781,Brady House,2026-09-08,4,0.3125
691781,Brady House,2026-09-09,1,0.0
691781,Brady House,2026-09-11,4,0.575
691781,Brady House,2026-09-12,5,0.0
691781,Brady House,2026-09-13,1,0.0
691781,Brady House,2026-09-15,4,0.4875
691781,Brady House,2026-09-16,1,0.0
691781,Brady House,2026-09-18,4,0.3125
691781,Brady House,2026-09-19,1,0.7
691781,Brady House,2026-09-20,3,0.8333333333333334
691781,Brady House,2026-09-21,4,0.0
691781,Brady House,2026-09-23,4,0.45
691781,Brady House,2026-09-25,4,0.4875
691781,Brady House,2026-09-26,3,0.3
691781,Brady House,2026-09-27,4,0.4
691783,Jordan Lawlar,2026-09-01,3,0.9666666666666668
691783,Jordan Lawlar,2026-09-02,3,0.0
691783,Jordan Lawlar,2026-09-04,2,0.0
691783,Jordan Lawlar,2026-09-06,4,0.175
691783,Jordan Lawlar,2026-09-07,3,0.0
691783,Jordan Lawlar,2026-09-08,1,0.0
691783,Jordan Lawlar,2026-09-09,4,0.45
691783,Jordan Lawlar,2026-09-11,4,0.3125
691783,Jordan Lawlar,2026-09-12,2,0.0
691783,Jordan Lawlar,2026-09-13,4,0.6625
691783,Jordan Lawlar,2026-09-14,4,0.725
691783,Jordan Lawlar,2026-09-15,5,0.18
691783,Jordan Lawlar,2026-09-19,4,0.4
691783,Jordan Lawlar,2026-09-20,2,0.0
691783,Jordan Lawlar,2026-09-22,5,0.3125
691783,Jordan Lawlar,2026-09-23,1,0.0
691783,Jordan Lawlar,2026-09-25,4,0.5
691783,Jordan Lawlar,2026-09-27,3,0.3
691785,Marcelo Mayer,2026-09-21,4,0.0
691785,Marcelo Mayer,2026-09-23,4,0.35
691785,Marcelo Mayer,2026-09-25,3,0.0
691785,Marcelo Mayer,2026-09-26,2,0.0
691785,Marcelo Mayer,2026-09-27,4,0.225
691788,Joe Mack,2026-09-01,3,0.3
691788,Joe Mack,2026-09-02,4,0.225
691788,Joe Mack,2026-09-03,4,0.225
691788,Joe Mack,2026-09-04,1,0.0
691788,Joe Mack,2026-09-05,3,0.0
691788,Joe Mack,2026-09-06,4,0.225
691788,Joe Mack,2026-09-07,3,0.0
691788,Joe Mack,2026-09-08,1,1.25
691788,Joe Mack,2026-09-09,5,0.76
691788,Joe Mack,2026-09-11,1,0.0
691788,Joe Mack,2026-09-12,4,0.0
691788,Joe Mack,2026-09-13,3,0.3
691788,Joe Mack,2026-09-14,4,0.4
691788,Joe Mack,2026-09-16,4,0.0
691788,Joe Mack,2026-09-18,2,0.0
691788,Joe Mack,2026-09-19,3,0.0
691788,Joe Mack,2026-09-20,2,0.45
691788,Joe Mack,2026-09-22,3,0.6
691788,Joe Mack,2026-09-23,4,0.0
691788,Joe Mack,2026-09-25,3,0.9
691858,Jared Serna,2026-09-01,1,0.0
691858,Jared Serna,2026-09-02,4,0.4
691858,Jared Serna,2026-09-04,2,0.0
691858,Jared Serna,2026-09-08,3,0.8333333333333334
691858,Jared Serna,2026-09-11,3,0.0
691858,Jared Serna,2026-09-12,1,0.0
691858,Jared Serna,2026-09-15,2,0.0
691858,Jared Serna,2026-09-22,2,0.0
691858,Jared Serna,2026-09-23,1,0.9
691858,Jared Serna,2026-09-24,3,0.0
691858,Jared Serna,2026-09-25,3,0.0
691858,Jared Serna,2026-09-26,4,0.175
691858,Jared Serna,2026-09-27,3,0.95
693304,Nick Gonzales,2026-09-01,6,0.5666666666666667
693304,Nick Gonzales,2026-09-02,5,0.32
693304,Nick Gonzales,2026-09-03,4,0.4
693304,Nick Gonzales,2026-09-04,4,0.175
693304,Nick Gonzales,2026-09-05,5,0.3125
693304,Nick Gonzales,2026-09-06,3,0.0
693304,Nick Gonzales,2026-09-09,4,0.225
693304,Nick Gonzales,2026-09-10,4,0.3125
693304,Nick Gonzales,2026-09-11,4,0.4
693304,Nick Gonzales,2026-09-13,4,0.3125
693304,Nick Gonzales,2026-09-15,4,0.625
693304,Nick Gonzales,2026-09-17,4,0.0
693304,Nick Gonzales,2026-09-18,4,0.4
693304,Nick Gonzales,2026-09-19,4,0.3125
693304,Nick Gonzales,2026-09-20,4,0.0
693304,Nick Gonzales,2026-09-23,4,0.225
693304,Nick Gonzales,2026-09-24,4,0.4
693304,Nick Gonzales,2026-09-25,4,0.4
693304,Nick Gonzales,2026-09-27,4,0.45
693306,Aaron Sabato,2026-09-21,3,0.0
693306,Aaron Sabato,2026-09-23,2,0.0
693306,Aaron Sabato,2026-09-25,1,0.0
693307,Dillon Dingler,2026-09-01,4,0.225
693307,Dillon Dingler,2026-09-04,7,0.3071428571428571
693307,Dillon Dingler,2026-09-05,5,0.0
693307,Dillon Dingler,2026-09-06,4,0.225
693307,Dillon Dingler,2026-09-07,4,0.0
693307,Dillon Dingler,2026-09-09,4,0.225
693307,Dillon Dingler,2026-09-11,4,0.5
693307,Dillon Dingler,2026-09-13,4,0.0
693307,Dillon Dingler,2026-09-14,4,0.225
693307,Dillon Dingler,2026-09-16,4,0.0
693307,Dillon Dingler,2026-09-17,4,0.3125
693307,Dillon Dingler,2026-09-18,3,0.3
693307,Dillon Dingler,2026-09-19,4,0.225
693307,Dillon Dingler,2026-09-21,4,0.7125
693307,Dillon Dingler,2026-09-23,4,0.175
693307,Dillon Dingler,2026-09-25,5,0.36
693307,Dillon Dingler,2026-09-26,4,0.225
693409,César Prieto,2026-09-05,1,0.0
693409,César Prieto,2026-09-07,1,0.7
693409,César Prieto,2026-09-18,2,0.0
693409,César Prieto,2026-09-27,4,0.4
694192,Jackson Chourio,2026-09-01,5,0.36
694192,Jackson Chourio,2026-09-02,6,0.8416666666666667
694192,Jackson Chourio,2026-09-03,4,0.0
694192,Jackson Chourio,2026-09-04,5,0.18
694192,Jackson Chourio,2026-09-05,5,0.18
694192,Jackson Chourio,2026-09-06,5,0.1399999999999999
694192,Jackson Chourio,2026-09-07,4,0.225
694192,Jackson Chourio,2026-09-08,5,1.01
694192,Jackson Chourio,2026-09-09,5,0.76
694192,Jackson Chourio,2026-09-11,6,0.7166666666666667
694192,Jackson Chourio,2026-09-12,5,0.4599999999999999
694192,Jackson Chourio,2026-09-13,4,0.0
694192,Jackson Chourio,2026-09-15,5,0.0
694192,Jackson Chourio,2026-09-16,5,0.18
694192,Jackson Chourio,2026-09-17,5,0.1399999999999999
694192,Jackson Chourio,2026-09-18,6,0.6
694192,Jackson Chourio,2026-09-19,4,0.0
694192,Jackson Chourio,2026-09-20,4,0.4
694192,Jackson Chourio,2026-09-22,4,0.175
694192,Jackson Chourio,2026-09-23,4,0.225
694192,Jackson Chourio,2026-09-24,2,1.35
694192,Jackson Chourio,2026-09-25,2,0.8
694192,Jackson Chourio,2026-09-26,4,0.45
694192,Jackson Chourio,2026-09-27,4,0.675
694197,Angel Genao,2026-09-01,2,1.0
694197,Angel Genao,2026-09-02,3,0.0
694197,Angel Genao,2026-09-03,5,0.32
694197,Angel Genao,2026-09-04,8,0.26875
694197,Angel Genao,2026-09-05,3,0.3
694197,Angel Genao,2026-09-06,4,0.0
694197,Angel Genao,2026-09-07,4,0.0
694197,Angel Genao,2026-09-09,4,0.45
694197,Angel Genao,2026-09-11,1,0.7
694197,Angel Genao,2026-09-13,5,0.1399999999999999
694197,Angel Genao,2026-09-15,4,0.0
694197,Angel Genao,2026-09-16,4,0.175
694197,Angel Genao,2026-09-19,1,0.0
694197,Angel Genao,2026-09-20,3,0.0
694197,Angel Genao,2026-09-22,1,0.0
694197,Angel Genao,2026-09-23,1,0.0
694197,Angel Genao,2026-09-26,1,0.7
694197,Angel Genao,2026-09-27,4,0.225
694203,Denzer Guzman,2026-09-05,4,0.225
694203,Denzer Guzman,2026-09-06,1,0.0
694203,Denzer Guzman,2026-09-07,1,0.0
694203,Denzer Guzman,2026-09-08,4,0.225
694203,Denzer Guzman,2026-09-09,4,0.95
694203,Denzer Guzman,2026-09-11,3,0.0
694203,Denzer Guzman,2026-09-12,4,0.4875
694203,Denzer Guzman,2026-09-13,4,0.0
694203,Denzer Guzman,2026-09-14,4,0.225
694203,Denzer Guzman,2026-09-15,4,0.0
694203,Denzer Guzman,2026-09-16,5,0.72
694203,Denzer Guzman,2026-09-17,4,0.225
694203,Denzer Guzman,2026-09-18,4,0.0
694203,Denzer Guzman,2026-09-19,5,0.32
694203,Denzer Guzman,2026-09-20,3,0.2333333333333333
694203,Denzer Guzman,2026-09-22,5,0.54
694203,Denzer Guzman,2026-09-23,4,0.0
694203,Denzer Guzman,2026-09-24,5,0.1399999999999999
694203,Denzer Guzman,2026-09-26,5,0.18
694203,Denzer Guzman,2026-09-27,4,0.225
694208,Moisés Ballesteros,2026-09-01,4,0.225
694208,Moisés Ballesteros,2026-09-02,4,0.5
694208,Moisés Ballesteros,2026-09-04,3,0.5333333333333333
694208,Moisés Ballesteros,2026-09-05,4,0.225
694208,Moisés Ballesteros,2026-09-06,3,0.0
694208,Moisés Ballesteros,2026-09-07,4,1.0375
694208,Moisés Ballesteros,2026-09-08,4,0.45
694208,Moisés Ballesteros,2026-09-11,3,0.2333333333333333
694208,Moisés Ballesteros,2026-09-12,2,0.0
694208,Moisés Ballesteros,2026-09-13,4,0.675
694208,Moisés Ballesteros,2026-09-15,4,0.45
694208,Moisés Ballesteros,2026-09-16,5,0.64
694208,Moisés Ballesteros,2026-09-17,4,0.225
694208,Moisés Ballesteros,2026-09-18,1,0.0
694208,Moisés Ballesteros,2026-09-19,6,0.0
694208,Moisés Ballesteros,2026-09-20,4,0.0
694208,Moisés Ballesteros,2026-09-22,5,0.32
694208,Moisés Ballesteros,2026-09-23,2,0.0
694208,Moisés Ballesteros,2026-09-24,5,0.32
694208,Moisés Ballesteros,2026-09-25,4,0.0
694208,Moisés Ballesteros,2026-09-27,4,0.175
694212,Samuel Basallo,2026-09-01,4,0.7666666666666666
694212,Samuel Basallo,2026-09-02,5,0.32
694212,Samuel Basallo,2026-09-03,1,0.0
694212,Samuel Basallo,2026-09-04,1,0.0
694212,Samuel Basallo,2026-09-05,4,0.0
694212,Samuel Basallo,2026-09-07,4,0.625
694212,Samuel Basallo,2026-09-08,4,0.0
694212,Samuel Basallo,2026-09-11,4,0.4
694212,Samuel Basallo,2026-09-12,1,0.0
694212,Samuel Basallo,2026-09-13,3,0.0
694212,Samuel Basallo,2026-09-14,2,0.0
694212,Samuel Basallo,2026-09-16,4,0.725
694212,Samuel Basallo,2026-09-18,5,0.18
694212,Samuel Basallo,2026-09-19,3,0.0
694212,Samuel Basallo,2026-09-20,4,0.175
694212,Samuel Basallo,2026-09-21,2,0.0
694224,Gabriel Gonzalez,2026-09-01,1,0.0
694224,Gabriel Gonzalez,2026-09-04,2,0.0
694224,Gabriel Gonzalez,2026-09-05,2,0.45
694224,Gabriel Gonzalez,2026-09-06,1,0.9
694249,Cole Carrigg,2026-09-01,4,0.0
694249,Cole Carrigg,2026-09-02,5,0.61
694249,Cole Carrigg,2026-09-04,5,0.72
694249,Cole Carrigg,2026-09-05,4,0.45
694249,Cole Carrigg,2026-09-06,4,0.225
694249,Cole Carrigg,2026-09-08,4,0.0
694249,Cole Carrigg,2026-09-09,4,0.175
694249,Cole Carrigg,2026-09-10,3,0.4166666666666667
694249,Cole Carrigg,2026-09-11,4,0.675
694249,Cole Carrigg,2026-09-12,5,0.05
694249,Cole Carrigg,2026-09-13,4,0.0
694249,Cole Carrigg,2026-09-14,5,0.58
694249,Cole Carrigg,2026-09-15,5,1.23
694249,Cole Carrigg,2026-09-16,4,0.0
694249,Cole Carrigg,2026-09-17,4,0.225
694249,Cole Carrigg,2026-09-18,5,0.54
694249,Cole Carrigg,2026-09-19,4,0.225
694249,Cole Carrigg,2026-09-20,4,0.225
694249,Cole Carrigg,2026-09-22,4,0.4
694249,Cole Carrigg,2026-09-23,4,0.0
694249,Cole Carrigg,2026-09-24,5,0.94
694249,Cole Carrigg,2026-09-25,2,0.0
694249,Cole Carrigg,2026-09-26,5,0.61
694249,Cole Carrigg,2026-09-27,4,0.5
694371,Tommy Troy,2026-09-06,3,0.1
694371,Tommy Troy,2026-09-08,3,0.3
694371,Tommy Troy,2026-09-11,1,0.0
694371,Tommy Troy,2026-09-13,2,0.0
694374,Tim Tawa,2026-09-01,4,0.3
694374,Tim Tawa,2026-09-02,3,0.0
694374,Tim Tawa,2026-09-04,4,0.175
694374,Tim Tawa,2026-09-05,4,0.4
694374,Tim Tawa,2026-09-06,3,0.3
694374,Tim Tawa,2026-09-07,3,0.3
694374,Tim Tawa,2026-09-08,5,0.76
694374,Tim Tawa,2026-09-09,4,0.225
694374,Tim Tawa,2026-09-12,4,0.575
694374,Tim Tawa,2026-09-13,4,0.3125
694374,Tim Tawa,2026-09-14,4,0.175
694374,Tim Tawa,2026-09-16,4,0.0
694374,Tim Tawa,2026-09-18,3,0.0
694374,Tim Tawa,2026-09-19,4,0.3
694374,Tim Tawa,2026-09-20,4,0.0
694374,Tim Tawa,2026-09-22,4,0.4875
694374,Tim Tawa,2026-09-23,3,0.6666666666666666
694374,Tim Tawa,2026-09-24,5,0.0
694374,Tim Tawa,2026-09-25,5,0.32
694374,Tim Tawa,2026-09-26,4,0.675
694374,Tim Tawa,2026-09-27,4,0.225
694376,Shay Whitcomb,2026-09-01,4,0.3666666666666667
694376,Shay Whitcomb,2026-09-02,4,0.3125
694376,Shay Whitcomb,2026-09-03,2,0.7
694376,Shay Whitcomb,2026-09-05,4,0.225
694376,Shay Whitcomb,2026-09-07,5,0.36
694376,Shay Whitcomb,2026-09-08,4,0.225
694376,Shay Whitcomb,2026-09-09,4,0.3125
694376,Shay Whitcomb,2026-09-11,3,0.0
694376,Shay Whitcomb,2026-09-12,3,0.6666666666666666
694376,Shay Whitcomb,2026-09-13,4,0.45
694376,Shay Whitcomb,2026-09-14,3,0.3
694376,Shay Whitcomb,2026-09-15,1,0.0
694376,Shay Whitcomb,2026-09-16,6,0.36
694376,Shay Whitcomb,2026-09-18,3,0.0
694376,Shay Whitcomb,2026-09-19,4,0.0
694376,Shay Whitcomb,2026-09-20,3,0.3
694376,Shay Whitcomb,2026-09-22,4,0.4
694376,Shay Whitcomb,2026-09-23,4,0.45
694376,Shay Whitcomb,2026-09-25,2,0.0
694376,Shay Whitcomb,2026-09-26,2,0.9
694376,Shay Whitcomb,2026-09-27,2,0.45
694377,Nick Yorke,2026-09-01,1,0.7
694377,Nick Yorke,2026-09-03,2,1.1
694377,Nick Yorke,2026-09-05,2,0.35
694378,Jacob Gonzalez,2026-09-01,4,0.8875
694378,Jacob Gonzalez,2026-09-02,1,1.25
694378,Jacob Gonzalez,2026-09-03,2,0.0
694378,Jacob Gonzalez,2026-09-04,3,0.3
694378,Jacob Gonzalez,2026-09-06,3,0.0
694378,Jacob Gonzalez,2026-09-08,5,0.18
694378,Jacob Gonzalez,2026-09-09,2,0.45
694378,Jacob Gonzalez,2026-09-11,1,0.0
694378,Jacob Gonzalez,2026-09-12,3,0.5333333333333333
694378,Jacob Gonzalez,2026-09-16,2,0.0
694378,Jacob Gonzalez,2026-09-22,2,0.0
694378,Jacob Gonzalez,2026-09-26,2,1.0
694378,Jacob Gonzalez,2026-09-27,4,0.175
694388,Joey Loperfido,2026-09-16,1,0.0
694497,Evan Carter,2026-09-01,4,0.3666666666666667
694497,Evan Carter,2026-09-02,1,0.0
694497,Evan Carter,2026-09-03,2,0.8
694497,Evan Carter,2026-09-04,4,0.4
694497,Evan Carter,2026-09-05,4,0.5
694497,Evan Carter,2026-09-06,3,0.0
694497,Evan Carter,2026-09-08,5,0.36
694497,Evan Carter,2026-09-09,2,0.0
694497,Evan Carter,2026-09-10,4,0.35
694497,Evan Carter,2026-09-11,4,0.175
694497,Evan Carter,2026-09-12,1,0.9
694497,Evan Carter,2026-09-13,2,0.0
694497,Evan Carter,2026-09-15,2,0.0
694497,Evan Carter,2026-09-17,3,0.1
694497,Evan Carter,2026-09-18,4,0.225
694497,Evan Carter,2026-09-19,4,0.0
694497,Evan Carter,2026-09-20,4,0.675
694497,Evan Carter,2026-09-23,3,0.0
694497,Evan Carter,2026-09-24,1,0.7
694497,Evan Carter,2026-09-25,3,0.0
694497,Evan Carter,2026-09-26,4,0.5375
694497,Evan Carter,2026-09-27,2,0.2
694671,Wyatt Langford,2026-09-01,5,0.43
694671,Wyatt Langford,2026-09-02,4,0.175
694671,Wyatt Langford,2026-09-03,4,0.4875
694671,Wyatt Langford,2026-09-04,4,0.0
694671,Wyatt Langford,2026-09-05,4,0.0
694671,Wyatt Langford,2026-09-06,5,0.4499999999999999
694671,Wyatt Langford,2026-09-08,5,0.54
694671,Wyatt Langford,2026-09-09,4,0.0
694671,Wyatt Langford,2026-09-10,4,0.35
694671,Wyatt Langford,2026-09-11,4,0.225
694671,Wyatt Langford,2026-09-12,4,0.8125
694671,Wyatt Langford,2026-09-13,4,0.0
694671,Wyatt Langford,2026-09-15,4,0.0
694671,Wyatt Langford,2026-09-16,4,0.4
694671,Wyatt Langford,2026-09-17,4,0.35
694671,Wyatt Langford,2026-09-18,5,0.78
694671,Wyatt Langford,2026-09-19,4,0.6625
694671,Wyatt Langford,2026-09-20,5,0.4599999999999999
694671,Wyatt Langford,2026-09-22,4,0.0
694671,Wyatt Langford,2026-09-23,4,0.0
694671,Wyatt Langford,2026-09-24,3,0.6
694671,Wyatt Langford,2026-09-25,4,0.175
694671,Wyatt Langford,2026-09-26,6,0.18
694671,Wyatt Langford,2026-09-27,4,0.225
694673,Abimelec Ortiz,2026-09-01,3,0.0
694673,Abimelec Ortiz,2026-09-02,4,0.0
694673,Abimelec Ortiz,2026-09-04,2,0.45
694673,Abimelec Ortiz,2026-09-05,3,0.0
694673,Abimelec Ortiz,2026-09-06,1,0.0
694673,Abimelec Ortiz,2026-09-07,4,0.225
694673,Abimelec Ortiz,2026-09-08,3,0.4166666666666667
694673,Abimelec Ortiz,2026-09-11,1,0.0
694673,Abimelec Ortiz,2026-09-12,3,1.275
694673,Abimelec Ortiz,2026-09-13,3,0.0
694673,Abimelec Ortiz,2026-09-15,1,0.0
694673,Abimelec Ortiz,2026-09-16,4,0.175
694673,Abimelec Ortiz,2026-09-19,3,0.0
694673,Abimelec Ortiz,2026-09-20,1,0.0
694673,Abimelec Ortiz,2026-09-21,3,0.0
694673,Abimelec Ortiz,2026-09-25,1,0.0
694673,Abimelec Ortiz,2026-09-26,4,0.0
694728,Brice Matthews,2026-09-20,4,0.225
694728,Brice Matthews,2026-09-22,3,0.5333333333333333
695257,Billy Cook,2026-09-09,1,0.7
695257,Billy Cook,2026-09-11,1,0.0
695257,Billy Cook,2026-09-26,1,0.0
695257,Billy Cook,2026-09-27,4,0.3125
695336,Thomas Saggese,2026-09-01,5,0.94
695336,Thomas Saggese,2026-09-02,4,0.725
695336,Thomas Saggese,2026-09-03,4,0.4
695336,Thomas Saggese,2026-09-04,4,0.4875
695336,Thomas Saggese,2026-09-05,4,0.7124999999999999
695336,Thomas Saggese,2026-09-06,4,0.5375
695336,Thomas Saggese,2026-09-07,5,0.36
695336,Thomas Saggese,2026-09-08,4,0.225
695336,Thomas Saggese,2026-09-09,4,0.175
695336,Thomas Saggese,2026-09-11,4,0.225
695336,Thomas Saggese,2026-09-12,4,0.225
695336,Thomas Saggese,2026-09-13,3,0.0
695336,Thomas Saggese,2026-09-14,4,0.45
695336,Thomas Saggese,2026-09-15,4,0.225
695336,Thomas Saggese,2026-09-16,5,0.36
695336,Thomas Saggese,2026-09-18,4,0.175
695336,Thomas Saggese,2026-09-19,5,0.1399999999999999
695336,Thomas Saggese,2026-09-20,4,0.0
695336,Thomas Saggese,2026-09-22,3,0.2333333333333333
695336,Thomas Saggese,2026-09-24,4,0.175
695336,Thomas Saggese,2026-09-25,4,0.0
695336,Thomas Saggese,2026-09-26,3,0.45
695336,Thomas Saggese,2026-09-27,4,0.225
695391,Brett Harris,2026-09-09,2,0.35
695391,Brett Harris,2026-09-13,2,0.0
695391,Brett Harris,2026-09-14,3,0.1
695391,Brett Harris,2026-09-15,2,0.625
695391,Brett Harris,2026-09-16,4,0.225
695391,Brett Harris,2026-09-18,4,0.225
695391,Brett Harris,2026-09-19,3,0.4166666666666667
695391,Brett Harris,2026-09-20,4,0.175
695391,Brett Harris,2026-09-21,4,0.45
695391,Brett Harris,2026-09-22,2,0.35
695391,Brett Harris,2026-09-23,3,0.0
695391,Brett Harris,2026-09-25,4,0.0
695391,Brett Harris,2026-09-26,4,0.0
695391,Brett Harris,2026-09-27,1,0.0
695490,Edwin Arroyo,2026-09-01,3,0.65
695490,Edwin Arroyo,2026-09-02,4,0.0
695490,Edwin Arroyo,2026-09-04,2,0.0
695491,Joshua Báez,2026-09-01,4,0.675
695491,Joshua Báez,2026-09-02,2,1.25
695491,Joshua Báez,2026-09-03,4,0.4
695491,Joshua Báez,2026-09-04,4,0.225
695491,Joshua Báez,2026-09-05,4,0.725
695491,Joshua Báez,2026-09-06,4,0.625
695491,Joshua Báez,2026-09-07,5,0.18
695491,Joshua Báez,2026-09-08,2,0.0
695491,Joshua Báez,2026-09-09,4,0.3125
695491,Joshua Báez,2026-09-11,4,0.85
695491,Joshua Báez,2026-09-12,4,0.0
695491,Joshua Báez,2026-09-14,4,0.0
695491,Joshua Báez,2026-09-16,4,0.0
695506,Jac Caglianone,2026-09-01,4,0.175
695506,Jac Caglianone,2026-09-02,5,0.25
695506,Jac Caglianone,2026-09-03,4,0.5375
695506,Jac Caglianone,2026-09-04,4,0.0
695506,Jac Caglianone,2026-09-05,1,0.9
695506,Jac Caglianone,2026-09-12,1,0.0
695506,Jac Caglianone,2026-09-13,3,0.2333333333333333
695506,Jac Caglianone,2026-09-15,4,0.0
695506,Jac Caglianone,2026-09-16,1,0.0
695506,Jac Caglianone,2026-09-17,3,0.2333333333333333
695506,Jac Caglianone,2026-09-19,5,0.64
695506,Jac Caglianone,2026-09-20,4,0.625
695506,Jac Caglianone,2026-09-22,5,0.43
695506,Jac Caglianone,2026-09-23,4,0.225
695506,Jac Caglianone,2026-09-25,5,0.61
695506,Jac Caglianone,2026-09-26,4,0.625
695506,Jac Caglianone,2026-09-27,4,0.5375
695578,James Wood,2026-09-02,4,0.225
695578,James Wood,2026-09-04,5,0.5
695578,James Wood,2026-09-05,5,0.32
695578,James Wood,2026-09-06,5,0.675
695578,James Wood,2026-09-07,4,0.3125
695578,James Wood,2026-09-08,4,0.0
695578,James Wood,2026-09-09,4,0.4
695578,James Wood,2026-09-11,4,0.4
695578,James Wood,2026-09-12,5,0.32
695578,James Wood,2026-09-13,5,0.5
695578,James Wood,2026-09-15,1,0.0
695578,James Wood,2026-09-16,4,0.0
695578,James Wood,2026-09-18,4,0.4875
695578,James Wood,2026-09-19,5,0.36
695578,James Wood,2026-09-20,4,0.0
695578,James Wood,2026-09-21,4,0.225
695578,James Wood,2026-09-22,4,0.225
695578,James Wood,2026-09-23,4,0.0
695578,James Wood,2026-09-25,5,0.64
695578,James Wood,2026-09-26,4,0.45
695578,James Wood,2026-09-27,4,0.175
695600,Carter Jensen,2026-09-01,4,0.5375
695600,Carter Jensen,2026-09-02,5,0.94
695600,Carter Jensen,2026-09-03,4,1.2125
695600,Carter Jensen,2026-09-04,4,0.3125
695600,Carter Jensen,2026-09-05,4,0.175
695600,Carter Jensen,2026-09-07,5,0.39
695600,Carter Jensen,2026-09-08,5,0.2799999999999999
695600,Carter Jensen,2026-09-09,4,0.675
695600,Carter Jensen,2026-09-11,5,0.5
695600,Carter Jensen,2026-09-12,4,0.5
695600,Carter Jensen,2026-09-13,2,0.45
695600,Carter Jensen,2026-09-15,4,0.3125
695600,Carter Jensen,2026-09-16,5,0.39
695600,Carter Jensen,2026-09-17,4,0.625
695600,Carter Jensen,2026-09-18,4,0.0
695600,Carter Jensen,2026-09-19,5,0.4
695600,Carter Jensen,2026-09-22,5,0.32
695600,Carter Jensen,2026-09-23,4,0.675
695600,Carter Jensen,2026-09-24,4,0.0
695600,Carter Jensen,2026-09-25,5,0.8
695600,Carter Jensen,2026-09-26,5,0.64
695657,Colson Montgomery,2026-09-01,5,0.7124999999999999
695657,Colson Montgomery,2026-09-02,4,0.175
695657,Colson Montgomery,2026-09-03,4,0.0
695657,Colson Montgomery,2026-09-04,4,0.5
695657,Colson Montgomery,2026-09-05,4,0.5
695657,Colson Montgomery,2026-09-06,5,0.2799999999999999
695657,Colson Montgomery,2026-09-08,4,0.0
695657,Colson Montgomery,2026-09-09,4,0.0
695657,Colson Montgomery,2026-09-10,3,0.4166666666666667
695657,Colson Montgomery,2026-09-11,5,0.1399999999999999
695657,Colson Montgomery,2026-09-12,4,0.5249999999999999
695657,Colson Montgomery,2026-09-13,4,0.175
695657,Colson Montgomery,2026-09-14,5,0.32
695657,Colson Montgomery,2026-09-15,2,0.0
695657,Colson Montgomery,2026-09-16,2,0.35
695657,Colson Montgomery,2026-09-18,4,0.5375
695657,Colson Montgomery,2026-09-19,3,0.0
695657,Colson Montgomery,2026-09-20,5,0.4599999999999999
695657,Colson Montgomery,2026-09-22,5,0.0
695657,Colson Montgomery,2026-09-23,4,0.0
695657,Colson Montgomery,2026-09-24,4,0.0
695657,Colson Montgomery,2026-09-25,3,0.0
695657,Colson Montgomery,2026-09-26,2,0.0
695657,Colson Montgomery,2026-09-27,4,0.0
695670,Harry Ford,2026-09-01,5,0.5
695670,Harry Ford,2026-09-02,2,0.0
695670,Harry Ford,2026-09-04,3,0.0
695670,Harry Ford,2026-09-06,4,0.6625
695670,Harry Ford,2026-09-08,3,0.0
695670,Harry Ford,2026-09-11,3,0.2333333333333333
695670,Harry Ford,2026-09-12,1,0.9
695670,Harry Ford,2026-09-15,3,0.3
695670,Harry Ford,2026-09-18,4,0.175
695670,Harry Ford,2026-09-20,3,0.3
695670,Harry Ford,2026-09-23,3,0.2333333333333333
695670,Harry Ford,2026-09-27,4,0.4875
695681,Christian Moore,2026-09-01,4,0.4
695681,Christian Moore,2026-09-02,4,0.0
695681,Christian Moore,2026-09-04,3,0.0
695681,Christian Moore,2026-09-05,4,0.0
695681,Christian Moore,2026-09-06,4,0.225
695681,Christian Moore,2026-09-07,4,0.225
695681,Christian Moore,2026-09-08,4,0.45
695681,Christian Moore,2026-09-09,4,0.175
695681,Christian Moore,2026-09-11,4,0.5375
695681,Christian Moore,2026-09-12,5,0.1399999999999999
695681,Christian Moore,2026-09-13,4,0.0
695681,Christian Moore,2026-09-14,4,0.0
695681,Christian Moore,2026-09-15,3,0.0
695681,Christian Moore,2026-09-16,4,0.0
695681,Christian Moore,2026-09-18,3,0.3
695681,Christian Moore,2026-09-19,1,0.9
695681,Christian Moore,2026-09-20,3,0.2333333333333333
695681,Christian Moore,2026-09-22,5,0.36
695681,Christian Moore,2026-09-23,4,0.0
695681,Christian Moore,2026-09-24,4,0.7125
695681,Christian Moore,2026-09-25,4,0.5
695681,Christian Moore,2026-09-26,4,0.575
695681,Christian Moore,2026-09-27,4,0.175
695720,Tommy White,2026-09-08,4,0.0
695720,Tommy White,2026-09-09,3,0.3
695720,Tommy White,2026-09-11,4,0.225
695720,Tommy White,2026-09-12,1,0.0
695720,Tommy White,2026-09-15,1,0.0
695720,Tommy White,2026-09-16,4,0.95
695720,Tommy White,2026-09-17,4,0.0
695720,Tommy White,2026-09-18,3,0.2333333333333333
695720,Tommy White,2026-09-19,1,0.0
695720,Tommy White,2026-09-20,4,0.0
695720,Tommy White,2026-09-22,2,0.9
695720,Tommy White,2026-09-23,1,0.0
695720,Tommy White,2026-09-24,1,0.0
695720,Tommy White,2026-09-25,4,0.225
695720,Tommy White,2026-09-26,3,0.6
695720,Tommy White,2026-09-27,2,0.0
695731,Braden Montgomery,2026-09-02,3,0.2333333333333333
695731,Braden Montgomery,2026-09-03,4,0.4
695731,Braden Montgomery,2026-09-04,3,0.6666666666666666
695731,Braden Montgomery,2026-09-05,4,0.0
695731,Braden Montgomery,2026-09-06,5,0.2799999999999999
695731,Braden Montgomery,2026-09-08,3,0.3
695731,Braden Montgomery,2026-09-09,4,0.6625
695731,Braden Montgomery,2026-09-10,3,0.0
695731,Braden Montgomery,2026-09-11,4,0.0
695731,Braden Montgomery,2026-09-12,4,0.4
695731,Braden Montgomery,2026-09-13,1,0.0
695731,Braden Montgomery,2026-09-14,4,0.175
695731,Braden Montgomery,2026-09-15,2,0.0
695731,Braden Montgomery,2026-09-17,3,0.0
695731,Braden Montgomery,2026-09-18,2,0.0
695731,Braden Montgomery,2026-09-19,3,0.4166666666666667
695731,Braden Montgomery,2026-09-20,4,0.5375
695731,Braden Montgomery,2026-09-22,4,0.225
695731,Braden Montgomery,2026-09-23,4,0.675
695731,Braden Montgomery,2026-09-24,5,0.43
695731,Braden Montgomery,2026-09-25,3,0.6
695731,Braden Montgomery,2026-09-26,1,0.0
695731,Braden Montgomery,2026-09-27,4,0.225
695734,Daylen Lile,2026-09-01,5,0.2799999999999999
695734,Daylen Lile,2026-09-02,3,0.0
695734,Daylen Lile,2026-09-04,2,0.0
695734,Daylen Lile,2026-09-05,5,0.43
695734,Daylen Lile,2026-09-06,4,0.625
695734,Daylen Lile,2026-09-07,3,0.0
695734,Daylen Lile,2026-09-08,4,0.0
695734,Daylen Lile,2026-09-09,4,0.0
695734,Daylen Lile,2026-09-11,2,0.0
695734,Daylen Lile,2026-09-12,5,0.1
695734,Daylen Lile,2026-09-13,4,0.625
695734,Daylen Lile,2026-09-15,1,2.0
695734,Daylen Lile,2026-09-16,4,0.45
695734,Daylen Lile,2026-09-18,5,0.32
695734,Daylen Lile,2026-09-19,6,0.3333333333333333
695734,Daylen Lile,2026-09-20,4,0.5375
695734,Daylen Lile,2026-09-21,4,0.0
695734,Daylen Lile,2026-09-22,4,0.0
695734,Daylen Lile,2026-09-23,1,0.0
695734,Daylen Lile,2026-09-25,4,0.45
695734,Daylen Lile,2026-09-26,4,0.0
695734,Daylen Lile,2026-09-27,4,0.0
696030,Alejandro Osuna,2026-09-15,1,0.0
696030,Alejandro Osuna,2026-09-20,4,0.45
696030,Alejandro Osuna,2026-09-22,1,0.0
696030,Alejandro Osuna,2026-09-25,2,0.35
696030,Alejandro Osuna,2026-09-26,3,0.7166666666666667
696030,Alejandro Osuna,2026-09-27,2,0.0
696100,Hunter Goodman,2026-09-01,4,0.0
696100,Hunter Goodman,2026-09-02,5,0.25
696100,Hunter Goodman,2026-09-04,5,0.1399999999999999
696100,Hunter Goodman,2026-09-05,5,0.18
696100,Hunter Goodman,2026-09-06,2,0.35
696100,Hunter Goodman,2026-09-08,4,0.5
696100,Hunter Goodman,2026-09-09,4,0.0
696100,Hunter Goodman,2026-09-10,5,0.0
696100,Hunter Goodman,2026-09-11,4,0.0
696100,Hunter Goodman,2026-09-12,5,0.54
696100,Hunter Goodman,2026-09-14,4,0.8875
696100,Hunter Goodman,2026-09-18,5,0.18
696100,Hunter Goodman,2026-09-19,4,0.4
696100,Hunter Goodman,2026-09-20,4,0.5
696100,Hunter Goodman,2026-09-22,4,0.225
696100,Hunter Goodman,2026-09-23,4,0.45
696100,Hunter Goodman,2026-09-24,5,0.18
696100,Hunter Goodman,2026-09-25,4,0.3125
696100,Hunter Goodman,2026-09-26,5,0.8
696100,Hunter Goodman,2026-09-27,4,0.1333333333333333
696285,Jacob Young,2026-09-01,4,0.45
696285,Jacob Young,2026-09-04,2,0.7
696285,Jacob Young,2026-09-06,4,0.45
696285,Jacob Young,2026-09-07,3,0.0
696285,Jacob Young,2026-09-08,1,0.0
696285,Jacob Young,2026-09-09,3,0.3
696285,Jacob Young,2026-09-11,2,0.0
696285,Jacob Young,2026-09-12,3,0.3
696285,Jacob Young,2026-09-13,4,0.3125
696285,Jacob Young,2026-09-15,4,0.175
696285,Jacob Young,2026-09-18,4,0.4875
696285,Jacob Young,2026-09-19,1,0.7
696285,Jacob Young,2026-09-20,3,0.3
696285,Jacob Young,2026-09-21,3,0.7166666666666667
696285,Jacob Young,2026-09-23,4,0.0
696285,Jacob Young,2026-09-25,4,0.45
696285,Jacob Young,2026-09-27,4,0.225
699013,Esmerlyn Valdez,2026-09-01,5,0.18
699013,Esmerlyn Valdez,2026-09-02,5,0.1399999999999999
699013,Esmerlyn Valdez,2026-09-05,4,0.175
699013,Esmerlyn Valdez,2026-09-06,3,0.0
699013,Esmerlyn Valdez,2026-09-08,5,0.39
699013,Esmerlyn Valdez,2026-09-09,3,0.9
699013,Esmerlyn Valdez,2026-09-11,3,0.0
699024,Leo Bernal,2026-09-01,5,0.18
699024,Leo Bernal,2026-09-02,4,0.5
699024,Leo Bernal,2026-09-03,4,0.45
699024,Leo Bernal,2026-09-04,4,0.6625
699024,Leo Bernal,2026-09-05,5,0.36
699024,Leo Bernal,2026-09-06,5,0.32
699024,Leo Bernal,2026-09-07,5,0.18
699024,Leo Bernal,2026-09-08,4,0.35
699024,Leo Bernal,2026-09-09,4,0.5
699024,Leo Bernal,2026-09-11,4,0.7625
699024,Leo Bernal,2026-09-12,5,0.4
699024,Leo Bernal,2026-09-13,3,0.0
699024,Leo Bernal,2026-09-14,4,0.7625
699024,Leo Bernal,2026-09-15,4,0.0
699024,Leo Bernal,2026-09-16,5,0.18
699024,Leo Bernal,2026-09-18,4,0.675
699024,Leo Bernal,2026-09-19,6,0.15
699024,Leo Bernal,2026-09-20,4,0.9
699024,Leo Bernal,2026-09-22,3,0.0
699024,Leo Bernal,2026-09-23,4,0.225
699024,Leo Bernal,2026-09-24,4,0.0
699024,Leo Bernal,2026-09-25,4,0.45
699024,Leo Bernal,2026-09-26,4,0.0
699024,Leo Bernal,2026-09-27,4,0.85
699115,Carlos Jorge,2026-09-04,1,0.0
699115,Carlos Jorge,2026-09-05,4,0.0
699115,Carlos Jorge,2026-09-07,4,0.45
699115,Carlos Jorge,2026-09-09,4,0.0
699115,Carlos Jorge,2026-09-11,3,0.0
699115,Carlos Jorge,2026-09-14,1,0.0
699115,Carlos Jorge,2026-09-15,3,0.2333333333333333
699115,Carlos Jorge,2026-09-17,1,0.0
699115,Carlos Jorge,2026-09-18,4,0.575
699115,Carlos Jorge,2026-09-19,1,0.0
699115,Carlos Jorge,2026-09-20,1,0.9
699115,Carlos Jorge,2026-09-22,5,0.18
699115,Carlos Jorge,2026-09-24,4,0.5
699115,Carlos Jorge,2026-09-25,5,0.36
699115,Carlos Jorge,2026-09-26,5,0.4599999999999999
699115,Carlos Jorge,2026-09-27,4,0.45
699302,Héctor Rodríguez,2026-09-01,4,0.5375
699302,Héctor Rodríguez,2026-09-02,5,0.4
699302,Héctor Rodríguez,2026-09-04,4,0.175
699302,Héctor Rodríguez,2026-09-05,4,0.45
699302,Héctor Rodríguez,2026-09-06,5,0.54
699302,Héctor Rodríguez,2026-09-07,4,0.45
699302,Héctor Rodríguez,2026-09-08,3,0.0
699302,Héctor Rodríguez,2026-09-09,4,0.0
699302,Héctor Rodríguez,2026-09-11,4,0.0
699302,Héctor Rodríguez,2026-09-12,4,0.225
699302,Héctor Rodríguez,2026-09-13,4,0.0
699302,Héctor Rodríguez,2026-09-14,3,0.0
699302,Héctor Rodríguez,2026-09-15,3,0.0
699302,Héctor Rodríguez,2026-09-17,3,0.5333333333333333
699302,Héctor Rodríguez,2026-09-18,4,0.0
699302,Héctor Rodríguez,2026-09-20,1,0.0
699302,Héctor Rodríguez,2026-09-22,4,0.0
699302,Héctor Rodríguez,2026-09-24,4,0.8125
699302,Héctor Rodríguez,2026-09-25,4,0.45
699302,Héctor Rodríguez,2026-09-26,4,0.625
699302,Héctor Rodríguez,2026-09-27,4,0.0
699393,Pedro Ramírez,2026-09-03,3,0.2333333333333333
699393,Pedro Ramírez,2026-09-04,4,0.0
699393,Pedro Ramírez,2026-09-05,5,0.0
699393,Pedro Ramírez,2026-09-06,4,0.0
699393,Pedro Ramírez,2026-09-07,4,0.5
699393,Pedro Ramírez,2026-09-08,2,0.45
699393,Pedro Ramírez,2026-09-09,4,0.0
699393,Pedro Ramírez,2026-09-11,4,0.3125
699393,Pedro Ramírez,2026-09-12,3,1.0833333333333333
699393,Pedro Ramírez,2026-09-13,4,0.175
699393,Pedro Ramírez,2026-09-14,4,0.175
699393,Pedro Ramírez,2026-09-15,4,0.45
699393,Pedro Ramírez,2026-09-16,4,0.225
699393,Pedro Ramírez,2026-09-20,5,0.54
699393,Pedro Ramírez,2026-09-22,5,0.0
699393,Pedro Ramírez,2026-09-23,4,0.225
699393,Pedro Ramírez,2026-09-24,4,0.4
699393,Pedro Ramírez,2026-09-25,3,0.0
699393,Pedro Ramírez,2026-09-27,5,0.5
699912,Jose Fernandez,2026-09-15,2,1.1
699912,Jose Fernandez,2026-09-16,2,0.45
699912,Jose Fernandez,2026-09-18,2,0.0
699912,Jose Fernandez,2026-09-19,1,0.0
699912,Jose Fernandez,2026-09-22,4,0.0
699912,Jose Fernandez,2026-09-24,1,0.9
699912,Jose Fernandez,2026-09-25,2,0.35
699912,Jose Fernandez,2026-09-27,1,0.0
700250,Ben Rice,2026-09-01,5,0.18
700250,Ben Rice,2026-09-02,5,0.36
700250,Ben Rice,2026-09-04,4,0.95
700250,Ben Rice,2026-09-05,5,0.82
700250,Ben Rice,2026-09-06,5,0.1399999999999999
700250,Ben Rice,2026-09-08,4,0.35
700250,Ben Rice,2026-09-09,4,0.0
700250,Ben Rice,2026-09-10,5,0.18
700250,Ben Rice,2026-09-11,4,0.95
700250,Ben Rice,2026-09-13,4,0.85
700250,Ben Rice,2026-09-14,4,0.625
700250,Ben Rice,2026-09-15,6,0.3
700250,Ben Rice,2026-09-16,6,0.5
700250,Ben Rice,2026-09-18,5,1.0
700250,Ben Rice,2026-09-19,4,0.0
700250,Ben Rice,2026-09-20,4,0.175
700250,Ben Rice,2026-09-22,8,0.24375
700250,Ben Rice,2026-09-23,5,1.12
700250,Ben Rice,2026-09-24,4,0.175
700250,Ben Rice,2026-09-25,9,0.4166666666666667
700337,Edgar Quero,2026-09-06,1,0.7
700337,Edgar Quero,2026-09-09,1,0.0
700337,Edgar Quero,2026-09-10,1,0.0
700337,Edgar Quero,2026-09-11,4,0.35
700652,Kenny Piper,2026-09-05,1,0.7
701162,Ben Malgeri,2026-09-01,2,0.45
701162,Ben Malgeri,2026-09-02,4,0.45
701162,Ben Malgeri,2026-09-04,7,0.2285714285714286
701162,Ben Malgeri,2026-09-05,5,0.61
701162,Ben Malgeri,2026-09-06,4,0.175
701162,Ben Malgeri,2026-09-07,1,0.0
701162,Ben Malgeri,2026-09-08,2,0.35
701162,Ben Malgeri,2026-09-09,4,0.0
701162,Ben Malgeri,2026-09-12,2,0.35
701162,Ben Malgeri,2026-09-15,1,0.9
701162,Ben Malgeri,2026-09-17,1,0.0
701162,Ben Malgeri,2026-09-18,1,0.0
701162,Ben Malgeri,2026-09-19,4,0.35
701162,Ben Malgeri,2026-09-21,4,0.8125
701162,Ben Malgeri,2026-09-22,3,0.4166666666666667
701162,Ben Malgeri,2026-09-23,5,0.58
701162,Ben Malgeri,2026-09-25,1,0.0
701162,Ben Malgeri,2026-09-26,2,0.45
701162,Ben Malgeri,2026-09-27,1,0.0
701350,Roman Anthony,2026-09-01,5,0.36
701350,Roman Anthony,2026-09-02,5,0.76
701350,Roman Anthony,2026-09-03,5,0.54
701350,Roman Anthony,2026-09-04,5,0.32
701350,Roman Anthony,2026-09-05,5,0.0
701350,Roman Anthony,2026-09-06,5,0.1399999999999999
701350,Roman Anthony,2026-09-07,5,0.32
701350,Roman Anthony,2026-09-08,4,0.0
701350,Roman Anthony,2026-09-09,5,0.4
701350,Roman Anthony,2026-09-11,5,0.18
701350,Roman Anthony,2026-09-12,4,0.45
701350,Roman Anthony,2026-09-13,4,0.225
701350,Roman Anthony,2026-09-15,5,0.18
701350,Roman Anthony,2026-09-16,4,0.175
701350,Roman Anthony,2026-09-17,5,0.1399999999999999
701350,Roman Anthony,2026-09-18,5,0.58
701350,Roman Anthony,2026-09-19,4,0.3125
701350,Roman Anthony,2026-09-20,4,0.5375
701350,Roman Anthony,2026-09-22,5,0.0
701350,Roman Anthony,2026-09-23,4,0.225
701350,Roman Anthony,2026-09-25,8,0.8
701350,Roman Anthony,2026-09-27,2,0.0
701358,Cam Smith,2026-09-01,4,0.0
701358,Cam Smith,2026-09-02,4,0.4
701358,Cam Smith,2026-09-03,2,0.0
701358,Cam Smith,2026-09-04,1,0.0
701358,Cam Smith,2026-09-05,4,0.625
701358,Cam Smith,2026-09-06,3,0.0
701358,Cam Smith,2026-09-08,4,0.675
701358,Cam Smith,2026-09-09,4,0.725
701358,Cam Smith,2026-09-10,4,0.9
701358,Cam Smith,2026-09-11,4,0.225
701358,Cam Smith,2026-09-12,4,0.0
701358,Cam Smith,2026-09-13,4,0.0
701358,Cam Smith,2026-09-15,3,0.0
701358,Cam Smith,2026-09-16,2,0.0
701358,Cam Smith,2026-09-17,4,0.175
701358,Cam Smith,2026-09-19,4,0.0
701358,Cam Smith,2026-09-20,4,0.0
701358,Cam Smith,2026-09-22,5,0.43
701358,Cam Smith,2026-09-23,3,0.2333333333333333
701358,Cam Smith,2026-09-24,4,0.225
701358,Cam Smith,2026-09-25,4,0.675
701358,Cam Smith,2026-09-26,5,0.2799999999999999
701358,Cam Smith,2026-09-27,5,0.5
701398,Sal Stewart,2026-09-01,4,0.45
701398,Sal Stewart,2026-09-02,4,0.0
701398,Sal Stewart,2026-09-04,4,0.225
701398,Sal Stewart,2026-09-05,4,0.625
701398,Sal Stewart,2026-09-06,6,0.2666666666666666
701398,Sal Stewart,2026-09-07,4,0.175
701398,Sal Stewart,2026-09-08,4,0.0
701398,Sal Stewart,2026-09-09,3,0.6
701398,Sal Stewart,2026-09-11,4,0.675
701398,Sal Stewart,2026-09-12,5,0.32
701398,Sal Stewart,2026-09-13,4,0.45
701398,Sal Stewart,2026-09-14,4,0.0
701398,Sal Stewart,2026-09-15,4,0.0
701398,Sal Stewart,2026-09-16,4,0.675
701398,Sal Stewart,2026-09-17,4,0.725
701398,Sal Stewart,2026-09-18,4,0.225
701398,Sal Stewart,2026-09-19,4,0.0
701398,Sal Stewart,2026-09-20,4,0.0
701398,Sal Stewart,2026-09-22,5,0.32
701398,Sal Stewart,2026-09-23,4,0.0
701398,Sal Stewart,2026-09-24,4,0.4
701398,Sal Stewart,2026-09-25,5,0.18
701398,Sal Stewart,2026-09-26,5,0.36
701398,Sal Stewart,2026-09-27,4,0.0
701538,Jackson Merrill,2026-09-01,4,0.5375
701538,Jackson Merrill,2026-09-02,4,0.0
701538,Jackson Merrill,2026-09-04,4,0.0666666666666666
701538,Jackson Merrill,2026-09-05,4,0.175
701538,Jackson Merrill,2026-09-06,3,0.0
701538,Jackson Merrill,2026-09-07,4,0.7625
701538,Jackson Merrill,2026-09-08,4,0.0
701538,Jackson Merrill,2026-09-09,5,1.3
701538,Jackson Merrill,2026-09-11,5,0.61
701538,Jackson Merrill,2026-09-12,5,0.54
701538,Jackson Merrill,2026-09-13,4,0.3125
701538,Jackson Merrill,2026-09-14,5,0.54
701538,Jackson Merrill,2026-09-15,4,0.45
701538,Jackson Merrill,2026-09-16,5,0.54
701538,Jackson Merrill,2026-09-17,4,0.625
701538,Jackson Merrill,2026-09-18,4,0.5
701538,Jackson Merrill,2026-09-19,5,0.32
701538,Jackson Merrill,2026-09-20,4,0.225
701538,Jackson Merrill,2026-09-22,4,0.0
701538,Jackson Merrill,2026-09-23,4,0.0
701538,Jackson Merrill,2026-09-24,4,0.3125
701538,Jackson Merrill,2026-09-25,2,0.45
701538,Jackson Merrill,2026-09-26,5,0.55
701675,Nathan Church,2026-09-01,4,0.45
701675,Nathan Church,2026-09-02,4,0.45
701675,Nathan Church,2026-09-03,4,0.225
701675,Nathan Church,2026-09-04,4,0.225
701675,Nathan Church,2026-09-05,2,0.45
701675,Nathan Church,2026-09-06,4,0.225
701675,Nathan Church,2026-09-07,5,0.25
701675,Nathan Church,2026-09-08,4,0.4
701675,Nathan Church,2026-09-09,4,0.4
701675,Nathan Church,2026-09-11,4,0.575
701675,Nathan Church,2026-09-12,4,0.7625
701675,Nathan Church,2026-09-13,3,0.7166666666666667
701675,Nathan Church,2026-09-14,3,0.0
701675,Nathan Church,2026-09-15,4,0.175
701675,Nathan Church,2026-09-16,5,0.54
701675,Nathan Church,2026-09-18,3,0.4166666666666667
701675,Nathan Church,2026-09-19,5,0.5375
701675,Nathan Church,2026-09-20,3,0.0
701675,Nathan Church,2026-09-22,3,0.4166666666666667
701675,Nathan Church,2026-09-23,4,0.0
701675,Nathan Church,2026-09-24,3,0.3
701675,Nathan Church,2026-09-25,1,0.0
701675,Nathan Church,2026-09-26,3,0.0
701675,Nathan Church,2026-09-27,4,0.0
701678,Hao-Yu Lee,2026-09-01,4,0.3125
701678,Hao-Yu Lee,2026-09-02,6,0.2666666666666666
701678,Hao-Yu Lee,2026-09-04,6,0.15
701678,Hao-Yu Lee,2026-09-05,5,0.2799999999999999
701678,Hao-Yu Lee,2026-09-06,4,0.175
701678,Hao-Yu Lee,2026-09-08,3,0.0
701678,Hao-Yu Lee,2026-09-09,5,0.4199999999999999
701678,Hao-Yu Lee,2026-09-12,6,0.7999999999999999
701678,Hao-Yu Lee,2026-09-13,5,0.1399999999999999
701678,Hao-Yu Lee,2026-09-14,4,0.225
701678,Hao-Yu Lee,2026-09-15,5,0.58
701678,Hao-Yu Lee,2026-09-16,4,0.0
701678,Hao-Yu Lee,2026-09-18,5,1.01
701678,Hao-Yu Lee,2026-09-19,5,0.36
701678,Hao-Yu Lee,2026-09-20,4,0.0
701678,Hao-Yu Lee,2026-09-21,5,0.6799999999999999
701678,Hao-Yu Lee,2026-09-22,5,0.4599999999999999
701678,Hao-Yu Lee,2026-09-23,5,0.18
701678,Hao-Yu Lee,2026-09-25,5,0.0
701678,Hao-Yu Lee,2026-09-26,5,0.71
701678,Hao-Yu Lee,2026-09-27,4,0.0
701785,Kaelen Culpepper,2026-09-01,5,0.43
701785,Kaelen Culpepper,2026-09-02,5,0.0
701785,Kaelen Culpepper,2026-09-04,4,0.4
701785,Kaelen Culpepper,2026-09-05,5,0.43
701785,Kaelen Culpepper,2026-09-06,3,0.0
701785,Kaelen Culpepper,2026-09-07,4,0.45
701785,Kaelen Culpepper,2026-09-08,3,0.0
701785,Kaelen Culpepper,2026-09-09,4,0.0
701785,Kaelen Culpepper,2026-09-11,4,0.4
701785,Kaelen Culpepper,2026-09-12,2,0.35
701785,Kaelen Culpepper,2026-09-15,3,0.0
701785,Kaelen Culpepper,2026-09-26,3,0.3
701785,Kaelen Culpepper,2026-09-27,5,0.18
701807,Carson Benge,2026-09-01,4,0.225
701807,Carson Benge,2026-09-02,5,0.5
701807,Carson Benge,2026-09-04,4,0.225
701807,Carson Benge,2026-09-05,4,0.0
701807,Carson Benge,2026-09-06,4,0.3125
701807,Carson Benge,2026-09-07,5,0.32
701807,Carson Benge,2026-09-08,5,0.2799999999999999
701807,Carson Benge,2026-09-09,6,0.2333333333333333
701807,Carson Benge,2026-09-11,4,0.4
701807,Carson Benge,2026-09-12,5,0.58
701807,Carson Benge,2026-09-13,4,0.0
701807,Carson Benge,2026-09-14,4,0.45
701807,Carson Benge,2026-09-15,6,0.45
701807,Carson Benge,2026-09-16,4,0.0
701807,Carson Benge,2026-09-17,4,0.225
701807,Carson Benge,2026-09-18,4,0.625
701807,Carson Benge,2026-09-19,5,0.9
701807,Carson Benge,2026-09-20,4,0.225
701807,Carson Benge,2026-09-22,5,0.64
701807,Carson Benge,2026-09-23,5,0.0
701807,Carson Benge,2026-09-24,4,0.225
701807,Carson Benge,2026-09-25,4,1.075
701807,Carson Benge,2026-09-26,5,0.61
701807,Carson Benge,2026-09-27,5,0.54
701852,Drew Cavanaugh,2026-09-01,5,0.6799999999999999
701852,Drew Cavanaugh,2026-09-02,4,0.225
701852,Drew Cavanaugh,2026-09-03,1,0.0
701852,Drew Cavanaugh,2026-09-04,3,0.3
701852,Drew Cavanaugh,2026-09-06,3,0.3
701852,Drew Cavanaugh,2026-09-07,2,0.2
701852,Drew Cavanaugh,2026-09-09,4,0.225
701852,Drew Cavanaugh,2026-09-11,1,0.0
701852,Drew Cavanaugh,2026-09-12,3,0.6666666666666666
701852,Drew Cavanaugh,2026-09-13,2,0.35
701852,Drew Cavanaugh,2026-09-14,1,0.7
701852,Drew Cavanaugh,2026-09-15,5,0.1399999999999999
701852,Drew Cavanaugh,2026-09-18,2,0.0
701852,Drew Cavanaugh,2026-09-21,2,0.0
701852,Drew Cavanaugh,2026-09-22,2,0.2
701852,Drew Cavanaugh,2026-09-23,1,0.0
701852,Drew Cavanaugh,2026-09-26,2,1.425
701852,Drew Cavanaugh,2026-09-27,4,0.0
702176,Alan Roden,2026-09-20,5,0.76
702176,Alan Roden,2026-09-21,3,0.5333333333333333
702176,Alan Roden,2026-09-23,4,0.4
702176,Alan Roden,2026-09-26,3,0.65
702222,Justin Crawford,2026-09-01,1,0.9
702222,Justin Crawford,2026-09-02,3,0.0
702222,Justin Crawford,2026-09-04,1,0.0
702222,Justin Crawford,2026-09-06,2,0.0
702222,Justin Crawford,2026-09-07,3,0.0
702222,Justin Crawford,2026-09-08,2,0.625
702222,Justin Crawford,2026-09-09,4,0.225
702222,Justin Crawford,2026-09-10,3,0.3
702222,Justin Crawford,2026-09-11,2,0.45
702222,Justin Crawford,2026-09-12,3,0.6666666666666666
702222,Justin Crawford,2026-09-13,4,0.4
702222,Justin Crawford,2026-09-16,4,0.4875
702222,Justin Crawford,2026-09-17,4,0.55
702222,Justin Crawford,2026-09-19,4,0.0
702222,Justin Crawford,2026-09-20,4,0.4
702222,Justin Crawford,2026-09-22,2,0.0
702222,Justin Crawford,2026-09-23,2,0.45
702222,Justin Crawford,2026-09-24,2,0.0
702222,Justin Crawford,2026-09-25,3,0.45
702222,Justin Crawford,2026-09-26,4,0.45
702222,Justin Crawford,2026-09-27,4,0.225
702284,Cole Young,2026-09-01,5,0.5
702284,Cole Young,2026-09-02,5,0.1399999999999999
702284,Cole Young,2026-09-03,5,0.36
702284,Cole Young,2026-09-04,4,0.3125
702284,Cole Young,2026-09-05,4,0.35
702284,Cole Young,2026-09-08,4,0.45
702284,Cole Young,2026-09-09,3,0.4166666666666667
702284,Cole Young,2026-09-10,3,0.3
702284,Cole Young,2026-09-11,4,0.4
702284,Cole Young,2026-09-12,6,0.6333333333333333
702284,Cole Young,2026-09-13,1,0.0
702284,Cole Young,2026-09-14,4,0.0
702284,Cole Young,2026-09-15,4,0.225
702284,Cole Young,2026-09-16,4,0.175
702284,Cole Young,2026-09-18,4,0.3125
702284,Cole Young,2026-09-20,4,0.0
702284,Cole Young,2026-09-22,4,0.4
702284,Cole Young,2026-09-23,4,0.0
702284,Cole Young,2026-09-24,4,0.4
702284,Cole Young,2026-09-25,4,0.0
702284,Cole Young,2026-09-26,5,0.64
702284,Cole Young,2026-09-27,4,0.575
702332,Caleb Durbin,2026-09-01,4,0.225
702332,Caleb Durbin,2026-09-02,4,0.4
702332,Caleb Durbin,2026-09-03,4,0.35
702332,Caleb Durbin,2026-09-04,4,0.0
702332,Caleb Durbin,2026-09-06,4,0.35
702332,Caleb Durbin,2026-09-07,4,0.5375
702332,Caleb Durbin,2026-09-08,4,0.35
702332,Caleb Durbin,2026-09-09,4,0.225
702332,Caleb Durbin,2026-09-11,4,0.225
702332,Caleb Durbin,2026-09-12,3,0.3
702332,Caleb Durbin,2026-09-13,4,1.025
702332,Caleb Durbin,2026-09-15,4,0.4
702332,Caleb Durbin,2026-09-16,4,0.35
702332,Caleb Durbin,2026-09-17,4,0.175
702332,Caleb Durbin,2026-09-18,4,0.625
702332,Caleb Durbin,2026-09-19,4,0.625
702332,Caleb Durbin,2026-09-20,4,0.45
702332,Caleb Durbin,2026-09-22,4,0.3
702332,Caleb Durbin,2026-09-23,4,0.225
702332,Caleb Durbin,2026-09-24,4,0.175
702332,Caleb Durbin,2026-09-25,4,0.0
702332,Caleb Durbin,2026-09-27,4,0.225
702616,Jackson Holliday,2026-09-01,5,0.76
702616,Jackson Holliday,2026-09-02,6,0.3
702616,Jackson Holliday,2026-09-03,1,0.0
702616,Jackson Holliday,2026-09-04,3,0.0
702616,Jackson Holliday,2026-09-05,4,0.0
702616,Jackson Holliday,2026-09-07,5,0.18
702616,Jackson Holliday,2026-09-08,5,0.43
702616,Jackson Holliday,2026-09-09,4,0.225
702616,Jackson Holliday,2026-09-11,5,0.0
702616,Jackson Holliday,2026-09-12,4,0.0
702616,Jackson Holliday,2026-09-13,4,0.0
702616,Jackson Holliday,2026-09-14,4,0.45
703155,Lazaro Montes,2026-09-01,5,0.72
703155,Lazaro Montes,2026-09-03,5,0.18
703155,Lazaro Montes,2026-09-04,2,0.0
703155,Lazaro Montes,2026-09-05,2,0.0
703155,Lazaro Montes,2026-09-06,1,0.0
703155,Lazaro Montes,2026-09-08,4,0.5
703155,Lazaro Montes,2026-09-09,1,1.25
703155,Lazaro Montes,2026-09-10,3,0.0
703155,Lazaro Montes,2026-09-11,3,0.6666666666666666
703155,Lazaro Montes,2026-09-12,1,0.7
703155,Lazaro Montes,2026-09-13,1,0.0
703155,Lazaro Montes,2026-09-14,1,0.7
703155,Lazaro Montes,2026-09-15,2,0.45
703155,Lazaro Montes,2026-09-18,4,0.5
703155,Lazaro Montes,2026-09-19,4,0.0
703155,Lazaro Montes,2026-09-20,3,0.2333333333333333
703155,Lazaro Montes,2026-09-22,4,0.0
703155,Lazaro Montes,2026-09-23,3,0.2333333333333333
703155,Lazaro Montes,2026-09-24,4,0.45
703155,Lazaro Montes,2026-09-25,2,0.35
703155,Lazaro Montes,2026-09-26,4,0.5499999999999999
703197,Michael Arroyo,2026-09-06,3,0.0
703197,Michael Arroyo,2026-09-08,1,0.0
703197,Michael Arroyo,2026-09-12,6,0.8083333333333335
703197,Michael Arroyo,2026-09-13,4,0.5249999999999999
703197,Michael Arroyo,2026-09-14,3,0.3
703197,Michael Arroyo,2026-09-15,1,0.0
703197,Michael Arroyo,2026-09-18,2,0.625
703197,Michael Arroyo,2026-09-19,4,0.45
703197,Michael Arroyo,2026-09-20,1,0.0
703197,Michael Arroyo,2026-09-22,2,0.0
703197,Michael Arroyo,2026-09-23,2,0.35
703197,Michael Arroyo,2026-09-24,2,0.0
703197,Michael Arroyo,2026-09-25,4,0.675
703197,Michael Arroyo,2026-09-26,5,0.54
703197,Michael Arroyo,2026-09-27,1,0.9
703492,Nick Morabito,2026-09-01,2,0.35
703492,Nick Morabito,2026-09-02,2,1.075
703492,Nick Morabito,2026-09-04,4,0.175
703492,Nick Morabito,2026-09-06,2,0.0
703492,Nick Morabito,2026-09-07,5,0.5
703492,Nick Morabito,2026-09-12,4,0.4
703492,Nick Morabito,2026-09-13,3,0.0
703492,Nick Morabito,2026-09-17,3,0.3
703492,Nick Morabito,2026-09-20,2,0.0
703492,Nick Morabito,2026-09-23,4,0.225
703492,Nick Morabito,2026-09-24,3,0.4166666666666667
703520,Brett Bateman,2026-09-01,4,0.0
703520,Brett Bateman,2026-09-02,5,0.32
703520,Brett Bateman,2026-09-03,5,0.54
703520,Brett Bateman,2026-09-04,5,0.4599999999999999
703520,Brett Bateman,2026-09-05,5,0.32
703520,Brett Bateman,2026-09-06,4,0.85
703520,Brett Bateman,2026-09-07,5,0.1399999999999999
703520,Brett Bateman,2026-09-08,4,0.225
703520,Brett Bateman,2026-09-09,4,0.3125
703520,Brett Bateman,2026-09-11,5,0.76
703520,Brett Bateman,2026-09-12,5,0.54
703520,Brett Bateman,2026-09-13,5,0.2799999999999999
703520,Brett Bateman,2026-09-14,5,0.18
703520,Brett Bateman,2026-09-15,4,0.45
703520,Brett Bateman,2026-09-16,5,0.45
703520,Brett Bateman,2026-09-18,4,0.0
703520,Brett Bateman,2026-09-19,4,0.225
703520,Brett Bateman,2026-09-20,5,0.53
703520,Brett Bateman,2026-09-21,2,0.7
703520,Brett Bateman,2026-09-25,1,0.0
703520,Brett Bateman,2026-09-26,4,0.7125
703520,Brett Bateman,2026-09-27,4,0.45
703601,Max Clark,2026-09-01,4,0.4
703601,Max Clark,2026-09-02,6,0.97
703601,Max Clark,2026-09-04,8,0.3375
703601,Max Clark,2026-09-06,4,0.0
703601,Max Clark,2026-09-07,4,0.4
703601,Max Clark,2026-09-08,3,0.0
703601,Max Clark,2026-09-09,4,0.4
703601,Max Clark,2026-09-11,4,0.8500000000000001
703601,Max Clark,2026-09-12,5,0.75
703601,Max Clark,2026-09-13,4,0.4
703601,Max Clark,2026-09-14,4,0.3125
703601,Max Clark,2026-09-15,5,0.43
703601,Max Clark,2026-09-16,4,0.225
703601,Max Clark,2026-09-17,4,0.4
703601,Max Clark,2026-09-18,5,0.32
703601,Max Clark,2026-09-19,4,0.4
703601,Max Clark,2026-09-20,4,0.175
703601,Max Clark,2026-09-22,4,0.45
703601,Max Clark,2026-09-23,4,0.7166666666666667
703601,Max Clark,2026-09-25,5,0.18
703601,Max Clark,2026-09-26,5,0.18
703601,Max Clark,2026-09-27,4,0.0
703607,Henry Bolte,2026-09-01,6,0.2666666666666666
703607,Henry Bolte,2026-09-02,6,1.05
703607,Henry Bolte,2026-09-03,5,0.5
703607,Henry Bolte,2026-09-04,5,0.2799999999999999
703607,Henry Bolte,2026-09-05,4,0.3125
703607,Henry Bolte,2026-09-06,4,0.225
703607,Henry Bolte,2026-09-07,5,1.0
703607,Henry Bolte,2026-09-08,4,0.45
703607,Henry Bolte,2026-09-09,4,0.5
703607,Henry Bolte,2026-09-11,5,0.18
703607,Henry Bolte,2026-09-12,3,0.5333333333333333
703607,Henry Bolte,2026-09-13,5,0.2799999999999999
703607,Henry Bolte,2026-09-15,4,0.225
703607,Henry Bolte,2026-09-16,4,0.5
703607,Henry Bolte,2026-09-17,4,0.4
703607,Henry Bolte,2026-09-18,4,0.35
703607,Henry Bolte,2026-09-19,5,0.18
703607,Henry Bolte,2026-09-20,4,0.225
703607,Henry Bolte,2026-09-22,5,0.4875
703607,Henry Bolte,2026-09-23,5,0.86
703607,Henry Bolte,2026-09-24,5,0.0
703607,Henry Bolte,2026-09-25,5,0.5
703607,Henry Bolte,2026-09-26,4,0.625
703607,Henry Bolte,2026-09-27,4,0.0
800050,Chase DeLauter,2026-09-01,4,0.0
800050,Chase DeLauter,2026-09-02,4,0.7625
800050,Chase DeLauter,2026-09-03,5,0.25
800050,Chase DeLauter,2026-09-04,6,0.5333333333333333
800050,Chase DeLauter,2026-09-09,5,0.58
800050,Chase DeLauter,2026-09-11,5,0.1399999999999999
800050,Chase DeLauter,2026-09-12,4,0.175
800050,Chase DeLauter,2026-09-13,5,0.32
800050,Chase DeLauter,2026-09-14,4,0.175
800050,Chase DeLauter,2026-09-18,4,0.4
800050,Chase DeLauter,2026-09-19,5,0.76
800050,Chase DeLauter,2026-09-20,4,0.4333333333333333
800050,Chase DeLauter,2026-09-22,5,0.57
800050,Chase DeLauter,2026-09-23,4,0.0
800050,Chase DeLauter,2026-09-24,4,0.3
800050,Chase DeLauter,2026-09-25,6,0.4416666666666666
800050,Chase DeLauter,2026-09-26,5,0.54
800325,Luis Lara,2026-09-01,4,0.225
800325,Luis Lara,2026-09-02,5,0.4599999999999999
800325,Luis Lara,2026-09-04,3,0.0
800325,Luis Lara,2026-09-05,5,0.1399999999999999
800325,Luis Lara,2026-09-07,4,0.225
800325,Luis Lara,2026-09-08,5,0.18
800325,Luis Lara,2026-09-11,5,0.36
800325,Luis Lara,2026-09-13,3,0.0
800325,Luis Lara,2026-09-15,4,0.3125
800325,Luis Lara,2026-09-16,4,0.225
800325,Luis Lara,2026-09-17,5,0.1399999999999999
800325,Luis Lara,2026-09-18,3,0.3
800325,Luis Lara,2026-09-19,3,0.0
800325,Luis Lara,2026-09-22,4,0.225
800325,Luis Lara,2026-09-24,5,0.18
800325,Luis Lara,2026-09-25,4,0.175
800325,Luis Lara,2026-09-26,4,0.225
800543,Josue De Paula,2026-09-11,4,0.175
800543,Josue De Paula,2026-09-12,4,0.35
800543,Josue De Paula,2026-09-13,3,1.3166666666666669
800543,Josue De Paula,2026-09-14,3,0.2333333333333333
800543,Josue De Paula,2026-09-15,5,0.0
800543,Josue De Paula,2026-09-16,1,0.7
800543,Josue De Paula,2026-09-17,5,0.32
800543,Josue De Paula,2026-09-18,4,0.7124999999999999
800543,Josue De Paula,2026-09-19,5,0.4599999999999999
800543,Josue De Paula,2026-09-20,4,0.5375
800543,Josue De Paula,2026-09-22,4,0.8
801126,Brock Rodden,2026-09-01,5,0.64
801126,Brock Rodden,2026-09-03,4,0.4
801126,Brock Rodden,2026-09-04,3,0.6
801126,Brock Rodden,2026-09-08,2,0.625
801126,Brock Rodden,2026-09-10,2,0.0
801126,Brock Rodden,2026-09-11,1,0.0
801126,Brock Rodden,2026-09-12,1,0.7
801126,Brock Rodden,2026-09-13,1,0.0
801126,Brock Rodden,2026-09-15,2,0.0
801126,Brock Rodden,2026-09-18,2,0.35
801126,Brock Rodden,2026-09-20,2,0.0
801126,Brock Rodden,2026-09-22,1,0.0
801501,Nate Furman,2026-09-01,1,0.9
801501,Nate Furman,2026-09-02,3,0.1
801501,Nate Furman,2026-09-03,3,0.0
801501,Nate Furman,2026-09-04,5,0.0
801501,Nate Furman,2026-09-11,1,0.7
801501,Nate Furman,2026-09-12,1,0.0
801501,Nate Furman,2026-09-14,1,0.0
801501,Nate Furman,2026-09-15,1,0.7
802139,JJ Wetherholt,2026-09-16,3,0.0
802139,JJ Wetherholt,2026-09-18,4,0.225
802139,JJ Wetherholt,2026-09-19,1,0.9
802139,JJ Wetherholt,2026-09-20,4,0.225
802139,JJ Wetherholt,2026-09-22,4,0.0
802139,JJ Wetherholt,2026-09-23,5,0.6799999999999999
802139,JJ Wetherholt,2026-09-24,4,0.5375
802139,JJ Wetherholt,2026-09-25,4,0.0
802139,JJ Wetherholt,2026-09-26,4,0.0
802415,Chandler Simpson,2026-09-01,4,0.225
802415,Chandler Simpson,2026-09-02,4,0.45
802415,Chandler Simpson,2026-09-03,4,0.0
802415,Chandler Simpson,2026-09-04,4,0.45
802415,Chandler Simpson,2026-09-05,5,0.0
802415,Chandler Simpson,2026-09-06,5,0.675
802415,Chandler Simpson,2026-09-08,5,0.18
802415,Chandler Simpson,2026-09-09,4,0.625
802415,Chandler Simpson,2026-09-10,4,0.175
802415,Chandler Simpson,2026-09-11,3,0.0
802415,Chandler Simpson,2026-09-12,4,0.225
802415,Chandler Simpson,2026-09-13,5,0.18
802415,Chandler Simpson,2026-09-15,3,1.0166666666666666
802415,Chandler Simpson,2026-09-16,4,0.7625
802415,Chandler Simpson,2026-09-17,5,0.36
802415,Chandler Simpson,2026-09-18,5,0.0
802415,Chandler Simpson,2026-09-19,4,0.675
802415,Chandler Simpson,2026-09-20,3,0.3
802415,Chandler Simpson,2026-09-22,7,0.2571428571428572
802415,Chandler Simpson,2026-09-24,5,0.18
802415,Chandler Simpson,2026-09-25,3,0.3
803011,Sam Antonacci,2026-09-01,5,0.2799999999999999
803011,Sam Antonacci,2026-09-02,4,0.175
803011,Sam Antonacci,2026-09-03,4,0.225
803011,Sam Antonacci,2026-09-04,4,0.225
803011,Sam Antonacci,2026-09-05,4,0.35
803011,Sam Antonacci,2026-09-06,4,0.9375
803011,Sam Antonacci,2026-09-08,4,0.225
803011,Sam Antonacci,2026-09-09,5,0.18
803011,Sam Antonacci,2026-09-10,3,0.0
803011,Sam Antonacci,2026-09-11,2,0.8
803011,Sam Antonacci,2026-09-12,5,0.5
803011,Sam Antonacci,2026-09-13,4,0.4
803011,Sam Antonacci,2026-09-14,3,0.3
803011,Sam Antonacci,2026-09-15,4,0.45
803011,Sam Antonacci,2026-09-16,1,0.0
803011,Sam Antonacci,2026-09-18,2,0.0
803011,Sam Antonacci,2026-09-19,4,0.0
803011,Sam Antonacci,2026-09-20,4,0.5375
803011,Sam Antonacci,2026-09-23,5,0.32
803011,Sam Antonacci,2026-09-24,6,0.4166666666666667
803011,Sam Antonacci,2026-09-25,4,0.675
803011,Sam Antonacci,2026-09-26,4,0.225
803011,Sam Antonacci,2026-09-27,4,0.7125
804606,Konnor Griffin,2026-09-04,3,0.0
804606,Konnor Griffin,2026-09-05,4,0.0
804606,Konnor Griffin,2026-09-06,3,0.0
804606,Konnor Griffin,2026-09-08,6,0.475
804606,Konnor Griffin,2026-09-09,5,0.32
804606,Konnor Griffin,2026-09-10,4,0.0
804606,Konnor Griffin,2026-09-11,4,0.625
804606,Konnor Griffin,2026-09-12,4,0.0
804606,Konnor Griffin,2026-09-13,5,0.18
804606,Konnor Griffin,2026-09-15,5,0.225
804606,Konnor Griffin,2026-09-16,5,0.43
804606,Konnor Griffin,2026-09-17,5,0.39
804606,Konnor Griffin,2026-09-18,5,0.72
804606,Konnor Griffin,2026-09-19,4,0.175
804606,Konnor Griffin,2026-09-20,5,0.43
804606,Konnor Griffin,2026-09-22,4,0.625
804606,Konnor Griffin,2026-09-23,4,0.0
804606,Konnor Griffin,2026-09-24,4,0.45
804606,Konnor Griffin,2026-09-25,5,0.1399999999999999
804606,Konnor Griffin,2026-09-26,4,0.5375
804606,Konnor Griffin,2026-09-27,4,0.725
804668,Rafael Flores Jr.,2026-09-01,1,0.9
804668,Rafael Flores Jr.,2026-09-02,5,0.1399999999999999
804668,Rafael Flores Jr.,2026-09-03,4,0.225
804668,Rafael Flores Jr.,2026-09-05,4,0.5375
804668,Rafael Flores Jr.,2026-09-08,5,0.76
804668,Rafael Flores Jr.,2026-09-09,4,0.225
804668,Rafael Flores Jr.,2026-09-10,4,0.225
804668,Rafael Flores Jr.,2026-09-11,4,0.225
804668,Rafael Flores Jr.,2026-09-12,1,0.9
804668,Rafael Flores Jr.,2026-09-13,4,0.225
804668,Rafael Flores Jr.,2026-09-15,4,0.9
804668,Rafael Flores Jr.,2026-09-16,4,0.5
804668,Rafael Flores Jr.,2026-09-17,4,0.175
804668,Rafael Flores Jr.,2026-09-19,4,0.7125
804668,Rafael Flores Jr.,2026-09-20,4,1.3166666666666669
804668,Rafael Flores Jr.,2026-09-22,4,0.175
804668,Rafael Flores Jr.,2026-09-23,4,0.0
804668,Rafael Flores Jr.,2026-09-25,4,0.5
804668,Rafael Flores Jr.,2026-09-27,4,0.0
805300,Jakob Marsee,2026-09-01,4,0.175
805300,Jakob Marsee,2026-09-02,5,0.54
805300,Jakob Marsee,2026-09-03,4,0.4875
805300,Jakob Marsee,2026-09-04,1,0.7
805300,Jakob Marsee,2026-09-05,4,0.175
805300,Jakob Marsee,2026-09-06,5,0.5
805300,Jakob Marsee,2026-09-07,4,0.45
805300,Jakob Marsee,2026-09-08,4,0.7625
805300,Jakob Marsee,2026-09-09,6,0.6
805300,Jakob Marsee,2026-09-11,5,0.0
805300,Jakob Marsee,2026-09-12,4,0.5333333333333333
805300,Jakob Marsee,2026-09-13,4,0.225
805300,Jakob Marsee,2026-09-14,4,1.125
805300,Jakob Marsee,2026-09-15,4,0.175
805300,Jakob Marsee,2026-09-16,4,0.9875
805300,Jakob Marsee,2026-09-18,4,0.4
805300,Jakob Marsee,2026-09-19,5,0.6799999999999999
805300,Jakob Marsee,2026-09-20,4,0.175
805300,Jakob Marsee,2026-09-22,3,0.3
805300,Jakob Marsee,2026-09-23,4,0.0
805300,Jakob Marsee,2026-09-24,4,0.4
805300,Jakob Marsee,2026-09-25,4,0.625
805300,Jakob Marsee,2026-09-26,4,0.175
805346,Ben Ross,2026-09-01,1,0.0
805346,Ben Ross,2026-09-02,2,0.0
805346,Ben Ross,2026-09-06,1,0.0
805346,Ben Ross,2026-09-16,2,0.625
805346,Ben Ross,2026-09-17,4,0.3125
805346,Ben Ross,2026-09-18,4,0.0
805346,Ben Ross,2026-09-19,1,0.0
805346,Ben Ross,2026-09-20,4,0.225
805346,Ben Ross,2026-09-23,2,0.8
805367,Chase Meidroth,2026-09-01,4,0.5375
805367,Chase Meidroth,2026-09-02,3,0.0
805367,Chase Meidroth,2026-09-03,4,0.45
805367,Chase Meidroth,2026-09-04,3,0.0
805367,Chase Meidroth,2026-09-05,4,0.225
805367,Chase Meidroth,2026-09-06,5,0.4199999999999999
805367,Chase Meidroth,2026-09-08,3,0.0
805367,Chase Meidroth,2026-09-09,4,0.225
805367,Chase Meidroth,2026-09-10,3,0.2333333333333333
805367,Chase Meidroth,2026-09-11,5,0.94
805367,Chase Meidroth,2026-09-12,4,0.175
805367,Chase Meidroth,2026-09-13,4,0.175
805367,Chase Meidroth,2026-09-14,4,0.225
805367,Chase Meidroth,2026-09-15,5,0.43
805367,Chase Meidroth,2026-09-16,5,0.61
805367,Chase Meidroth,2026-09-17,4,0.225
805367,Chase Meidroth,2026-09-18,4,0.4
805367,Chase Meidroth,2026-09-19,3,0.2333333333333333
805367,Chase Meidroth,2026-09-20,5,0.4
805367,Chase Meidroth,2026-09-22,5,0.9
805367,Chase Meidroth,2026-09-23,4,0.45
805367,Chase Meidroth,2026-09-24,3,0.7166666666666667
805367,Chase Meidroth,2026-09-26,2,0.625
805805,Walker Jenkins,2026-09-01,5,0.32
805805,Walker Jenkins,2026-09-02,5,0.1399999999999999
805805,Walker Jenkins,2026-09-04,4,0.175
805805,Walker Jenkins,2026-09-06,3,0.0
805805,Walker Jenkins,2026-09-07,4,0.4875
805805,Walker Jenkins,2026-09-08,3,0.0
805805,Walker Jenkins,2026-09-09,3,0.2333333333333333
805805,Walker Jenkins,2026-09-11,4,0.0666666666666666
805805,Walker Jenkins,2026-09-13,4,0.0
805805,Walker Jenkins,2026-09-14,4,0.0
805805,Walker Jenkins,2026-09-17,4,0.95
805805,Walker Jenkins,2026-09-18,4,0.95
805805,Walker Jenkins,2026-09-19,5,0.5
805805,Walker Jenkins,2026-09-20,5,0.18
805805,Walker Jenkins,2026-09-21,4,0.225
805805,Walker Jenkins,2026-09-22,4,0.5
805805,Walker Jenkins,2026-09-23,2,0.45
805805,Walker Jenkins,2026-09-25,4,0.225
805805,Walker Jenkins,2026-09-26,4,0.0
805805,Walker Jenkins,2026-09-27,5,0.45
805808,Kevin McGonigle,2026-09-01,3,0.3
805808,Kevin McGonigle,2026-09-02,7,0.0999999999999999
805808,Kevin McGonigle,2026-09-04,10,0.375
805808,Kevin McGonigle,2026-09-06,4,0.35
805808,Kevin McGonigle,2026-09-07,4,0.725
805808,Kevin McGonigle,2026-09-08,4,0.725
805808,Kevin McGonigle,2026-09-09,5,0.39
805808,Kevin McGonigle,2026-09-11,4,0.0
805808,Kevin McGonigle,2026-09-12,6,0.6
805808,Kevin McGonigle,2026-09-13,4,0.575
805808,Kevin McGonigle,2026-09-14,5,0.36
805808,Kevin McGonigle,2026-09-15,4,0.5249999999999999
805808,Kevin McGonigle,2026-09-16,5,0.36
805808,Kevin McGonigle,2026-09-17,5,0.5
805808,Kevin McGonigle,2026-09-18,6,0.5333333333333333
805808,Kevin McGonigle,2026-09-19,5,0.18
805808,Kevin McGonigle,2026-09-20,5,0.1399999999999999
805808,Kevin McGonigle,2026-09-22,5,0.5700000000000001
805808,Kevin McGonigle,2026-09-23,5,0.61
805808,Kevin McGonigle,2026-09-25,5,0.1399999999999999
805808,Kevin McGonigle,2026-09-26,5,0.18
805808,Kevin McGonigle,2026-09-27,3,0.9666666666666668
805811,Bryce Eldridge,2026-09-01,6,0.3833333333333333
805811,Bryce Eldridge,2026-09-02,5,0.39
805811,Bryce Eldridge,2026-09-03,4,0.175
805811,Bryce Eldridge,2026-09-04,5,0.53
805811,Bryce Eldridge,2026-09-05,4,0.4875
805811,Bryce Eldridge,2026-09-06,4,0.225
805811,Bryce Eldridge,2026-09-07,5,0.43
805811,Bryce Eldridge,2026-09-08,4,0.675
805811,Bryce Eldridge,2026-09-09,4,0.45
805811,Bryce Eldridge,2026-09-11,5,0.43
805811,Bryce Eldridge,2026-09-12,4,0.0
805811,Bryce Eldridge,2026-09-13,5,0.36
805811,Bryce Eldridge,2026-09-14,4,0.4
805811,Bryce Eldridge,2026-09-15,5,0.79
805811,Bryce Eldridge,2026-09-16,5,0.2799999999999999
805999,A.J. Ewing,2026-09-01,4,0.175
805999,A.J. Ewing,2026-09-02,5,0.18
805999,A.J. Ewing,2026-09-05,4,0.85
805999,A.J. Ewing,2026-09-06,4,0.6
805999,A.J. Ewing,2026-09-07,5,0.61
805999,A.J. Ewing,2026-09-08,4,0.3125
805999,A.J. Ewing,2026-09-09,5,0.54
805999,A.J. Ewing,2026-09-11,4,0.9666666666666668
805999,A.J. Ewing,2026-09-12,4,0.175
805999,A.J. Ewing,2026-09-13,3,0.0
805999,A.J. Ewing,2026-09-14,4,0.675
805999,A.J. Ewing,2026-09-15,5,0.55
805999,A.J. Ewing,2026-09-16,4,0.45
805999,A.J. Ewing,2026-09-17,4,0.0
805999,A.J. Ewing,2026-09-18,4,0.225
805999,A.J. Ewing,2026-09-19,5,0.225
805999,A.J. Ewing,2026-09-20,2,0.9
805999,A.J. Ewing,2026-09-22,4,0.4
805999,A.J. Ewing,2026-09-23,4,0.4
805999,A.J. Ewing,2026-09-24,4,0.0
805999,A.J. Ewing,2026-09-25,4,0.0
805999,A.J. Ewing,2026-09-26,4,0.675
805999,A.J. Ewing,2026-09-27,4,0.175
806146,George Lombard Jr.,2026-09-04,3,0.0
806146,George Lombard Jr.,2026-09-05,5,0.1399999999999999
806146,George Lombard Jr.,2026-09-06,4,0.3125
806146,George Lombard Jr.,2026-09-08,4,0.4
806146,George Lombard Jr.,2026-09-09,4,0.5
806146,George Lombard Jr.,2026-09-10,4,0.0
806146,George Lombard Jr.,2026-09-11,4,0.0666666666666666
806146,George Lombard Jr.,2026-09-12,4,0.175
806146,George Lombard Jr.,2026-09-14,4,0.3125
806146,George Lombard Jr.,2026-09-15,5,0.5
806146,George Lombard Jr.,2026-09-16,6,0.15
806146,George Lombard Jr.,2026-09-18,4,0.725
806146,George Lombard Jr.,2026-09-19,4,0.0
806146,George Lombard Jr.,2026-09-20,4,0.725
806146,George Lombard Jr.,2026-09-22,7,0.2571428571428572
806146,George Lombard Jr.,2026-09-23,5,0.4
806146,George Lombard Jr.,2026-09-24,4,0.8125
806146,George Lombard Jr.,2026-09-25,4,0.0
806198,Cooper Pratt,2026-09-01,4,0.225
806198,Cooper Pratt,2026-09-02,5,0.5
806198,Cooper Pratt,2026-09-04,5,0.4599999999999999
806198,Cooper Pratt,2026-09-05,3,0.3
806198,Cooper Pratt,2026-09-06,5,0.4
806198,Cooper Pratt,2026-09-07,3,0.55
806198,Cooper Pratt,2026-09-08,3,0.0
806198,Cooper Pratt,2026-09-09,4,0.0
806198,Cooper Pratt,2026-09-11,5,0.32
806198,Cooper Pratt,2026-09-12,5,0.61
806198,Cooper Pratt,2026-09-13,3,0.3
806198,Cooper Pratt,2026-09-16,4,0.45
806198,Cooper Pratt,2026-09-17,2,0.45
806198,Cooper Pratt,2026-09-18,4,0.4
806198,Cooper Pratt,2026-09-19,3,0.0
806198,Cooper Pratt,2026-09-20,4,0.625
806198,Cooper Pratt,2026-09-22,4,0.0
806198,Cooper Pratt,2026-09-24,4,0.625
806198,Cooper Pratt,2026-09-25,1,0.0
806198,Cooper Pratt,2026-09-26,4,0.4875
806198,Cooper Pratt,2026-09-27,4,0.225
806367,Turner Hill,2026-09-01,6,0.7166666666666667
806367,Turner Hill,2026-09-02,5,0.18
806367,Turner Hill,2026-09-03,4,0.35
806367,Turner Hill,2026-09-04,5,0.5
806367,Turner Hill,2026-09-05,4,0.0
806367,Turner Hill,2026-09-07,5,0.1399999999999999
806367,Turner Hill,2026-09-08,4,0.3125
806367,Turner Hill,2026-09-09,4,0.175
806367,Turner Hill,2026-09-11,4,0.0
806367,Turner Hill,2026-09-12,4,0.0
806367,Turner Hill,2026-09-13,2,0.35
806367,Turner Hill,2026-09-14,4,0.225
806367,Turner Hill,2026-09-15,5,0.72
806367,Turner Hill,2026-09-16,5,0.18
806367,Turner Hill,2026-09-18,4,0.175
806367,Turner Hill,2026-09-19,4,0.225
806367,Turner Hill,2026-09-22,4,0.0
806367,Turner Hill,2026-09-23,4,0.0
806367,Turner Hill,2026-09-26,4,0.3125
806367,Turner Hill,2026-09-27,2,0.0
806956,Ethan Salas,2026-09-02,4,0.0
806956,Ethan Salas,2026-09-05,1,0.0
806956,Ethan Salas,2026-09-06,3,0.0
806956,Ethan Salas,2026-09-07,2,0.0
806956,Ethan Salas,2026-09-09,2,0.0
806956,Ethan Salas,2026-09-12,2,0.0
806956,Ethan Salas,2026-09-13,2,0.8
806956,Ethan Salas,2026-09-15,1,0.0
806956,Ethan Salas,2026-09-16,4,1.0
806956,Ethan Salas,2026-09-18,4,0.0
806956,Ethan Salas,2026-09-19,1,0.9
806956,Ethan Salas,2026-09-20,4,0.2333333333333333
806956,Ethan Salas,2026-09-22,2,0.45
806956,Ethan Salas,2026-09-23,2,0.45
806956,Ethan Salas,2026-09-24,3,0.6
806956,Ethan Salas,2026-09-26,4,0.45
807712,Luke Keaschall,2026-09-01,5,0.43
807712,Luke Keaschall,2026-09-02,6,0.3833333333333333
807712,Luke Keaschall,2026-09-04,5,0.0
807712,Luke Keaschall,2026-09-05,5,0.36
807712,Luke Keaschall,2026-09-06,3,0.0
807712,Luke Keaschall,2026-09-07,5,0.6
807712,Luke Keaschall,2026-09-08,4,0.4875
807712,Luke Keaschall,2026-09-09,4,0.175
807712,Luke Keaschall,2026-09-11,4,0.0
807712,Luke Keaschall,2026-09-12,4,0.225
807712,Luke Keaschall,2026-09-13,4,0.45
807712,Luke Keaschall,2026-09-14,5,0.4199999999999999
807712,Luke Keaschall,2026-09-15,4,0.675
807712,Luke Keaschall,2026-09-16,6,0.58
807712,Luke Keaschall,2026-09-17,5,0.18
807712,Luke Keaschall,2026-09-18,4,0.4
807712,Luke Keaschall,2026-09-19,5,0.25
807712,Luke Keaschall,2026-09-21,4,0.0
807712,Luke Keaschall,2026-09-22,4,0.4
807712,Luke Keaschall,2026-09-23,4,0.5
807712,Luke Keaschall,2026-09-25,5,0.93
807712,Luke Keaschall,2026-09-26,4,0.8875
807712,Luke Keaschall,2026-09-27,5,0.4199999999999999
807713,Matt Shaw,2026-09-01,4,0.4875
807713,Matt Shaw,2026-09-02,4,0.4
807713,Matt Shaw,2026-09-03,1,
807713,Matt Shaw,2026-09-05,2,0.35
807713,Matt Shaw,2026-09-06,1,0.0
807713,Matt Shaw,2026-09-07,4,0.0666666666666666
807713,Matt Shaw,2026-09-08,4,0.175
807713,Matt Shaw,2026-09-12,1,0.7
807713,Matt Shaw,2026-09-13,1,0.0
807713,Matt Shaw,2026-09-15,3,0.8333333333333334
807713,Matt Shaw,2026-09-19,4,0.0
807713,Matt Shaw,2026-09-20,3,0.2333333333333333
807713,Matt Shaw,2026-09-22,4,0.0
807713,Matt Shaw,2026-09-25,7,0.4357142857142856
807713,Matt Shaw,2026-09-27,3,0.2333333333333333
807726,John Peck,2026-09-01,4,0.225
807726,John Peck,2026-09-02,6,0.475
807726,John Peck,2026-09-04,3,0.0
807726,John Peck,2026-09-05,4,0.8333333333333334
807726,John Peck,2026-09-06,4,0.0
807726,John Peck,2026-09-07,4,0.4
807726,John Peck,2026-09-09,4,0.4
807726,John Peck,2026-09-11,4,0.35
807726,John Peck,2026-09-12,5,0.18
807726,John Peck,2026-09-13,4,0.4
807726,John Peck,2026-09-15,4,0.4
807726,John Peck,2026-09-16,4,0.0
807726,John Peck,2026-09-17,4,0.225
807726,John Peck,2026-09-19,4,0.175
807726,John Peck,2026-09-20,4,0.175
807726,John Peck,2026-09-21,4,0.0
807726,John Peck,2026-09-22,4,0.0
807726,John Peck,2026-09-23,3,0.2333333333333333
807726,John Peck,2026-09-25,4,0.225
807726,John Peck,2026-09-27,3,0.0
807727,Charles McAdoo,2026-09-02,1,0.9
807727,Charles McAdoo,2026-09-04,3,0.2333333333333333
807727,Charles McAdoo,2026-09-06,2,0.45
807727,Charles McAdoo,2026-09-09,2,0.45
807727,Charles McAdoo,2026-09-11,1,0.0
807727,Charles McAdoo,2026-09-13,3,0.3
807727,Charles McAdoo,2026-09-15,1,0.9
807727,Charles McAdoo,2026-09-20,3,0.4166666666666667
807727,Charles McAdoo,2026-09-23,4,0.175
807727,Charles McAdoo,2026-09-25,3,0.7166666666666667
807727,Charles McAdoo,2026-09-27,4,0.5
808959,Munetaka Murakami,2026-09-01,5,0.1399999999999999
808959,Munetaka Murakami,2026-09-02,4,0.225
808959,Munetaka Murakami,2026-09-03,4,0.0
808959,Munetaka Murakami,2026-09-04,4,0.0
808959,Munetaka Murakami,2026-09-05,4,0.5
808959,Munetaka Murakami,2026-09-06,6,0.26
808959,Munetaka Murakami,2026-09-08,4,0.0
808959,Munetaka Murakami,2026-09-09,4,0.675
808959,Munetaka Murakami,2026-09-10,4,0.0
808959,Munetaka Murakami,2026-09-11,1,0.0
808959,Munetaka Murakami,2026-09-12,5,0.32
808959,Munetaka Murakami,2026-09-13,4,0.175
808959,Munetaka Murakami,2026-09-14,5,0.2799999999999999
808959,Munetaka Murakami,2026-09-15,5,0.1399999999999999
808959,Munetaka Murakami,2026-09-16,2,0.35
808959,Munetaka Murakami,2026-09-17,4,0.9
808959,Munetaka Murakami,2026-09-18,5,0.1399999999999999
808959,Munetaka Murakami,2026-09-19,4,0.225
808959,Munetaka Murakami,2026-09-20,5,0.4199999999999999
808959,Munetaka Murakami,2026-09-22,5,0.6799999999999999
808959,Munetaka Murakami,2026-09-23,4,0.3125
808959,Munetaka Murakami,2026-09-24,5,0.32
808959,Munetaka Murakami,2026-09-25,4,1.225
808959,Munetaka Murakami,2026-09-26,5,0.0
808959,Munetaka Murakami,2026-09-27,4,0.3125
808982,Jung Hoo Lee,2026-09-01,6,0.1166666666666666
808982,Jung Hoo Lee,2026-09-02,5,0.0
808982,Jung Hoo Lee,2026-09-03,2,0.625
808982,Jung Hoo Lee,2026-09-04,5,0.0
808982,Jung Hoo Lee,2026-09-06,4,0.225
808982,Jung Hoo Lee,2026-09-07,5,0.325
808982,Jung Hoo Lee,2026-09-08,1,0.0
808982,Jung Hoo Lee,2026-09-09,5,0.5375
808982,Jung Hoo Lee,2026-09-11,4,0.0
808982,Jung Hoo Lee,2026-09-12,4,0.225
808982,Jung Hoo Lee,2026-09-13,5,0.0
808982,Jung Hoo Lee,2026-09-14,2,0.45
808982,Jung Hoo Lee,2026-09-15,5,0.25
808982,Jung Hoo Lee,2026-09-16,5,0.1399999999999999
808982,Jung Hoo Lee,2026-09-18,4,0.5
808982,Jung Hoo Lee,2026-09-19,4,0.5375
808982,Jung Hoo Lee,2026-09-20,3,0.5333333333333333
810938,Ben Williamson,2026-09-20,3,0.0
810938,Ben Williamson,2026-09-22,4,0.225
810938,Ben Williamson,2026-09-24,3,0.2333333333333333
810938,Ben Williamson,2026-09-25,4,0.175
810938,Ben Williamson,2026-09-27,2,0.0
811965,Joshua Kuroda-Grauer,2026-09-22,2,0.0
811965,Joshua Kuroda-Grauer,2026-09-23,1,0.0
811965,Joshua Kuroda-Grauer,2026-09-24,4,0.175
811965,Joshua Kuroda-Grauer,2026-09-26,1,0.0
811965,Joshua Kuroda-Grauer,2026-09-27,4,0.225
813841,Jonah Cox,2026-09-01,6,0.475
813841,Jonah Cox,2026-09-02,1,0.0
813841,Jonah Cox,2026-09-03,4,0.175
813841,Jonah Cox,2026-09-04,2,0.9
813841,Jonah Cox,2026-09-05,5,0.18
813841,Jonah Cox,2026-09-06,4,0.225
813841,Jonah Cox,2026-09-07,5,0.275
813841,Jonah Cox,2026-09-08,4,0.3
813841,Jonah Cox,2026-09-09,4,0.225
813841,Jonah Cox,2026-09-11,5,0.5
813841,Jonah Cox,2026-09-12,4,0.225
813841,Jonah Cox,2026-09-13,5,0.18
813841,Jonah Cox,2026-09-14,4,0.225
813841,Jonah Cox,2026-09-15,5,0.32
813841,Jonah Cox,2026-09-16,5,0.6799999999999999
813841,Jonah Cox,2026-09-18,4,0.3666666666666667
813841,Jonah Cox,2026-09-19,4,0.0666666666666666
813841,Jonah Cox,2026-09-20,4,0.175
813841,Jonah Cox,2026-09-21,4,0.3125
813841,Jonah Cox,2026-09-22,5,0.1399999999999999
813841,Jonah Cox,2026-09-23,4,0.175
813841,Jonah Cox,2026-09-25,4,0.0
813841,Jonah Cox,2026-09-26,4,0.3125
813841,Jonah Cox,2026-09-27,4,0.0
814154,Scott Bandura,2026-09-13,4,0.4
814154,Scott Bandura,2026-09-14,2,0.0
814154,Scott Bandura,2026-09-15,1,0.0
814154,Scott Bandura,2026-09-16,4,0.3125
814154,Scott Bandura,2026-09-18,2,0.45
814154,Scott Bandura,2026-09-19,1,0.0
814154,Scott Bandura,2026-09-20,3,0.0
814154,Scott Bandura,2026-09-21,3,0.0
814154,Scott Bandura,2026-09-22,2,0.45
814154,Scott Bandura,2026-09-25,3,0.3
814154,Scott Bandura,2026-09-26,2,0.0
814154,Scott Bandura,2026-09-27,3,0.3
814430,Brett Callahan,2026-09-01,2,0.45
814430,Brett Callahan,2026-09-02,2,0.0
814430,Brett Callahan,2026-09-04,1,0.0
814430,Brett Callahan,2026-09-06,4,0.0
814430,Brett Callahan,2026-09-08,2,0.0
814430,Brett Callahan,2026-09-09,4,0.3125
814430,Brett Callahan,2026-09-12,3,0.65
814430,Brett Callahan,2026-09-13,1,0.0
814430,Brett Callahan,2026-09-14,4,0.225
814430,Brett Callahan,2026-09-15,1,0.0
814430,Brett Callahan,2026-09-16,4,0.175
814430,Brett Callahan,2026-09-17,1,0.7
814430,Brett Callahan,2026-09-19,3,0.3
814430,Brett Callahan,2026-09-20,4,0.225
814430,Brett Callahan,2026-09-21,1,0.0
814430,Brett Callahan,2026-09-22,1,0.0
814430,Brett Callahan,2026-09-23,1,0.0
814430,Brett Callahan,2026-09-25,4,0.4
814430,Brett Callahan,2026-09-27,3,0.2333333333333333
814439,Ryan Waldschmidt,2026-09-01,3,0.5333333333333333
814439,Ryan Waldschmidt,2026-09-04,3,0.0
814439,Ryan Waldschmidt,2026-09-05,4,0.2333333333333333
814439,Ryan Waldschmidt,2026-09-07,4,0.225
814439,Ryan Waldschmidt,2026-09-08,5,0.2249999999999999
814439,Ryan Waldschmidt,2026-09-11,4,0.35
814439,Ryan Waldschmidt,2026-09-12,4,0.0
814439,Ryan Waldschmidt,2026-09-15,2,0.0
814439,Ryan Waldschmidt,2026-09-24,2,0.8
815589,Bo Davidson,2026-09-21,4,0.225
815589,Bo Davidson,2026-09-22,4,0.4
815589,Bo Davidson,2026-09-23,3,0.3
815589,Bo Davidson,2026-09-25,3,0.3
815589,Bo Davidson,2026-09-26,4,0.45
815589,Bo Davidson,2026-09-27,4,0.225
815873,Sean Keys,2026-09-02,1,0.9
815873,Sean Keys,2026-09-03,5,0.5
815873,Sean Keys,2026-09-04,1,2.0
815873,Sean Keys,2026-09-06,2,0.0
815873,Sean Keys,2026-09-11,1,0.0
815873,Sean Keys,2026-09-18,1,0.0
815873,Sean Keys,2026-09-20,4,0.6625
815873,Sean Keys,2026-09-21,4,0.0
815873,Sean Keys,2026-09-23,5,0.36
815873,Sean Keys,2026-09-26,4,0.225
815873,Sean Keys,2026-09-27,2,0.0
823550,Sung-Mun Song,2026-09-01,1,0.0
823550,Sung-Mun Song,2026-09-12,1,0.0
823550,Sung-Mun Song,2026-09-16,1,0.0
823550,Sung-Mun Song,2026-09-19,1,0.0
823550,Sung-Mun Song,2026-09-20,1,0.0
823550,Sung-Mun Song,2026-09-24,1,0.0
823550,Sung-Mun Song,2026-09-25,2,0.9
823550,Sung-Mun Song,2026-09-27,4,0.175
828599,Lucas Spence,2026-09-23,4,0.175
828599,Lucas Spence,2026-09-24,4,1.5
828599,Lucas Spence,2026-09-25,4,0.0
828599,Lucas Spence,2026-09-26,5,0.65
828599,Lucas Spence,2026-09-27,5,0.74
