batter_id,p_throws,stand
500743,L,R
500743,R,R
502054,L,R
502054,R,R
502671,L,R
502671,R,R
514888,L,R
514888,R,R
518595,L,R
518595,R,R
518692,L,L
518692,R,L
521692,L,R
521692,R,R
543510,L,R
543510,R,R
543760,L,R
543760,R,R
543807,L,R
543807,R,R
543877,L,R
543877,R,R
545121,L,R
545121,R,L
545341,L,R
545341,R,R
545361,L,R
545361,R,R
547180,L,L
547180,R,L
553869,L,R
553869,R,R
553993,L,R
553993,R,R
571448,L,R
571448,R,R
571657,R,R
571771,L,R
571771,R,R
571912,L,R
571912,R,R
571970,L,L
571970,R,L
572233,L,R
572233,R,R
573262,L,L
573262,R,L
575929,L,R
575929,R,R
592450,L,R
592450,R,R
592518,L,R
592518,R,R
592626,R,L
592663,L,R
592663,R,R
592885,L,L
592885,R,L
593428,L,R
593428,R,R
595879,L,R
595879,R,R
595978,L,R
595978,R,R
596019,L,R
596019,R,L
596115,L,R
596115,R,R
596117,L,L
596117,R,L
596142,L,R
596142,R,R
596146,R,L
602104,L,R
602104,R,R
605137,L,R
605137,R,L
605141,L,R
605141,R,R
605170,L,R
605170,R,L
605353,L,L
605353,R,L
606192,L,R
606192,R,R
606466,L,R
606466,R,L
607043,L,L
607043,R,L
607208,L,R
607208,R,R
608070,L,R
608070,R,L
608324,L,R
608324,R,R
608348,L,R
608348,R,R
608369,L,L
608369,R,L
620443,L,R
620443,R,R
621020,L,R
621020,R,R
621438,L,R
621438,R,R
621493,L,R
621493,R,R
621550,L,R
621566,L,L
621566,R,L
622268,L,L
622268,R,L
622761,L,R
622761,R,R
623168,L,R
623168,R,L
624413,L,R
624413,R,R
624424,L,L
624424,R,L
624428,R,L
624431,L,R
624431,R,R
624641,L,R
624641,R,R
630105,L,L
630105,R,L
640459,L,R
640459,R,R
640902,L,R
640902,R,R
641343,L,L
641343,R,L
641355,L,L
641355,R,L
641487,L,L
641487,R,L
641584,R,L
641680,L,R
641680,R,R
641857,L,L
641857,R,L
642086,L,L
642086,R,L
642201,L,R
642201,R,R
642215,L,R
642215,R,R
642350,L,R
642350,R,R
642708,L,R
642708,R,R
643217,L,L
643217,R,L
643289,L,R
643289,R,R
643376,L,R
643376,R,R
643396,L,R
643396,R,R
643446,L,L
643446,R,L
645277,L,R
645277,R,L
645302,L,R
645302,R,R
645305,L,R
645305,R,R
646240,L,L
646240,R,L
647304,L,L
647304,R,L
650333,L,L
650333,R,L
650402,L,R
650402,R,R
650490,L,R
650490,R,R
650559,L,R
650559,R,R
650968,L,R
650968,R,R
655316,L,R
655316,R,R
656537,L,R
656537,R,R
656577,L,R
656577,R,R
656716,L,L
656716,R,L
656775,L,L
656775,R,L
656811,L,L
656811,R,L
656941,L,L
656941,R,L
656976,L,L
656976,R,L
657041,L,R
657136,L,R
657136,R,R
657675,L,L
657675,R,L
657757,R,L
660271,L,L
660271,R,L
660670,L,R
660670,R,R
660688,L,R
660688,R,L
660821,L,L
660821,R,L
660844,L,R
660844,R,L
661388,L,R
661388,R,R
661531,L,R
661531,R,R
662139,L,L
662139,R,L
663330,L,R
663330,R,R
663457,L,L
663457,R,L
663494,L,L
663494,R,L
663538,L,R
663538,R,R
663586,L,R
663586,R,R
663604,L,R
663611,L,R
663611,R,R
663616,L,L
663616,R,L
663647,L,R
663647,R,R
663656,L,L
663656,R,L
663728,L,R
663728,R,L
663743,L,R
663743,R,R
663757,L,L
663757,R,L
663886,L,R
663886,R,R
663968,L,R
663968,R,L
663993,L,L
663993,R,L
664023,L,R
664023,R,L
664034,L,R
664034,R,R
664040,L,L
664040,R,L
664702,L,R
664702,R,R
664728,L,L
664728,R,L
664761,L,R
664761,R,R
664770,L,L
664770,R,L
664774,L,L
664774,R,L
664954,L,L
664954,R,L
664983,L,L
664983,R,L
665019,L,L
665019,R,L
665052,L,L
665052,R,L
665161,L,R
665161,R,R
665487,L,R
665487,R,R
665489,L,R
665489,R,R
665561,L,R
665561,R,L
665742,L,L
665742,R,L
665750,L,R
665750,R,L
665804,L,R
665804,R,R
665828,L,R
665828,R,L
665833,L,L
665833,R,L
665862,L,L
665862,R,L
665877,L,R
665877,R,R
665923,L,R
665923,R,R
665926,L,L
665926,R,L
665953,L,R
665953,R,R
665966,L,R
665966,R,R
666018,L,L
666018,R,L
666023,L,R
666023,R,R
666126,L,L
666126,R,L
666139,L,L
666139,R,L
666152,L,L
666152,R,L
666160,L,L
666160,R,L
666176,L,R
666176,R,R
666182,L,R
666182,R,R
666211,L,L
666211,R,L
666310,L,L
666310,R,L
666624,L,R
666624,R,R
666971,L,R
666971,R,R
667472,L,R
667472,R,R
668227,L,R
668227,R,R
668670,L,R
668670,R,R
668709,L,L
668709,R,L
668723,L,R
668723,R,R
668800,L,R
668800,R,R
668804,L,R
668804,R,L
668885,L,R
668885,R,R
668901,L,R
668901,R,R
668904,L,R
668904,R,R
668930,L,L
668930,R,L
668939,L,R
668939,R,L
668942,L,L
668942,R,L
668952,L,R
668952,R,R
669003,L,L
669003,R,L
669016,L,L
669016,R,L
669065,L,L
669065,R,L
669127,L,R
669127,R,R
669134,L,R
669134,R,R
669221,L,R
669221,R,R
669224,L,L
669224,R,L
669236,L,R
669236,R,R
669242,L,R
669242,R,L
669257,L,R
669257,R,R
669326,L,R
669326,R,R
669357,L,L
669357,R,L
669364,L,R
669364,R,L
669392,L,R
669392,R,R
669394,L,R
669394,R,R
669397,L,R
669397,R,R
669701,L,L
669701,R,L
669707,L,R
669707,R,R
669720,L,R
669720,R,R
669743,L,R
669743,R,R
670032,L,L
670032,R,L
670231,L,L
670231,R,L
670541,L,L
670541,R,L
670623,L,R
670623,R,R
670764,L,R
670764,R,L
670770,L,L
670770,R,L
671056,L,R
671056,R,R
671218,L,R
671218,R,R
671277,L,L
671277,R,L
671732,L,L
671732,R,L
671739,L,L
671739,R,L
671976,L,L
671976,R,L
672016,L,R
672016,R,R
672275,L,R
672275,R,L
672356,L,R
672356,R,R
672386,L,R
672386,R,R
672515,L,R
672515,R,R
672580,L,R
672580,R,R
672613,R,L
672640,L,R
672640,R,R
672695,L,R
672695,R,L
672724,L,R
672724,R,R
672960,L,R
672960,R,R
673237,L,R
673237,R,R
673357,L,R
673357,R,R
673490,L,R
673490,R,R
673548,L,R
673548,R,R
673962,L,R
673962,R,R
675961,L,R
675961,R,R
676356,L,R
676356,R,R
676369,L,R
676369,R,R
676391,L,R
676391,R,R
676439,L,L
676439,R,L
676475,L,L
676475,R,L
676480,L,R
676480,R,R
676551,L,R
676551,R,R
676609,L,R
676609,R,R
676724,L,L
676724,R,L
676914,L,R
676914,R,R
677008,R,L
677347,L,R
677347,R,R
677587,L,R
677587,R,L
677588,R,L
677594,L,R
677594,R,R
677595,L,R
677595,R,L
677649,L,R
677649,R,R
677800,L,L
677800,R,L
677942,L,R
677942,R,R
677943,L,R
677943,R,R
677951,L,R
677951,R,R
677956,L,R
677956,R,R
678011,R,L
678218,L,R
678218,R,L
678246,L,R
678246,R,R
678391,L,L
678391,R,L
678489,L,R
678489,R,L
678545,L,R
678545,R,R
678662,L,R
678662,R,R
678882,L,R
678882,R,R
679529,L,R
679529,R,R
679822,L,R
679822,R,R
679845,L,R
679845,R,R
680574,L,R
680574,R,R
680577,R,L
680664,L,R
680664,R,R
680700,L,L
680700,R,L
680728,R,L
680757,L,L
680757,R,L
680776,L,L
680776,R,L
680777,L,R
680777,R,R
680779,L,R
680779,R,R
680869,L,R
680869,R,R
681047,L,R
681047,R,R
681082,L,L
681082,R,L
681198,L,L
681198,R,L
681230,L,R
681230,R,L
681297,L,L
681297,R,L
681351,L,R
681351,R,R
681393,L,R
681393,R,R
681508,L,R
681508,R,L
681624,L,R
681624,R,R
681715,L,R
681715,R,R
681807,L,R
681807,R,R
681987,L,R
681987,R,R
682177,L,L
682177,R,L
682626,L,R
682626,R,R
682657,L,R
682657,R,L
682663,L,R
682663,R,R
682668,L,R
682668,R,R
682674,L,R
682674,R,R
682829,L,R
682829,R,L
682877,L,R
682877,R,L
682927,L,R
682927,R,L
682928,L,L
682928,R,L
682985,L,L
682985,R,L
682987,L,L
682987,R,L
682998,L,L
682998,R,L
683002,L,L
683002,R,L
683011,L,R
683011,R,R
683021,L,R
683021,R,R
683083,L,R
683083,R,L
683090,L,R
683090,R,R
683146,L,L
683146,R,L
683227,L,R
683227,R,R
683357,L,L
683357,R,L
683734,L,R
683734,R,R
683737,L,L
683737,R,L
683748,L,L
683748,R,L
683766,L,R
683766,R,R
683953,L,L
683953,R,L
685133,L,L
685133,R,L
686217,L,L
686217,R,L
686469,L,L
686469,R,L
686475,L,R
686475,R,R
686527,L,L
686527,R,L
686555,L,R
686555,R,L
686611,L,R
686611,R,R
686668,L,R
686668,R,R
686681,L,L
686681,R,L
686765,L,R
686765,R,L
686780,L,R
686780,R,R
686797,L,R
686797,R,L
686948,L,L
686948,R,L
687093,L,R
687093,R,R
687221,R,L
687231,L,R
687263,L,R
687263,R,R
687363,L,L
687363,R,L
687401,L,R
687401,R,R
687462,L,L
687462,R,L
687529,L,L
687529,R,L
687551,L,L
687551,R,L
687597,L,R
687597,R,R
687605,L,R
687637,L,L
687637,R,L
687749,L,R
687749,R,R
687859,L,L
687859,R,L
687952,L,R
687952,R,R
687957,L,L
687957,R,L
688363,L,L
688363,R,L
689414,L,L
689414,R,L
690022,L,R
690291,R,L
690924,L,R
690924,R,R
690976,L,R
690976,R,L
690984,L,L
690984,R,L
690993,R,L
691002,L,R
691002,R,R
691011,L,R
691011,R,L
691019,L,L
691019,R,L
691023,L,R
691023,R,R
691026,L,R
691026,R,R
691176,L,R
691176,R,L
691181,L,L
691181,R,L
691182,L,R
691182,R,L
691277,L,R
691277,R,R
691406,L,R
691406,R,R
691594,L,R
691594,R,R
691718,L,L
691718,R,L
691720,L,R
691720,R,R
691723,L,R
691723,R,R
691728,L,L
691728,R,L
691777,L,R
691777,R,R
691781,L,R
691781,R,R
691783,L,R
691783,R,R
691785,L,L
691785,R,L
691788,L,L
691788,R,L
691858,L,R
691858,R,R
693304,L,R
693304,R,R
693306,L,R
693306,R,R
693307,L,R
693307,R,R
693409,L,L
693409,R,L
694192,L,R
694192,R,R
694197,L,R
694197,R,L
694203,L,R
694203,R,R
694208,L,L
694208,R,L
694212,L,L
694212,R,L
694224,L,R
694224,R,R
694249,L,R
694249,R,L
694371,L,R
694371,R,R
694374,L,R
694374,R,R
694376,L,R
694376,R,R
694377,L,R
694377,R,R
694378,L,L
694378,R,L
694388,R,L
694497,L,L
694497,R,L
694671,L,R
694671,R,R
694673,L,L
694673,R,L
694728,L,R
694728,R,R
695257,R,R
695336,L,R
695336,R,R
695391,L,R
695391,R,R
695490,L,R
695490,R,L
695491,L,R
695491,R,R
695506,L,L
695506,R,L
695578,L,L
695578,R,L
695600,L,L
695600,R,L
695657,L,L
695657,R,L
695670,L,R
695670,R,R
695681,L,R
695681,R,R
695720,L,R
695720,R,R
695731,L,R
695731,R,L
695734,L,L
695734,R,L
696030,L,L
696030,R,L
696100,L,R
696100,R,R
696285,L,R
696285,R,R
699013,L,R
699013,R,R
699024,L,R
699024,R,L
699115,L,L
699115,R,L
699302,L,L
699302,R,L
699393,L,R
699393,R,L
699912,L,R
699912,R,R
700250,L,L
700250,R,L
700337,L,R
700337,R,L
700652,L,R
701162,L,R
701162,R,R
701350,L,L
701350,R,L
701358,L,R
701358,R,R
701398,L,R
701398,R,R
701538,L,L
701538,R,L
701675,L,L
701675,R,L
701678,L,R
701678,R,R
701785,L,R
701785,R,R
701807,L,L
701807,R,L
701852,L,L
701852,R,L
702176,L,L
702176,R,L
702222,L,L
702222,R,L
702284,L,L
702284,R,L
702332,L,R
702332,R,R
702616,L,L
702616,R,L
703155,L,L
703155,R,L
703197,L,R
703197,R,R
703492,L,R
703492,R,R
703520,L,L
703520,R,L
703601,L,L
703601,R,L
703607,L,R
703607,R,R
800050,L,L
800050,R,L
800325,L,R
800325,R,L
800543,L,L
800543,R,L
801126,L,R
801126,R,L
801501,L,L
801501,R,L
802139,L,L
802139,R,L
802415,L,L
802415,R,L
803011,L,L
803011,R,L
804606,L,R
804606,R,R
804668,L,R
804668,R,R
805300,L,L
805300,R,L
805346,L,R
805346,R,R
805367,L,R
805367,R,R
805805,L,L
805805,R,L
805808,L,L
805808,R,L
805811,L,L
805811,R,L
805999,L,L
805999,R,L
806146,L,R
806146,R,R
806198,L,R
806198,R,R
806367,L,L
806367,R,L
806956,L,L
806956,R,L
807712,L,R
807712,R,R
807713,L,R
807713,R,R
807726,L,R
807726,R,R
807727,L,R
807727,R,R
808959,L,L
808959,R,L
808982,L,L
808982,R,L
810938,L,R
810938,R,R
811965,L,R
811965,R,R
813841,L,R
813841,R,R
814154,L,L
814154,R,L
814430,R,L
814439,L,R
814439,R,R
815589,L,L
815589,R,L
815873,R,L
823550,L,L
823550,R,L
828599,L,L
828599,R,L
