batter_id,batter_name,pitch_type,p_throws,n,whiff_pct,xwoba,slg
691406,Junior Caminero,SL,L,9,40.0,0.453055,0.3333333333333333
691406,Junior Caminero,SL,R,35,8.695652173913043,0.2967272727272727,0.6363636363636364
691406,Junior Caminero,ST,L,5,0.0,,0.0
691406,Junior Caminero,ST,R,56,21.21212121212121,0.15225,0.3333333333333333
691594,Javier Sanoja,CH,L,10,0.0,0.3198888888888889,0.3333333333333333
691594,Javier Sanoja,CH,R,16,8.333333333333334,0.3559133333333333,0.25
691594,Javier Sanoja,CU,L,5,0.0,0.045,0.0
691594,Javier Sanoja,CU,R,13,0.0,0.278,0.0
691594,Javier Sanoja,FC,L,4,0.0,0.327,2.0
691594,Javier Sanoja,FC,R,35,13.636363636363637,0.4886,1.4
691594,Javier Sanoja,FF,L,20,11.11111111111111,0.1045,0.5
691594,Javier Sanoja,FF,R,69,21.05263157894737,0.2144375,0.1875
691594,Javier Sanoja,FS,L,8,33.333333333333336,0.3785,0.25
691594,Javier Sanoja,FS,R,8,0.0,0.488055,0.3333333333333333
691594,Javier Sanoja,KC,R,1,0.0,0.347,1.0
691594,Javier Sanoja,SI,L,10,0.0,0.2415,0.5
691594,Javier Sanoja,SI,R,59,6.25,0.481861,1.105263157894737
691594,Javier Sanoja,SL,L,4,0.0,0.449,1.0
691594,Javier Sanoja,SL,R,34,21.05263157894737,0.1645,0.25
691594,Javier Sanoja,ST,L,5,0.0,,0.0
691594,Javier Sanoja,ST,R,19,0.0,0.105,0.0
691594,Javier Sanoja,SV,R,2,0.0,0.869,1.0
691718,Pete Crow-Armstrong,CH,L,22,14.285714285714286,0.33475,0.25
691718,Pete Crow-Armstrong,CH,R,40,11.11111111111111,0.6522857142857142,1.0
691718,Pete Crow-Armstrong,CU,L,3,33.333333333333336,0.0,0.0
691718,Pete Crow-Armstrong,CU,R,26,42.85714285714285,0.1702,0.2
691718,Pete Crow-Armstrong,FC,L,11,28.571428571428573,0.0104999999999999,0.0
691718,Pete Crow-Armstrong,FC,R,24,10.0,0.449805,0.6666666666666666
691718,Pete Crow-Armstrong,FF,L,13,0.0,0.364583,0.0
691718,Pete Crow-Armstrong,FF,R,114,27.41935483870968,0.4409377777777777,0.95
691718,Pete Crow-Armstrong,FS,R,15,20.0,0.4876666666666667,0.6666666666666666
691718,Pete Crow-Armstrong,SI,L,49,7.142857142857143,0.2063846153846153,0.1538461538461538
691718,Pete Crow-Armstrong,SI,R,48,31.818181818181817,0.4034533333333334,0.5
691718,Pete Crow-Armstrong,SL,L,10,42.85714285714285,0.10275,0.0
691718,Pete Crow-Armstrong,SL,R,36,25.0,0.5142439999999999,0.25
691718,Pete Crow-Armstrong,ST,L,24,36.36363636363637,0.1536666666666666,0.0
691718,Pete Crow-Armstrong,ST,R,13,14.285714285714286,0.6786666666666666,1.3333333333333333
691720,Kyle Karros,CH,L,16,57.142857142857146,0.1206,0.0
691720,Kyle Karros,CH,R,4,50.0,0.69822,0.0
691720,Kyle Karros,CU,L,3,,,0.0
691720,Kyle Karros,CU,R,2,,,0.0
691720,Kyle Karros,FC,L,11,33.333333333333336,0.062,0.0
691720,Kyle Karros,FC,R,21,25.0,0.40475,0.75
691720,Kyle Karros,FF,L,13,0.0,0.8844,2.0
691720,Kyle Karros,FF,R,40,15.789473684210526,0.3319442857142857,0.2307692307692307
691720,Kyle Karros,FS,R,2,100.0,0.0,0.0
691720,Kyle Karros,KC,R,5,100.0,0.0,0.0
691720,Kyle Karros,SI,L,14,0.0,0.464244,1.0
691720,Kyle Karros,SI,R,39,7.142857142857143,0.2863626666666666,0.2307692307692307
691720,Kyle Karros,SL,L,6,66.66666666666667,0.2614066666666666,0.0
691720,Kyle Karros,SL,R,44,27.272727272727277,0.2320138333333333,0.1818181818181818
691720,Kyle Karros,ST,L,7,0.0,0.039,0.0
691720,Kyle Karros,ST,R,26,75.0,0.0033333333333333,0.0
691720,Kyle Karros,SV,L,4,100.0,,0.0
691720,Kyle Karros,SV,R,5,,0.0,0.0
691723,Coby Mayo,CH,L,27,87.5,0.34911,0.0
691723,Coby Mayo,CH,R,8,100.0,0.0,0.0
691723,Coby Mayo,CU,L,12,0.0,0.25,1.5
691723,Coby Mayo,CU,R,24,0.0,0.27925,0.0
691723,Coby Mayo,FC,L,10,0.0,0.2433333333333333,0.6666666666666666
691723,Coby Mayo,FC,R,26,30.0,0.8863049999999999,2.0
691723,Coby Mayo,FF,L,21,0.0,0.91687,1.0
691723,Coby Mayo,FF,R,77,8.571428571428571,0.5028623529411764,0.6428571428571429
691723,Coby Mayo,FO,R,3,100.0,0.0,0.0
691723,Coby Mayo,FS,L,1,,,0.0
691723,Coby Mayo,FS,R,5,50.0,0.0,0.0
691723,Coby Mayo,KC,L,1,100.0,0.0,0.0
691723,Coby Mayo,SI,L,33,11.764705882352942,0.4602711111111112,0.1428571428571428
691723,Coby Mayo,SI,R,36,11.764705882352942,0.3889999999999999,0.7142857142857143
691723,Coby Mayo,SL,L,2,100.0,0.0,0.0
691723,Coby Mayo,SL,R,48,27.77777777777778,0.4738014285714285,0.75
691723,Coby Mayo,ST,L,15,20.0,0.068,0.25
691723,Coby Mayo,ST,R,37,20.0,0.1184285714285714,0.0
691728,Zac Veen,CH,L,3,100.0,,0.0
691728,Zac Veen,CH,R,11,20.0,0.237555,0.0
691728,Zac Veen,CU,L,2,0.0,,0.0
691728,Zac Veen,CU,R,7,100.0,0.0,0.0
691728,Zac Veen,FC,R,20,8.333333333333334,0.4578,1.4
691728,Zac Veen,FF,L,3,100.0,0.0,0.0
691728,Zac Veen,FF,R,68,40.625,0.1834757142857142,0.0
691728,Zac Veen,FS,L,1,100.0,0.0,0.0
691728,Zac Veen,FS,R,3,0.0,0.555,1.0
691728,Zac Veen,KC,R,4,0.0,0.419,0.0
691728,Zac Veen,SI,L,14,0.0,0.08,0.3333333333333333
691728,Zac Veen,SI,R,21,8.333333333333334,0.37025,0.25
691728,Zac Veen,SL,L,3,0.0,0.0,0.0
691728,Zac Veen,SL,R,14,40.0,0.5532,1.2
691728,Zac Veen,ST,L,4,0.0,,0.0
691728,Zac Veen,ST,R,2,0.0,,0.0
691728,Zac Veen,SV,R,1,100.0,0.0,0.0
691777,Max Muncy,CH,L,4,100.0,,0.0
691777,Max Muncy,CH,R,1,,,0.0
691777,Max Muncy,CU,L,4,100.0,0.0,0.0
691777,Max Muncy,CU,R,1,,,0.0
691777,Max Muncy,FC,R,4,50.0,0.74,1.0
691777,Max Muncy,FF,L,16,22.22222222222222,0.2587033333333333,0.2
691777,Max Muncy,FF,R,11,20.0,0.93075,2.25
691777,Max Muncy,FS,R,2,,,0.0
691777,Max Muncy,KC,L,1,100.0,0.0,0.0
691777,Max Muncy,KC,R,4,0.0,0.246,1.0
691777,Max Muncy,SI,L,4,0.0,0.0,0.0
691777,Max Muncy,SI,R,44,8.0,0.2433333333333333,0.2222222222222222
691777,Max Muncy,SL,L,3,0.0,0.064,0.0
691777,Max Muncy,SL,R,16,28.571428571428573,0.2515366666666667,0.2
691777,Max Muncy,ST,L,1,,,0.0
691777,Max Muncy,ST,R,25,33.333333333333336,0.1865714285714285,0.2857142857142857
691781,Brady House,CH,L,16,20.0,0.4747457142857142,0.6666666666666666
691781,Brady House,CH,R,3,100.0,0.0,0.0
691781,Brady House,CU,L,11,25.0,0.4427399999999999,0.5
691781,Brady House,CU,R,8,0.0,0.11825,0.0
691781,Brady House,FA,L,1,,,0.0
691781,Brady House,FC,L,7,0.0,0.316,0.0
691781,Brady House,FC,R,16,12.5,0.1235,1.0
691781,Brady House,FF,L,51,16.666666666666668,0.3102216666666667,0.2222222222222222
691781,Brady House,FF,R,32,16.666666666666668,0.330125,0.2857142857142857
691781,Brady House,FS,R,4,0.0,0.045,0.0
691781,Brady House,SI,L,12,33.333333333333336,0.3466666666666667,0.3333333333333333
691781,Brady House,SI,R,27,7.142857142857143,0.3927683333333333,0.6363636363636364
691781,Brady House,SL,L,10,0.0,0.5941466666666666,1.0
691781,Brady House,SL,R,20,42.85714285714285,0.1915,0.25
691781,Brady House,ST,L,6,0.0,,0.0
691781,Brady House,ST,R,12,40.0,0.2465,0.0
691783,Jordan Lawlar,CH,L,15,50.0,,0.0
691783,Jordan Lawlar,CH,R,6,66.66666666666667,0.2015,0.0
691783,Jordan Lawlar,CU,L,6,33.333333333333336,0.1133333333333333,0.0
691783,Jordan Lawlar,CU,R,2,0.0,0.041,0.0
691783,Jordan Lawlar,FC,L,6,50.0,0.0,0.0
691783,Jordan Lawlar,FC,R,9,50.0,0.141,1.0
691783,Jordan Lawlar,FF,L,24,15.384615384615383,0.8052775,1.2857142857142858
691783,Jordan Lawlar,FF,R,37,36.36363636363637,0.2164,0.3
691783,Jordan Lawlar,FS,L,2,100.0,0.0,0.0
691783,Jordan Lawlar,FS,R,1,0.0,,0.0
691783,Jordan Lawlar,KC,L,4,50.0,0.0015,0.0
691783,Jordan Lawlar,KC,R,1,,,0.0
691783,Jordan Lawlar,SI,L,14,25.0,0.31,0.3333333333333333
691783,Jordan Lawlar,SI,R,39,26.31578947368421,0.3487776666666666,0.8
691783,Jordan Lawlar,SL,L,11,40.0,0.11475,0.0
691783,Jordan Lawlar,SL,R,26,25.0,0.4396,0.8
691783,Jordan Lawlar,ST,L,6,,,0.0
691783,Jordan Lawlar,ST,R,25,11.11111111111111,0.1473333333333333,0.0
691783,Jordan Lawlar,SV,R,2,100.0,,0.0
691785,Marcelo Mayer,CH,L,1,0.0,0.069,0.0
691785,Marcelo Mayer,CH,R,12,60.0,0.212,0.0
691785,Marcelo Mayer,CU,L,3,100.0,0.0,0.0
691785,Marcelo Mayer,CU,R,3,,,0.0
691785,Marcelo Mayer,FC,R,5,50.0,0.676,0.0
691785,Marcelo Mayer,FF,L,7,0.0,0.26375,0.0
691785,Marcelo Mayer,FF,R,9,0.0,0.42061,1.0
691785,Marcelo Mayer,FS,R,3,,,0.0
691785,Marcelo Mayer,SI,L,2,,0.69822,0.0
691785,Marcelo Mayer,SI,R,1,,,0.0
691785,Marcelo Mayer,SL,L,10,66.66666666666667,0.461,0.0
691785,Marcelo Mayer,SL,R,14,66.66666666666667,0.0,0.0
691785,Marcelo Mayer,ST,L,1,,,0.0
691785,Marcelo Mayer,ST,R,2,,,0.0
691788,Joe Mack,CH,R,40,22.727272727272727,0.1795,0.3333333333333333
691788,Joe Mack,CS,L,1,100.0,,0.0
691788,Joe Mack,CU,L,2,0.0,0.564,0.0
691788,Joe Mack,CU,R,25,53.84615384615385,0.2962857142857142,0.5714285714285714
691788,Joe Mack,FC,L,2,0.0,0.4055,0.5
691788,Joe Mack,FC,R,21,8.333333333333334,0.3918,1.25
691788,Joe Mack,FF,L,6,33.333333333333336,0.003,0.0
691788,Joe Mack,FF,R,55,4.166666666666667,0.4121107692307691,0.2727272727272727
691788,Joe Mack,FO,R,1,,,0.0
691788,Joe Mack,FS,R,10,50.0,0.0675,0.0
691788,Joe Mack,KC,R,4,50.0,0.207,0.5
691788,Joe Mack,PO,R,1,,,0.0
691788,Joe Mack,SI,L,7,0.0,0.126,1.0
691788,Joe Mack,SI,R,23,0.0,0.4025999999999999,0.2
691788,Joe Mack,SL,L,7,50.0,0.096,0.0
691788,Joe Mack,SL,R,15,16.666666666666668,0.259,0.2
691788,Joe Mack,ST,L,10,60.0,0.0855,0.0
691788,Joe Mack,ST,R,5,100.0,0.0,0.0
691858,Jared Serna,CH,L,11,33.333333333333336,0.4985,1.0
691858,Jared Serna,CH,R,1,0.0,0.031,0.0
691858,Jared Serna,CU,L,3,0.0,,0.0
691858,Jared Serna,CU,R,1,,,0.0
691858,Jared Serna,FC,L,7,25.0,0.012,0.0
691858,Jared Serna,FC,R,5,50.0,0.69822,0.0
691858,Jared Serna,FF,L,29,27.77777777777778,0.0454,0.0
691858,Jared Serna,FF,R,13,22.22222222222222,0.1873333333333333,0.6666666666666666
691858,Jared Serna,FS,L,9,28.571428571428573,0.1213333333333333,0.0
691858,Jared Serna,SI,L,7,50.0,0.835,2.0
691858,Jared Serna,SI,R,24,0.0,0.3870314285714286,0.6
691858,Jared Serna,SL,L,1,,0.69822,0.0
691858,Jared Serna,SL,R,4,100.0,0.0,0.0
691858,Jared Serna,ST,L,3,0.0,,0.0
691858,Jared Serna,ST,R,1,100.0,0.0,0.0
693304,Nick Gonzales,CH,L,14,12.5,0.281,0.8
693304,Nick Gonzales,CH,R,9,20.0,0.886,1.0
693304,Nick Gonzales,CU,L,10,33.333333333333336,0.285,0.0
693304,Nick Gonzales,CU,R,5,0.0,0.79711,1.0
693304,Nick Gonzales,FC,L,7,25.0,0.148,0.0
693304,Nick Gonzales,FC,R,21,35.714285714285715,0.205125,0.375
693304,Nick Gonzales,FF,L,42,10.526315789473683,0.4044004285714285,0.5454545454545454
693304,Nick Gonzales,FF,R,46,13.636363636363637,0.3665555555555555,0.1111111111111111
693304,Nick Gonzales,FS,L,8,28.571428571428573,0.188,0.0
693304,Nick Gonzales,FS,R,1,,,0.0
693304,Nick Gonzales,KC,R,1,,,0.0
693304,Nick Gonzales,SI,L,5,25.0,0.195,1.0
693304,Nick Gonzales,SI,R,63,12.12121212121212,0.3636479047619047,0.2222222222222222
693304,Nick Gonzales,SL,L,9,40.0,0.3309999999999999,0.0
693304,Nick Gonzales,SL,R,10,25.0,0.259,0.25
693304,Nick Gonzales,ST,L,3,,0.69822,0.0
693304,Nick Gonzales,ST,R,23,22.22222222222222,0.2450332,0.25
693306,Aaron Sabato,CH,L,3,0.0,0.171,0.0
693306,Aaron Sabato,CU,L,1,0.0,0.105,0.0
693306,Aaron Sabato,FF,L,4,0.0,,0.0
693306,Aaron Sabato,FF,R,5,33.333333333333336,0.1815,0.0
693306,Aaron Sabato,SI,L,1,0.0,,0.0
693306,Aaron Sabato,SI,R,4,0.0,,0.0
693306,Aaron Sabato,SL,L,2,50.0,0.0,0.0
693306,Aaron Sabato,ST,R,2,50.0,0.0,0.0
693307,Dillon Dingler,CH,L,19,40.0,0.2196028571428571,0.0
693307,Dillon Dingler,CH,R,7,50.0,0.064,0.0
693307,Dillon Dingler,CU,L,9,0.0,0.217,0.0
693307,Dillon Dingler,CU,R,27,55.55555555555556,0.1134999999999999,0.25
693307,Dillon Dingler,FC,L,9,50.0,0.3555,1.0
693307,Dillon Dingler,FC,R,4,,,0.0
693307,Dillon Dingler,FF,L,31,0.0,0.5156028571428571,0.1666666666666666
693307,Dillon Dingler,FF,R,43,7.6923076923076925,0.4970666666666666,0.6428571428571429
693307,Dillon Dingler,FS,R,6,75.0,0.0,0.0
693307,Dillon Dingler,KC,R,12,60.0,0.36175,0.25
693307,Dillon Dingler,SI,L,3,0.0,0.811,1.0
693307,Dillon Dingler,SI,R,51,10.0,0.2529090909090909,0.2727272727272727
693307,Dillon Dingler,SL,L,8,33.333333333333336,0.0675,0.0
693307,Dillon Dingler,SL,R,21,25.0,0.3204285714285714,0.2857142857142857
693307,Dillon Dingler,ST,L,6,0.0,,0.0
693307,Dillon Dingler,ST,R,16,37.5,0.2085,0.0
693409,César Prieto,CU,R,2,0.0,0.039,0.0
693409,César Prieto,FC,R,1,0.0,,0.0
693409,César Prieto,FF,R,7,0.0,0.4360549999999999,0.0
693409,César Prieto,FS,R,2,,,0.0
693409,César Prieto,SI,L,2,100.0,0.0,0.0
693409,César Prieto,SI,R,4,0.0,0.115,0.0
693409,César Prieto,SL,L,3,100.0,,0.0
693409,César Prieto,SL,R,1,,,0.0
693409,César Prieto,SV,R,1,0.0,0.451,3.0
694192,Jackson Chourio,CH,L,31,20.0,0.4525,0.8571428571428571
694192,Jackson Chourio,CH,R,9,16.666666666666668,0.899,1.6666666666666667
694192,Jackson Chourio,CU,L,21,0.0,0.46625,1.0
694192,Jackson Chourio,CU,R,8,0.0,0.48374,0.5
694192,Jackson Chourio,EP,R,1,0.0,0.802,1.0
694192,Jackson Chourio,FC,L,2,,,0.0
694192,Jackson Chourio,FC,R,24,21.428571428571427,0.4579025,0.4285714285714285
694192,Jackson Chourio,FF,L,45,31.57894736842105,0.5649133333333334,1.0
694192,Jackson Chourio,FF,R,46,37.03703703703704,0.29582625,0.1428571428571428
694192,Jackson Chourio,FS,R,11,33.333333333333336,0.6666666666666666,1.3333333333333333
694192,Jackson Chourio,KC,R,5,50.0,0.815,1.0
694192,Jackson Chourio,SI,L,12,0.0,0.4272439999999999,0.75
694192,Jackson Chourio,SI,R,73,18.75,0.2291616666666666,0.2
694192,Jackson Chourio,SL,L,13,0.0,0.183,1.0
694192,Jackson Chourio,SL,R,49,43.47826086956522,0.2095,0.1666666666666666
694192,Jackson Chourio,ST,L,4,,0.0,0.0
694192,Jackson Chourio,ST,R,34,31.25,0.332,0.3333333333333333
694192,Jackson Chourio,SV,R,1,,,0.0
694197,Angel Genao,CH,L,11,0.0,0.258,0.0
694197,Angel Genao,CH,R,16,16.666666666666668,0.268,0.25
694197,Angel Genao,CU,L,6,50.0,,0.0
694197,Angel Genao,CU,R,11,0.0,0.283,0.0
694197,Angel Genao,FC,L,14,50.0,0.1626666666666666,0.3333333333333333
694197,Angel Genao,FC,R,14,11.11111111111111,0.2045,0.0
694197,Angel Genao,FF,L,18,30.0,0.3252,0.0
694197,Angel Genao,FF,R,41,20.0,0.3253439999999999,0.125
694197,Angel Genao,FS,L,2,100.0,0.0,0.0
694197,Angel Genao,FS,R,5,50.0,0.2265,0.5
694197,Angel Genao,KC,L,1,0.0,0.106,0.0
694197,Angel Genao,KC,R,13,80.0,0.47961,0.0
694197,Angel Genao,SI,L,14,14.285714285714286,0.4661666666666666,1.0
694197,Angel Genao,SI,R,21,14.285714285714286,0.2501742857142857,0.0
694197,Angel Genao,SL,L,3,,,0.0
694197,Angel Genao,SL,R,16,25.0,0.302,0.5
694197,Angel Genao,ST,L,11,75.0,0.189055,0.0
694197,Angel Genao,ST,R,2,,,0.0
694203,Denzer Guzman,CH,L,34,26.08695652173913,0.217625,0.375
694203,Denzer Guzman,CH,R,1,,,0.0
694203,Denzer Guzman,CU,L,14,0.0,0.3911099999999999,0.0
694203,Denzer Guzman,CU,R,8,33.333333333333336,0.524,0.5
694203,Denzer Guzman,FC,L,8,20.0,0.823,2.0
694203,Denzer Guzman,FC,R,12,50.0,0.4225,0.25
694203,Denzer Guzman,FF,L,50,17.391304347826086,0.2513014285714285,0.4615384615384615
694203,Denzer Guzman,FF,R,43,16.0,0.1640244444444444,0.0
694203,Denzer Guzman,FS,R,4,0.0,0.103,0.0
694203,Denzer Guzman,KC,R,3,0.0,,0.0
694203,Denzer Guzman,SI,L,16,10.0,0.2476666666666666,0.3333333333333333
694203,Denzer Guzman,SI,R,30,26.666666666666668,0.2658014285714286,0.3076923076923077
694203,Denzer Guzman,SL,L,15,22.22222222222222,0.3751428571428571,0.2857142857142857
694203,Denzer Guzman,SL,R,21,46.15384615384615,0.174555,0.0
694203,Denzer Guzman,ST,L,1,100.0,0.0,0.0
694203,Denzer Guzman,ST,R,33,31.818181818181817,0.1661666666666666,0.1666666666666666
694208,Moisés Ballesteros,CH,L,3,,0.729166,0.0
694208,Moisés Ballesteros,CH,R,25,35.714285714285715,0.2504025,0.1428571428571428
694208,Moisés Ballesteros,CU,L,2,0.0,0.041,0.0
694208,Moisés Ballesteros,CU,R,8,66.66666666666667,0.492,1.0
694208,Moisés Ballesteros,FC,L,6,33.333333333333336,0.0,0.0
694208,Moisés Ballesteros,FC,R,5,0.0,,0.0
694208,Moisés Ballesteros,FF,L,14,0.0,0.199044,0.3333333333333333
694208,Moisés Ballesteros,FF,R,104,20.967741935483872,0.3764352,0.5714285714285714
694208,Moisés Ballesteros,FS,R,19,25.0,0.097,0.0
694208,Moisés Ballesteros,KC,R,12,28.571428571428573,0.47575,0.5
694208,Moisés Ballesteros,SI,L,15,11.11111111111111,0.2976,0.4
694208,Moisés Ballesteros,SI,R,12,50.0,0.3123333333333333,0.3333333333333333
694208,Moisés Ballesteros,SL,L,14,44.44444444444444,0.1045,0.6666666666666666
694208,Moisés Ballesteros,SL,R,25,46.15384615384615,0.2597033333333333,0.2
694208,Moisés Ballesteros,ST,L,12,40.0,0.445,0.5
694208,Moisés Ballesteros,ST,R,10,66.66666666666667,0.0015,0.0
694212,Samuel Basallo,CH,L,1,,0.729166,0.0
694212,Samuel Basallo,CH,R,12,33.333333333333336,0.149,0.0
694212,Samuel Basallo,CU,L,5,50.0,0.0,0.0
694212,Samuel Basallo,CU,R,16,22.22222222222222,0.1859999999999999,0.0
694212,Samuel Basallo,FC,L,3,0.0,0.4195,0.5
694212,Samuel Basallo,FC,R,30,12.5,0.2755275,0.1428571428571428
694212,Samuel Basallo,FF,L,9,100.0,0.34911,0.0
694212,Samuel Basallo,FF,R,39,10.0,0.285,0.1666666666666666
694212,Samuel Basallo,FO,R,4,50.0,0.0,0.0
694212,Samuel Basallo,FS,R,6,25.0,1.098,2.0
694212,Samuel Basallo,KC,R,5,80.0,0.0,0.0
694212,Samuel Basallo,SI,L,6,50.0,0.0335,0.0
694212,Samuel Basallo,SI,R,9,0.0,0.82761,1.0
694212,Samuel Basallo,SL,L,5,33.333333333333336,,0.0
694212,Samuel Basallo,SL,R,7,0.0,0.013,0.0
694212,Samuel Basallo,ST,L,13,12.5,0.0773333333333333,0.0
694212,Samuel Basallo,ST,R,10,0.0,0.4340553333333333,0.5
694224,Gabriel Gonzalez,CH,L,3,0.0,0.085,0.0
694224,Gabriel Gonzalez,CH,R,1,100.0,0.0,0.0
694224,Gabriel Gonzalez,FC,R,1,0.0,,0.0
694224,Gabriel Gonzalez,FF,L,3,0.0,,0.0
694224,Gabriel Gonzalez,FF,R,5,0.0,0.422,1.0
694224,Gabriel Gonzalez,SI,R,1,,,0.0
694224,Gabriel Gonzalez,SL,L,2,100.0,0.0,0.0
694224,Gabriel Gonzalez,SL,R,2,0.0,0.085,0.0
694224,Gabriel Gonzalez,ST,L,1,0.0,0.157,0.0
694249,Cole Carrigg,CH,L,18,36.36363636363637,0.3036666666666667,0.6666666666666666
694249,Cole Carrigg,CH,R,43,38.095238095238095,0.15875,0.25
694249,Cole Carrigg,CU,L,20,50.0,0.073,0.25
694249,Cole Carrigg,CU,R,20,50.0,0.08925,0.0
694249,Cole Carrigg,FC,L,17,16.666666666666668,0.235,0.0
694249,Cole Carrigg,FC,R,28,12.5,0.4671666666666667,1.0
694249,Cole Carrigg,FF,L,51,21.62162162162162,0.3169230769230769,0.4615384615384615
694249,Cole Carrigg,FF,R,68,18.181818181818183,0.4001834782608695,0.9090909090909092
694249,Cole Carrigg,FS,R,5,25.0,0.1325,0.5
694249,Cole Carrigg,KC,L,3,50.0,0.0,0.0
694249,Cole Carrigg,KC,R,2,0.0,0.917,3.0
694249,Cole Carrigg,SI,L,22,0.0,0.3434,0.25
694249,Cole Carrigg,SI,R,23,6.666666666666667,0.2744999999999999,0.5
694249,Cole Carrigg,SL,L,9,0.0,0.087,0.0
694249,Cole Carrigg,SL,R,40,37.5,0.3746666666666667,0.8333333333333334
694249,Cole Carrigg,ST,L,8,50.0,0.441,0.5
694249,Cole Carrigg,ST,R,13,60.0,0.17,0.6666666666666666
694249,Cole Carrigg,SV,L,4,100.0,0.0,0.0
694249,Cole Carrigg,SV,R,3,50.0,0.3190553333333333,0.0
694371,Tommy Troy,CH,L,3,0.0,,0.0
694371,Tommy Troy,CH,R,4,100.0,0.0,0.0
694371,Tommy Troy,CU,L,1,100.0,,0.0
694371,Tommy Troy,FC,L,1,0.0,0.005,0.0
694371,Tommy Troy,FC,R,1,,,0.0
694371,Tommy Troy,FF,L,2,100.0,0.0,0.0
694371,Tommy Troy,FF,R,1,0.0,,0.0
694371,Tommy Troy,SI,L,1,0.0,0.303,0.0
694371,Tommy Troy,SI,R,8,0.0,0.207,0.5
694371,Tommy Troy,SL,R,6,50.0,0.01,0.0
694371,Tommy Troy,ST,R,1,100.0,0.0,0.0
694374,Tim Tawa,CH,L,12,66.66666666666667,0.8585,1.0
694374,Tim Tawa,CH,R,10,37.5,0.1065,0.0
694374,Tim Tawa,CU,L,4,100.0,0.0,0.0
694374,Tim Tawa,CU,R,7,100.0,0.0,0.0
694374,Tim Tawa,FC,L,1,0.0,,0.0
694374,Tim Tawa,FC,R,22,33.333333333333336,0.359625,0.75
694374,Tim Tawa,FF,L,24,9.090909090909092,0.8226028571428571,1.1666666666666667
694374,Tim Tawa,FF,R,87,16.666666666666668,0.2573736363636363,0.238095238095238
694374,Tim Tawa,FS,R,3,0.0,0.373,0.0
694374,Tim Tawa,KC,L,7,100.0,,0.0
694374,Tim Tawa,KC,R,4,,,0.0
694374,Tim Tawa,SI,L,10,25.0,0.0676666666666666,0.0
694374,Tim Tawa,SI,R,28,0.0,0.40024,0.0
694374,Tim Tawa,SL,L,7,100.0,0.34911,0.0
694374,Tim Tawa,SL,R,37,33.333333333333336,0.5498885714285714,0.8333333333333334
694374,Tim Tawa,ST,L,10,20.0,0.0843333333333333,0.25
694374,Tim Tawa,ST,R,44,41.66666666666666,0.1556666666666666,0.0909090909090909
694376,Shay Whitcomb,CH,L,21,46.15384615384615,0.0895714285714285,0.3333333333333333
694376,Shay Whitcomb,CH,R,9,0.0,0.152,0.0
694376,Shay Whitcomb,CU,L,13,0.0,0.873,1.0
694376,Shay Whitcomb,CU,R,11,66.66666666666667,0.69822,0.0
694376,Shay Whitcomb,FC,L,4,33.333333333333336,0.161,0.0
694376,Shay Whitcomb,FC,R,11,50.0,0.70761,0.0
694376,Shay Whitcomb,FF,L,41,16.666666666666668,0.2067272727272727,0.2727272727272727
694376,Shay Whitcomb,FF,R,65,17.24137931034483,0.3910813333333333,0.5714285714285714
694376,Shay Whitcomb,FS,R,1,,,0.0
694376,Shay Whitcomb,KC,L,2,,,0.0
694376,Shay Whitcomb,KC,R,8,66.66666666666667,0.0,0.0
694376,Shay Whitcomb,SI,L,10,0.0,0.2496666666666666,0.3333333333333333
694376,Shay Whitcomb,SI,R,22,0.0,0.21275,0.375
694376,Shay Whitcomb,SL,L,9,0.0,0.3462,0.2
694376,Shay Whitcomb,SL,R,18,11.11111111111111,0.213,0.0
694376,Shay Whitcomb,ST,L,6,0.0,0.728,0.5
694376,Shay Whitcomb,ST,R,18,16.666666666666668,0.275625,0.5
694377,Nick Yorke,CH,L,2,0.0,0.05,1.0
694377,Nick Yorke,CU,L,2,,,0.0
694377,Nick Yorke,FC,R,3,50.0,0.69822,0.0
694377,Nick Yorke,FF,L,6,0.0,,0.0
694377,Nick Yorke,FS,L,1,,,0.0
694377,Nick Yorke,SI,R,3,0.0,,0.0
694377,Nick Yorke,SL,L,3,0.0,0.36461,0.0
694377,Nick Yorke,ST,R,1,,,0.0
694378,Jacob Gonzalez,CH,R,22,33.333333333333336,0.1188571428571428,0.1428571428571428
694378,Jacob Gonzalez,CU,L,1,,,0.0
694378,Jacob Gonzalez,CU,R,5,33.333333333333336,1.0585,2.5
694378,Jacob Gonzalez,FC,R,8,33.333333333333336,0.214,0.5
694378,Jacob Gonzalez,FF,L,2,0.0,0.711,2.0
694378,Jacob Gonzalez,FF,R,36,23.80952380952381,0.2220275,0.1428571428571428
694378,Jacob Gonzalez,FS,R,5,0.0,0.054,0.0
694378,Jacob Gonzalez,KC,R,3,0.0,,0.0
694378,Jacob Gonzalez,SI,L,2,0.0,0.026,0.0
694378,Jacob Gonzalez,SI,R,16,0.0,0.703731,0.75
694378,Jacob Gonzalez,SL,L,3,50.0,,0.0
694378,Jacob Gonzalez,SL,R,9,66.66666666666667,0.007,0.0
694378,Jacob Gonzalez,ST,L,1,,,0.0
694378,Jacob Gonzalez,ST,R,10,0.0,0.176805,0.0
694388,Joey Loperfido,FF,R,3,100.0,0.0,0.0
694497,Evan Carter,CH,L,1,100.0,,0.0
694497,Evan Carter,CH,R,44,36.8421052631579,0.3134545454545454,0.4545454545454545
694497,Evan Carter,CU,L,1,0.0,0.114,0.0
694497,Evan Carter,CU,R,6,33.333333333333336,,0.0
694497,Evan Carter,FC,L,4,0.0,0.299,0.0
694497,Evan Carter,FC,R,15,33.333333333333336,0.2654999999999999,0.25
694497,Evan Carter,FF,L,4,100.0,0.0,0.0
694497,Evan Carter,FF,R,58,10.0,0.2416185714285714,0.2
694497,Evan Carter,FS,R,15,60.0,0.1486666666666666,0.0
694497,Evan Carter,KC,R,6,25.0,0.2944,0.25
694497,Evan Carter,SI,L,9,0.0,0.0,0.0
694497,Evan Carter,SI,R,26,13.333333333333334,0.414,0.6363636363636364
694497,Evan Carter,SL,L,5,0.0,0.334,1.0
694497,Evan Carter,SL,R,15,50.0,0.3886771999999999,0.0
694497,Evan Carter,ST,L,9,25.0,0.17125,0.25
694497,Evan Carter,ST,R,13,75.0,0.016,0.0
694671,Wyatt Langford,CH,L,31,40.0,0.1684439999999999,0.0
694671,Wyatt Langford,CH,R,16,62.5,0.02075,0.0
694671,Wyatt Langford,CU,L,7,33.333333333333336,0.388,0.0
694671,Wyatt Langford,CU,R,8,33.333333333333336,0.073,0.0
694671,Wyatt Langford,FC,L,18,12.5,0.26925,0.25
694671,Wyatt Langford,FC,R,27,33.333333333333336,0.3543333333333334,0.5
694671,Wyatt Langford,FF,L,62,32.25806451612903,0.333844,0.0909090909090909
694671,Wyatt Langford,FF,R,88,22.580645161290324,0.3572772727272726,0.3529411764705882
694671,Wyatt Langford,FS,R,6,100.0,0.0,0.0
694671,Wyatt Langford,KC,L,2,100.0,,0.0
694671,Wyatt Langford,KC,R,9,0.0,0.713,2.0
694671,Wyatt Langford,SI,L,15,0.0,0.224,0.5
694671,Wyatt Langford,SI,R,62,12.5,0.4982215384615384,0.6666666666666666
694671,Wyatt Langford,SL,L,22,23.07692307692308,0.21825,0.5
694671,Wyatt Langford,SL,R,44,47.61904761904762,0.3988233333333333,0.25
694671,Wyatt Langford,ST,L,5,50.0,0.69822,0.0
694671,Wyatt Langford,ST,R,27,27.272727272727277,0.2073333333333333,0.0
694673,Abimelec Ortiz,CH,R,36,31.25,0.2206,0.2
694673,Abimelec Ortiz,CU,R,15,40.0,0.124,0.0
694673,Abimelec Ortiz,FC,L,2,50.0,0.136,0.0
694673,Abimelec Ortiz,FC,R,22,8.333333333333334,0.0834999999999999,0.0
694673,Abimelec Ortiz,FF,L,1,,,0.0
694673,Abimelec Ortiz,FF,R,59,9.67741935483871,0.1415714285714285,0.0
694673,Abimelec Ortiz,FS,R,15,40.0,0.290844,0.25
694673,Abimelec Ortiz,KC,R,6,100.0,0.0,0.0
694673,Abimelec Ortiz,SI,L,5,0.0,0.202,0.0
694673,Abimelec Ortiz,SI,R,8,0.0,0.3043333333333333,0.6666666666666666
694673,Abimelec Ortiz,SL,L,2,0.0,0.158,1.0
694673,Abimelec Ortiz,SL,R,15,20.0,0.31225,0.5
694673,Abimelec Ortiz,ST,L,3,33.333333333333336,,0.0
694673,Abimelec Ortiz,ST,R,3,,,0.0
694728,Brice Matthews,CH,L,1,100.0,0.0,0.0
694728,Brice Matthews,FC,L,2,100.0,0.0,0.0
694728,Brice Matthews,FF,L,2,,,0.0
694728,Brice Matthews,FF,R,11,75.0,0.5234066666666667,0.5
694728,Brice Matthews,FS,R,1,0.0,,0.0
694728,Brice Matthews,SI,L,7,40.0,0.185,0.5
695257,Billy Cook,CH,R,3,,0.0,0.0
695257,Billy Cook,CU,R,1,0.0,0.459,2.0
695257,Billy Cook,FC,R,4,100.0,,0.0
695257,Billy Cook,FF,R,8,40.0,0.217,0.0
695257,Billy Cook,SI,R,2,0.0,0.008,0.0
695257,Billy Cook,SL,R,8,100.0,0.364583,0.0
695336,Thomas Saggese,CH,L,9,0.0,0.6136666666666666,0.3333333333333333
695336,Thomas Saggese,CH,R,7,25.0,0.69822,0.0
695336,Thomas Saggese,CU,L,15,71.42857142857143,0.175305,0.0
695336,Thomas Saggese,CU,R,10,40.0,0.1009999999999999,0.0
695336,Thomas Saggese,EP,R,2,0.0,0.118,0.0
695336,Thomas Saggese,FC,L,3,0.0,0.887,2.0
695336,Thomas Saggese,FC,R,31,22.22222222222222,0.3475,0.25
695336,Thomas Saggese,FF,L,46,13.333333333333334,0.3882711111111111,0.8571428571428571
695336,Thomas Saggese,FF,R,106,21.153846153846157,0.3330275454545454,0.3684210526315789
695336,Thomas Saggese,FS,R,1,,,0.0
695336,Thomas Saggese,KC,R,2,100.0,0.0,0.0
695336,Thomas Saggese,SI,L,13,22.22222222222222,0.0,0.0
695336,Thomas Saggese,SI,R,55,3.333333333333333,0.4280685882352941,0.6428571428571429
695336,Thomas Saggese,SL,L,15,62.5,0.1846439999999999,0.0
695336,Thomas Saggese,SL,R,27,14.285714285714286,0.3232857142857143,0.4285714285714285
695336,Thomas Saggese,ST,L,5,,0.0,0.0
695336,Thomas Saggese,ST,R,23,13.333333333333334,0.2378888888888889,0.2222222222222222
695336,Thomas Saggese,SV,R,3,50.0,,0.0
695391,Brett Harris,CH,L,14,40.0,0.3555,0.5
695391,Brett Harris,CH,R,5,100.0,0.0,0.0
695391,Brett Harris,CU,L,14,33.333333333333336,0.0,0.0
695391,Brett Harris,CU,R,6,0.0,0.729166,0.0
695391,Brett Harris,FC,L,4,0.0,0.0,0.0
695391,Brett Harris,FC,R,11,20.0,0.407,0.3333333333333333
695391,Brett Harris,FF,L,36,38.888888888888886,0.2407092307692307,0.1666666666666666
695391,Brett Harris,FF,R,28,37.5,0.1980314285714285,0.1666666666666666
695391,Brett Harris,SI,L,4,0.0,,0.0
695391,Brett Harris,SI,R,5,0.0,0.029,0.0
695391,Brett Harris,SL,L,12,12.5,0.2863333333333333,0.5
695391,Brett Harris,SL,R,9,50.0,0.0,0.0
695391,Brett Harris,ST,L,1,,,0.0
695391,Brett Harris,ST,R,6,0.0,0.558,0.0
695490,Edwin Arroyo,CH,R,6,0.0,0.319,1.0
695490,Edwin Arroyo,CU,L,2,100.0,,0.0
695490,Edwin Arroyo,FC,L,2,0.0,0.171,0.0
695490,Edwin Arroyo,FC,R,1,,,0.0
695490,Edwin Arroyo,FF,L,4,,0.69822,0.0
695490,Edwin Arroyo,FF,R,6,0.0,0.099,0.0
695490,Edwin Arroyo,FS,L,1,,,0.0
695490,Edwin Arroyo,FS,R,5,0.0,0.053,0.0
695490,Edwin Arroyo,SI,L,6,,,0.0
695490,Edwin Arroyo,SI,R,3,0.0,0.079,0.0
695490,Edwin Arroyo,SL,L,4,33.333333333333336,0.097,0.0
695490,Edwin Arroyo,SL,R,4,0.0,,0.0
695491,Joshua Báez,CH,L,11,14.285714285714286,0.2975,0.5
695491,Joshua Báez,CH,R,10,50.0,0.0979999999999999,0.6666666666666666
695491,Joshua Báez,CU,L,3,,,0.0
695491,Joshua Báez,CU,R,4,0.0,1.2255,2.0
695491,Joshua Báez,FC,L,2,0.0,0.44,0.0
695491,Joshua Báez,FC,R,3,0.0,0.174,0.0
695491,Joshua Báez,FF,L,18,38.46153846153846,0.3325951428571428,0.6666666666666666
695491,Joshua Báez,FF,R,31,18.75,0.2313219999999999,0.3333333333333333
695491,Joshua Báez,SI,L,3,,0.0,0.0
695491,Joshua Báez,SI,R,37,33.333333333333336,0.2567165999999999,0.4444444444444444
695491,Joshua Báez,SL,L,9,40.0,0.9865,2.0
695491,Joshua Báez,SL,R,16,30.0,0.1372,0.0
695491,Joshua Báez,ST,L,1,,,0.0
695491,Joshua Báez,ST,R,24,30.0,0.2565,1.0
695491,Joshua Báez,SV,L,2,100.0,,0.0
695491,Joshua Báez,SV,R,1,0.0,0.146,0.0
695506,Jac Caglianone,CH,L,1,0.0,0.608,2.0
695506,Jac Caglianone,CH,R,34,33.333333333333336,0.3636028571428571,0.5
695506,Jac Caglianone,CU,L,5,0.0,0.605,1.0
695506,Jac Caglianone,CU,R,16,20.0,0.6050733333333334,1.0
695506,Jac Caglianone,FC,L,2,0.0,0.093,0.0
695506,Jac Caglianone,FC,R,17,14.285714285714286,0.4093333333333333,1.0
695506,Jac Caglianone,FF,L,11,50.0,0.298444,0.0
695506,Jac Caglianone,FF,R,35,13.636363636363637,0.4136514545454545,0.4
695506,Jac Caglianone,FS,R,8,100.0,0.0,0.0
695506,Jac Caglianone,KC,L,3,50.0,,0.0
695506,Jac Caglianone,KC,R,3,100.0,0.0,0.0
695506,Jac Caglianone,SI,L,19,15.384615384615383,0.5807220000000001,0.5
695506,Jac Caglianone,SI,R,20,50.0,0.3187457142857143,0.5
695506,Jac Caglianone,SL,L,14,42.85714285714285,0.0395,0.0
695506,Jac Caglianone,SL,R,13,22.22222222222222,0.1886,0.2
695506,Jac Caglianone,ST,L,7,50.0,0.1526666666666666,0.0
695506,Jac Caglianone,ST,R,10,16.666666666666668,0.1736666666666666,0.6666666666666666
695506,Jac Caglianone,SV,L,1,100.0,0.0,0.0
695506,Jac Caglianone,SV,R,1,,,0.0
695578,James Wood,CH,L,3,,,0.0
695578,James Wood,CH,R,54,39.130434782608695,0.2848030769230769,0.2727272727272727
695578,James Wood,CU,L,11,100.0,0.0,0.0
695578,James Wood,CU,R,24,25.0,0.12,0.0
695578,James Wood,FC,L,6,100.0,0.0,0.0
695578,James Wood,FC,R,17,0.0,0.4016099999999999,0.0
695578,James Wood,FF,L,43,15.0,0.2904015384615385,0.6666666666666666
695578,James Wood,FF,R,75,11.538461538461538,0.4329082352941176,0.4
695578,James Wood,FS,L,1,100.0,0.0,0.0
695578,James Wood,FS,R,6,50.0,0.036,0.0
695578,James Wood,KC,R,5,0.0,0.0,0.0
695578,James Wood,SI,L,44,23.529411764705884,0.2967092307692308,0.1666666666666666
695578,James Wood,SI,R,23,0.0,0.351844,0.0
695578,James Wood,SL,L,29,30.0,0.2636666666666666,0.6666666666666666
695578,James Wood,SL,R,10,0.0,0.54261,1.0
695578,James Wood,ST,L,11,14.285714285714286,0.144,0.0
695578,James Wood,ST,R,10,33.333333333333336,0.5832879999999999,0.6666666666666666
695600,Carter Jensen,CH,L,2,,,0.0
695600,Carter Jensen,CH,R,25,14.285714285714286,0.6683333333333333,1.1111111111111112
695600,Carter Jensen,CU,L,4,,,0.0
695600,Carter Jensen,CU,R,25,36.36363636363637,0.663,1.0
695600,Carter Jensen,FC,L,3,100.0,,0.0
695600,Carter Jensen,FC,R,27,26.666666666666668,0.8391466666666666,2.0
695600,Carter Jensen,FF,L,25,66.66666666666667,0.0,0.0
695600,Carter Jensen,FF,R,105,37.735849056603776,0.255073,0.5263157894736842
695600,Carter Jensen,FS,R,6,0.0,0.4125,1.0
695600,Carter Jensen,KC,R,7,33.333333333333336,0.0325,1.0
695600,Carter Jensen,SI,L,28,0.0,0.2603517777777778,0.1428571428571428
695600,Carter Jensen,SI,R,31,18.181818181818183,0.6896,0.6
695600,Carter Jensen,SL,L,14,33.333333333333336,0.8703333333333334,1.6666666666666667
695600,Carter Jensen,SL,R,19,28.571428571428573,0.82625,1.75
695600,Carter Jensen,ST,L,10,28.571428571428573,0.21825,0.75
695600,Carter Jensen,ST,R,27,0.0,0.4168885714285714,0.1666666666666666
695600,Carter Jensen,SV,R,1,,0.69822,0.0
695657,Colson Montgomery,CH,L,2,50.0,0.0,0.0
695657,Colson Montgomery,CH,R,29,64.28571428571429,0.1606911111111111,0.0
695657,Colson Montgomery,CU,L,7,40.0,0.131,0.0
695657,Colson Montgomery,CU,R,23,30.76923076923077,0.03,0.0
695657,Colson Montgomery,FC,L,6,0.0,,0.0
695657,Colson Montgomery,FC,R,14,0.0,0.7242879999999999,1.3333333333333333
695657,Colson Montgomery,FF,L,17,50.0,0.1703577777777777,0.25
695657,Colson Montgomery,FF,R,135,26.08695652173913,0.2417657142857143,0.3461538461538461
695657,Colson Montgomery,FS,R,4,0.0,0.0,0.0
695657,Colson Montgomery,KC,L,2,50.0,0.122,0.0
695657,Colson Montgomery,KC,R,1,,,0.0
695657,Colson Montgomery,SI,L,29,30.76923076923077,0.2672915,0.0
695657,Colson Montgomery,SI,R,9,0.0,0.242,0.0
695657,Colson Montgomery,SL,L,22,77.77777777777777,0.0,0.0
695657,Colson Montgomery,SL,R,50,47.82608695652174,0.293555,0.1666666666666666
695657,Colson Montgomery,ST,L,15,25.0,0.2022,0.2
695657,Colson Montgomery,ST,R,23,50.0,0.3738664,0.0
695670,Harry Ford,CH,L,14,42.85714285714285,0.214,0.0
695670,Harry Ford,CH,R,1,,,0.0
695670,Harry Ford,CU,L,13,66.66666666666667,0.174555,0.0
695670,Harry Ford,CU,R,8,50.0,0.176,0.0
695670,Harry Ford,FC,L,3,0.0,,0.0
695670,Harry Ford,FC,R,2,,,0.0
695670,Harry Ford,FF,L,34,21.428571428571427,0.4672088888888889,0.6
695670,Harry Ford,FF,R,20,20.0,0.3600628571428571,0.0
695670,Harry Ford,FS,R,3,33.333333333333336,,0.0
695670,Harry Ford,SI,L,21,0.0,0.34675,0.25
695670,Harry Ford,SI,R,19,14.285714285714286,0.3532,0.2
695670,Harry Ford,SL,L,13,14.285714285714286,0.4833333333333333,0.6666666666666666
695670,Harry Ford,SL,R,18,12.5,0.2416666666666667,0.5
695670,Harry Ford,ST,L,1,,,0.0
695670,Harry Ford,ST,R,2,0.0,0.061,0.0
695670,Harry Ford,SV,L,1,,,0.0
695681,Christian Moore,CH,L,29,66.66666666666667,0.17187,0.0
695681,Christian Moore,CH,R,5,40.0,0.0896666666666666,0.0
695681,Christian Moore,CU,L,7,25.0,0.1063333333333333,0.3333333333333333
695681,Christian Moore,CU,R,9,60.0,0.0766666666666666,0.3333333333333333
695681,Christian Moore,FC,L,3,0.0,,0.0
695681,Christian Moore,FC,R,17,33.333333333333336,0.2753333333333334,1.0
695681,Christian Moore,FF,L,41,13.043478260869565,0.3481428571428572,0.4285714285714285
695681,Christian Moore,FF,R,81,18.75,0.2782888,0.3333333333333333
695681,Christian Moore,KC,R,4,,,0.0
695681,Christian Moore,SI,L,13,50.0,0.53686,0.5
695681,Christian Moore,SI,R,44,10.0,0.324044,0.125
695681,Christian Moore,SL,L,8,33.333333333333336,0.348,0.0
695681,Christian Moore,SL,R,40,52.63157894736842,0.079,0.0
695681,Christian Moore,ST,L,5,0.0,0.332,0.6666666666666666
695681,Christian Moore,ST,R,32,33.333333333333336,0.1804285714285714,0.2857142857142857
695720,Tommy White,CH,L,7,66.66666666666667,0.171,0.0
695720,Tommy White,CH,R,10,12.5,0.0953333333333333,1.6666666666666667
695720,Tommy White,CU,L,9,0.0,0.077,0.0
695720,Tommy White,CU,R,2,100.0,,0.0
695720,Tommy White,FC,L,1,0.0,0.088,0.0
695720,Tommy White,FC,R,8,0.0,0.062,0.0
695720,Tommy White,FF,L,14,12.5,0.073,0.5
695720,Tommy White,FF,R,24,33.333333333333336,0.189055,0.0
695720,Tommy White,FS,L,2,0.0,0.681,1.0
695720,Tommy White,KC,R,4,0.0,0.4196666666666667,0.0
695720,Tommy White,SI,L,4,0.0,0.369,0.0
695720,Tommy White,SI,R,39,11.538461538461538,0.4291,0.5
695720,Tommy White,SL,L,3,66.66666666666667,0.2925,0.5
695720,Tommy White,SL,R,10,20.0,0.1043333333333333,0.0
695720,Tommy White,ST,L,3,0.0,0.04,0.0
695720,Tommy White,ST,R,24,40.0,0.0883333333333333,0.0
695720,Tommy White,SV,R,2,0.0,0.665,0.0
695731,Braden Montgomery,CH,L,15,57.142857142857146,0.0,0.0
695731,Braden Montgomery,CH,R,37,31.25,0.3596911111111111,0.125
695731,Braden Montgomery,CU,L,10,50.0,0.04,0.0
695731,Braden Montgomery,CU,R,9,0.0,0.0,0.0
695731,Braden Montgomery,FC,L,7,33.333333333333336,0.0,0.0
695731,Braden Montgomery,FC,R,14,25.0,0.7038699999999999,1.0
695731,Braden Montgomery,FF,L,15,20.0,0.0666666666666666,0.0
695731,Braden Montgomery,FF,R,58,19.444444444444443,0.3541209090909091,0.5263157894736842
695731,Braden Montgomery,FS,R,12,50.0,0.0545,0.0
695731,Braden Montgomery,KC,L,4,33.333333333333336,0.418,0.0
695731,Braden Montgomery,KC,R,1,0.0,0.893,1.0
695731,Braden Montgomery,SI,L,13,14.285714285714286,0.576,0.5
695731,Braden Montgomery,SI,R,36,50.0,0.33087,0.6
695731,Braden Montgomery,SL,L,13,66.66666666666667,0.0355,0.0
695731,Braden Montgomery,SL,R,28,30.76923076923077,0.341805,0.6666666666666666
695731,Braden Montgomery,ST,L,12,0.0,0.654,0.0
695731,Braden Montgomery,ST,R,21,20.0,0.323055,0.0
695734,Daylen Lile,CH,L,3,0.0,,0.0
695734,Daylen Lile,CH,R,39,34.78260869565217,0.3133658823529411,0.3125
695734,Daylen Lile,CU,L,1,0.0,0.903,2.0
695734,Daylen Lile,CU,R,22,37.5,0.1396666666666667,0.0
695734,Daylen Lile,FC,L,1,0.0,,0.0
695734,Daylen Lile,FC,R,22,6.666666666666667,0.3321742857142857,0.6666666666666666
695734,Daylen Lile,FF,L,38,26.08695652173913,0.1391818181818181,0.0
695734,Daylen Lile,FF,R,52,10.714285714285714,0.3641666666666667,0.5833333333333334
695734,Daylen Lile,FS,R,7,57.142857142857146,0.06575,0.25
695734,Daylen Lile,KC,R,3,,,0.0
695734,Daylen Lile,SI,L,28,15.384615384615383,0.3454025,0.4285714285714285
695734,Daylen Lile,SI,R,16,10.0,0.1646666666666666,0.0
695734,Daylen Lile,SL,L,15,40.0,0.226,1.0
695734,Daylen Lile,SL,R,11,0.0,0.25725,0.0
695734,Daylen Lile,ST,L,18,15.384615384615383,0.4284,0.2
695734,Daylen Lile,ST,R,5,0.0,0.023,0.0
695734,Daylen Lile,SV,L,6,40.0,0.195,0.0
696030,Alejandro Osuna,CH,R,2,0.0,0.1635,1.0
696030,Alejandro Osuna,CU,R,2,,,0.0
696030,Alejandro Osuna,FC,L,5,25.0,0.008,0.0
696030,Alejandro Osuna,FC,R,3,0.0,,0.0
696030,Alejandro Osuna,FF,R,23,35.714285714285715,0.2616332,0.25
696030,Alejandro Osuna,FS,R,1,100.0,0.0,0.0
696030,Alejandro Osuna,KC,R,1,100.0,0.0,0.0
696030,Alejandro Osuna,SI,R,4,0.0,0.917,1.0
696030,Alejandro Osuna,SL,R,3,0.0,0.785,0.5
696030,Alejandro Osuna,ST,L,2,0.0,,0.0
696100,Hunter Goodman,CH,L,25,46.66666666666666,0.1048333333333333,0.0
696100,Hunter Goodman,CH,R,16,33.333333333333336,0.4106666666666667,0.0
696100,Hunter Goodman,CU,L,16,55.55555555555556,0.1295,0.0
696100,Hunter Goodman,CU,R,4,50.0,,0.0
696100,Hunter Goodman,FC,L,7,0.0,1.038333333333333,2.0
696100,Hunter Goodman,FC,R,19,36.36363636363637,0.40774,0.0
696100,Hunter Goodman,FF,L,28,5.882352941176471,0.2038885714285714,0.6666666666666666
696100,Hunter Goodman,FF,R,78,19.565217391304348,0.2916325555555555,0.4375
696100,Hunter Goodman,FS,L,2,50.0,0.0495,0.0
696100,Hunter Goodman,FS,R,1,,,0.0
696100,Hunter Goodman,KC,R,3,,,0.0
696100,Hunter Goodman,SI,L,7,0.0,0.423,4.0
696100,Hunter Goodman,SI,R,41,9.090909090909092,0.314110909090909,0.4444444444444444
696100,Hunter Goodman,SL,L,8,60.0,0.0,0.0
696100,Hunter Goodman,SL,R,38,16.666666666666668,0.3670666666666667,0.7142857142857143
696100,Hunter Goodman,ST,L,16,28.571428571428573,0.181,0.0
696100,Hunter Goodman,ST,R,14,16.666666666666668,0.05175,0.0
696100,Hunter Goodman,SV,R,6,66.66666666666667,0.029,0.0
696285,Jacob Young,CH,L,12,28.571428571428573,0.2405,1.0
696285,Jacob Young,CH,R,5,100.0,0.0,0.0
696285,Jacob Young,CU,L,5,0.0,0.26,0.0
696285,Jacob Young,CU,R,6,0.0,,0.0
696285,Jacob Young,FC,L,2,0.0,0.327,1.0
696285,Jacob Young,FC,R,17,11.11111111111111,0.5067033333333334,0.4
696285,Jacob Young,FF,L,41,15.0,0.3173822222222222,0.4285714285714285
696285,Jacob Young,FF,R,25,12.5,0.33025,0.25
696285,Jacob Young,FS,L,4,100.0,0.0,0.0
696285,Jacob Young,FS,R,4,100.0,0.0,0.0
696285,Jacob Young,KC,R,1,,,0.0
696285,Jacob Young,SI,L,26,10.0,0.1113333333333333,0.0
696285,Jacob Young,SI,R,21,18.181818181818183,0.4415,0.6666666666666666
696285,Jacob Young,SL,L,23,22.22222222222222,0.2478332,0.3333333333333333
696285,Jacob Young,SL,R,13,22.22222222222222,0.401,1.0
696285,Jacob Young,ST,L,5,0.0,0.111,0.0
696285,Jacob Young,ST,R,3,0.0,0.151,0.0
696285,Jacob Young,SV,L,2,0.0,0.007,0.0
699013,Esmerlyn Valdez,CH,L,1,0.0,0.045,0.0
699013,Esmerlyn Valdez,CH,R,8,20.0,0.16675,0.25
699013,Esmerlyn Valdez,CU,L,6,,,0.0
699013,Esmerlyn Valdez,CU,R,6,100.0,0.0,0.0
699013,Esmerlyn Valdez,FC,R,7,100.0,,0.0
699013,Esmerlyn Valdez,FF,L,17,83.33333333333333,0.0,0.0
699013,Esmerlyn Valdez,FF,R,15,33.333333333333336,0.52025,0.5
699013,Esmerlyn Valdez,FS,L,10,33.333333333333336,0.198,0.0
699013,Esmerlyn Valdez,KC,R,1,,,0.0
699013,Esmerlyn Valdez,SI,L,2,,0.69822,0.0
699013,Esmerlyn Valdez,SI,R,25,20.0,0.381244,1.0
699013,Esmerlyn Valdez,SL,L,8,66.66666666666667,0.6500733333333333,0.0
699013,Esmerlyn Valdez,SL,R,8,100.0,0.34911,0.0
699013,Esmerlyn Valdez,ST,L,1,,,0.0
699013,Esmerlyn Valdez,ST,R,7,33.333333333333336,0.0016666666666666,0.0
699013,Esmerlyn Valdez,SV,L,1,,,0.0
699024,Leo Bernal,CH,L,18,14.285714285714286,0.47392,0.2
699024,Leo Bernal,CH,R,24,33.333333333333336,0.131,0.1666666666666666
699024,Leo Bernal,CU,L,13,57.142857142857146,0.0,0.0
699024,Leo Bernal,CU,R,45,40.0,0.6340314285714286,0.6
699024,Leo Bernal,EP,R,2,50.0,0.124,0.0
699024,Leo Bernal,FC,L,2,0.0,,0.0
699024,Leo Bernal,FC,R,19,8.333333333333334,0.3849290909090909,0.5
699024,Leo Bernal,FF,L,37,0.0,0.3107692307692308,0.4615384615384615
699024,Leo Bernal,FF,R,92,11.904761904761903,0.3515668965517241,0.7407407407407407
699024,Leo Bernal,FS,R,6,0.0,0.3055,0.5
699024,Leo Bernal,KC,R,2,0.0,0.443,1.0
699024,Leo Bernal,SI,L,21,50.0,0.733,0.5
699024,Leo Bernal,SI,R,36,7.142857142857143,0.3500244444444444,0.25
699024,Leo Bernal,SL,L,12,66.66666666666667,0.0,0.0
699024,Leo Bernal,SL,R,33,25.0,0.525,1.0
699024,Leo Bernal,ST,L,9,0.0,0.1643333333333333,0.0
699024,Leo Bernal,ST,R,18,28.571428571428573,0.0095,0.0
699024,Leo Bernal,SV,L,4,100.0,0.0,0.0
699115,Carlos Jorge,CH,R,15,22.22222222222222,0.26,1.3333333333333333
699115,Carlos Jorge,CU,R,24,30.76923076923077,0.4345366666666666,0.4
699115,Carlos Jorge,FC,R,19,9.090909090909092,0.4533333333333333,0.0
699115,Carlos Jorge,FF,L,1,,,0.0
699115,Carlos Jorge,FF,R,54,27.272727272727277,0.3422218181818182,0.5555555555555556
699115,Carlos Jorge,FS,R,16,0.0,0.2332857142857143,0.2857142857142857
699115,Carlos Jorge,KC,L,1,,,0.0
699115,Carlos Jorge,KC,R,1,0.0,,0.0
699115,Carlos Jorge,SI,L,4,100.0,0.0,0.0
699115,Carlos Jorge,SI,R,22,20.0,0.235222,0.1111111111111111
699115,Carlos Jorge,SL,L,2,,,0.0
699115,Carlos Jorge,SL,R,5,33.333333333333336,,0.0
699115,Carlos Jorge,ST,L,6,25.0,0.32975,0.25
699115,Carlos Jorge,ST,R,12,66.66666666666667,0.0,0.0
699302,Héctor Rodríguez,CH,L,13,57.142857142857146,0.0,0.0
699302,Héctor Rodríguez,CH,R,36,36.36363636363637,0.3448,0.6
699302,Héctor Rodríguez,CU,L,3,50.0,0.0,0.0
699302,Héctor Rodríguez,CU,R,40,15.0,0.2652222222222222,0.4444444444444444
699302,Héctor Rodríguez,FC,L,8,50.0,0.0,0.0
699302,Héctor Rodríguez,FC,R,14,28.571428571428573,0.2961742857142857,0.0
699302,Héctor Rodríguez,FF,L,24,33.333333333333336,0.0897142857142857,0.1428571428571428
699302,Héctor Rodríguez,FF,R,57,25.0,0.1940833333333333,0.5833333333333334
699302,Héctor Rodríguez,FS,L,1,,,0.0
699302,Héctor Rodríguez,FS,R,10,22.22222222222222,0.245,0.5
699302,Héctor Rodríguez,KC,R,2,50.0,,0.0
699302,Héctor Rodríguez,SI,L,34,16.666666666666668,0.268,0.4285714285714285
699302,Héctor Rodríguez,SI,R,24,7.6923076923076925,0.33675,0.5
699302,Héctor Rodríguez,SL,L,21,36.36363636363637,0.1838,0.0
699302,Héctor Rodríguez,SL,R,6,20.0,0.2633333333333333,0.0
699302,Héctor Rodríguez,ST,L,5,50.0,0.118,0.0
699302,Héctor Rodríguez,ST,R,6,0.0,0.017,0.0
699302,Héctor Rodríguez,SV,L,4,0.0,0.1285,0.5
699302,Héctor Rodríguez,SV,R,2,0.0,0.213,4.0
699393,Pedro Ramírez,CH,L,9,0.0,0.024,0.0
699393,Pedro Ramírez,CH,R,36,45.0,0.1189090909090909,0.0909090909090909
699393,Pedro Ramírez,CU,L,2,,,0.0
699393,Pedro Ramírez,CU,R,34,37.5,0.00825,0.0
699393,Pedro Ramírez,FC,L,3,0.0,0.324,0.5
699393,Pedro Ramírez,FC,R,14,0.0,0.2845,0.0
699393,Pedro Ramírez,FF,L,8,0.0,0.315,1.0
699393,Pedro Ramírez,FF,R,86,12.76595744680851,0.2239766666666666,0.3333333333333333
699393,Pedro Ramírez,FS,R,18,18.181818181818183,0.087,0.0
699393,Pedro Ramírez,KC,R,1,0.0,0.939,0.0
699393,Pedro Ramírez,SI,L,11,0.0,0.3874066666666667,0.0
699393,Pedro Ramírez,SI,R,21,0.0,0.420444,1.0
699393,Pedro Ramírez,SL,L,1,0.0,0.031,0.0
699393,Pedro Ramírez,SL,R,18,0.0,0.2913886666666667,0.0
699393,Pedro Ramírez,ST,L,3,0.0,0.684,2.0
699393,Pedro Ramírez,ST,R,24,18.75,0.155625,0.125
699393,Pedro Ramírez,SV,R,3,100.0,0.0,0.0
699912,Jose Fernandez,CH,L,10,40.0,0.321,0.5
699912,Jose Fernandez,CH,R,5,0.0,,0.0
699912,Jose Fernandez,FC,L,1,,,0.0
699912,Jose Fernandez,FC,R,1,,,0.0
699912,Jose Fernandez,FF,L,4,0.0,0.0,0.0
699912,Jose Fernandez,FF,R,16,22.22222222222222,0.2846943333333333,0.2
699912,Jose Fernandez,FS,L,3,100.0,0.0,0.0
699912,Jose Fernandez,FS,R,3,,,0.0
699912,Jose Fernandez,KC,L,1,,,0.0
699912,Jose Fernandez,KC,R,1,100.0,0.0,0.0
699912,Jose Fernandez,SI,L,6,0.0,0.236,0.0
699912,Jose Fernandez,SI,R,2,,,0.0
699912,Jose Fernandez,SL,L,1,0.0,,0.0
699912,Jose Fernandez,SL,R,2,,,0.0
699912,Jose Fernandez,ST,L,3,100.0,,0.0
700250,Ben Rice,CH,L,4,100.0,0.0,0.0
700250,Ben Rice,CH,R,47,23.80952380952381,0.3680219999999999,0.7777777777777778
700250,Ben Rice,CU,L,8,0.0,,0.0
700250,Ben Rice,CU,R,23,57.142857142857146,0.2483609999999999,0.2
700250,Ben Rice,FC,L,14,28.571428571428573,0.1886666666666666,0.3333333333333333
700250,Ben Rice,FC,R,48,19.047619047619047,0.4223171428571429,0.25
700250,Ben Rice,FF,L,24,30.0,0.5679066666666667,1.25
700250,Ben Rice,FF,R,61,17.391304347826086,0.4341312499999999,0.4
700250,Ben Rice,FS,R,18,0.0,0.37561,4.0
700250,Ben Rice,KC,L,1,,,0.0
700250,Ben Rice,KC,R,5,0.0,0.374,3.0
700250,Ben Rice,SI,L,33,20.0,0.2964299999999999,0.0
700250,Ben Rice,SI,R,43,10.0,0.59496,1.0833333333333333
700250,Ben Rice,SL,L,20,23.07692307692308,0.3084,0.4
700250,Ben Rice,SL,R,33,30.0,0.3431524999999999,0.5714285714285714
700250,Ben Rice,ST,L,10,50.0,0.1023333333333333,0.0
700250,Ben Rice,ST,R,26,22.22222222222222,0.5934066666666666,1.0
700337,Edgar Quero,CU,L,3,0.0,0.123,0.0
700337,Edgar Quero,FF,L,3,50.0,0.0,0.0
700337,Edgar Quero,FF,R,2,,0.729166,0.0
700337,Edgar Quero,SI,L,6,0.0,0.5356099999999999,0.0
700337,Edgar Quero,SL,L,4,,0.69822,0.0
700337,Edgar Quero,SL,R,1,100.0,,0.0
700337,Edgar Quero,ST,L,3,0.0,0.035,0.0
700652,Kenny Piper,CH,L,1,,,0.0
700652,Kenny Piper,FF,L,4,,0.69822,0.0
701162,Ben Malgeri,CH,L,20,0.0,0.283,2.0
701162,Ben Malgeri,CH,R,2,,,0.0
701162,Ben Malgeri,CU,L,9,0.0,0.946,2.5
701162,Ben Malgeri,CU,R,5,100.0,,0.0
701162,Ben Malgeri,FC,L,12,20.0,0.5276879999999999,0.3333333333333333
701162,Ben Malgeri,FC,R,7,50.0,0.633,0.0
701162,Ben Malgeri,FF,L,32,7.6923076923076925,0.3238999999999999,0.4
701162,Ben Malgeri,FF,R,33,35.294117647058826,0.2528439999999999,0.25
701162,Ben Malgeri,FS,R,3,33.333333333333336,0.3665,2.0
701162,Ben Malgeri,KC,R,2,100.0,0.0,0.0
701162,Ben Malgeri,SI,L,12,0.0,0.1099999999999999,0.3333333333333333
701162,Ben Malgeri,SI,R,8,25.0,0.3420415,0.3333333333333333
701162,Ben Malgeri,SL,L,11,25.0,0.2437999999999999,0.4
701162,Ben Malgeri,SL,R,21,7.6923076923076925,0.3003171428571428,0.1666666666666666
701162,Ben Malgeri,ST,L,5,50.0,0.1846666666666666,0.0
701162,Ben Malgeri,ST,R,15,33.333333333333336,0.332844,0.25
701350,Roman Anthony,CH,L,6,0.0,0.189,0.0
701350,Roman Anthony,CH,R,37,43.75,0.1978728571428571,0.3846153846153846
701350,Roman Anthony,CU,L,4,0.0,0.316,0.0
701350,Roman Anthony,CU,R,25,18.181818181818183,0.439805,0.6666666666666666
701350,Roman Anthony,FC,L,3,0.0,0.055,0.0
701350,Roman Anthony,FC,R,22,0.0,0.652,1.625
701350,Roman Anthony,FF,L,35,25.0,0.373544,0.25
701350,Roman Anthony,FF,R,55,17.391304347826086,0.3923885714285714,0.1666666666666666
701350,Roman Anthony,FS,L,1,100.0,,0.0
701350,Roman Anthony,FS,R,16,25.0,0.296,0.25
701350,Roman Anthony,KC,R,6,0.0,0.0935,0.0
701350,Roman Anthony,SI,L,38,15.0,0.4423333333333333,0.75
701350,Roman Anthony,SI,R,32,14.285714285714286,0.3191666666666666,0.6666666666666666
701350,Roman Anthony,SL,L,42,50.0,0.123322,0.0
701350,Roman Anthony,SL,R,20,62.5,0.1384,0.2
701350,Roman Anthony,ST,L,29,46.15384615384615,0.20475,0.125
701350,Roman Anthony,ST,R,8,40.0,0.3310733333333333,0.5
701358,Cam Smith,CH,L,30,70.58823529411765,0.04625,0.125
701358,Cam Smith,CH,R,21,22.22222222222222,0.1238571428571428,0.1428571428571428
701358,Cam Smith,CS,L,1,,,0.0
701358,Cam Smith,CU,L,6,66.66666666666667,0.1315,0.0
701358,Cam Smith,CU,R,14,50.0,,0.0
701358,Cam Smith,FC,L,5,0.0,,0.0
701358,Cam Smith,FC,R,18,42.85714285714285,0.458,0.5
701358,Cam Smith,FF,L,13,14.285714285714286,0.0723333333333333,0.0
701358,Cam Smith,FF,R,98,23.63636363636364,0.2152219047619047,0.4444444444444444
701358,Cam Smith,FS,R,16,33.333333333333336,0.4876439999999999,1.0
701358,Cam Smith,KC,L,2,0.0,,0.0
701358,Cam Smith,KC,R,3,0.0,,0.0
701358,Cam Smith,SI,L,16,12.5,0.7064,0.8
701358,Cam Smith,SI,R,69,20.58823529411765,0.2987415294117647,0.1428571428571428
701358,Cam Smith,SL,L,12,0.0,0.5490733333333333,0.0
701358,Cam Smith,SL,R,28,14.285714285714286,0.2561525,0.1666666666666666
701358,Cam Smith,ST,L,3,,,0.0
701358,Cam Smith,ST,R,37,40.0,0.6677500000000001,1.75
701358,Cam Smith,SV,R,1,,,0.0
701398,Sal Stewart,CH,L,21,33.333333333333336,0.2463333333333333,0.1666666666666666
701398,Sal Stewart,CH,R,7,0.0,0.229,0.0
701398,Sal Stewart,CU,L,11,0.0,0.611,0.5
701398,Sal Stewart,CU,R,26,5.882352941176471,0.3908333333333333,0.6
701398,Sal Stewart,FC,L,6,33.333333333333336,0.69822,0.0
701398,Sal Stewart,FC,R,35,36.8421052631579,0.4116666666666667,0.5
701398,Sal Stewart,FF,L,46,25.806451612903224,0.2716813333333333,0.1538461538461538
701398,Sal Stewart,FF,R,72,18.75,0.2395999999999999,0.2666666666666666
701398,Sal Stewart,FS,R,12,40.0,0.28874,0.0
701398,Sal Stewart,KC,R,4,0.0,,0.0
701398,Sal Stewart,SI,L,20,15.384615384615383,0.4606666666666667,0.1666666666666666
701398,Sal Stewart,SI,R,49,26.666666666666668,0.2694011111111111,0.5
701398,Sal Stewart,SL,L,20,42.85714285714285,0.058,0.25
701398,Sal Stewart,SL,R,34,41.1764705882353,0.2128885714285714,0.0
701398,Sal Stewart,ST,L,8,0.0,0.62361,0.0
701398,Sal Stewart,ST,R,16,25.0,0.182,0.25
701398,Sal Stewart,SV,L,7,33.333333333333336,0.12,0.0
701398,Sal Stewart,SV,R,3,0.0,,0.0
701538,Jackson Merrill,CH,L,6,25.0,0.2006666666666666,0.0
701538,Jackson Merrill,CH,R,41,26.31578947368421,0.3962219999999999,0.5555555555555556
701538,Jackson Merrill,CU,L,4,50.0,0.371,0.0
701538,Jackson Merrill,CU,R,18,36.36363636363637,0.2308333333333333,0.8333333333333334
701538,Jackson Merrill,FC,L,3,0.0,0.533,0.0
701538,Jackson Merrill,FC,R,12,14.285714285714286,0.8946440000000001,1.75
701538,Jackson Merrill,FF,L,33,17.391304347826086,0.4547,1.0
701538,Jackson Merrill,FF,R,80,25.58139534883721,0.4695313043478261,0.5909090909090909
701538,Jackson Merrill,FS,R,18,28.571428571428573,0.2923333333333333,0.1666666666666666
701538,Jackson Merrill,KC,L,1,0.0,0.911,1.0
701538,Jackson Merrill,KC,R,6,25.0,1.0755,1.0
701538,Jackson Merrill,SI,L,13,16.666666666666668,0.258,0.2
701538,Jackson Merrill,SI,R,18,12.5,0.4244,0.4
701538,Jackson Merrill,SL,L,14,30.0,0.3818,0.8
701538,Jackson Merrill,SL,R,26,35.714285714285715,0.427,0.0
701538,Jackson Merrill,ST,L,4,25.0,1.151,0.0
701538,Jackson Merrill,ST,R,22,46.15384615384615,0.1076666666666666,0.0
701538,Jackson Merrill,SV,R,2,,,0.0
701675,Nathan Church,CH,L,2,50.0,0.0285,0.0
701675,Nathan Church,CH,R,29,18.75,0.5301166,0.7777777777777778
701675,Nathan Church,CU,L,6,100.0,,0.0
701675,Nathan Church,CU,R,25,30.76923076923077,0.2091111111111111,0.1111111111111111
701675,Nathan Church,FC,L,1,,,0.0
701675,Nathan Church,FC,R,11,16.666666666666668,,0.0
701675,Nathan Church,FF,L,39,9.090909090909092,0.1825,0.3
701675,Nathan Church,FF,R,95,23.214285714285715,0.24076,0.25
701675,Nathan Church,FS,R,8,0.0,0.19625,0.25
701675,Nathan Church,KC,R,3,50.0,,0.0
701675,Nathan Church,SI,L,30,7.6923076923076925,0.2637033333333333,0.2
701675,Nathan Church,SI,R,41,9.523809523809524,0.3145654545454545,0.2
701675,Nathan Church,SL,L,19,0.0,0.31025,0.625
701675,Nathan Church,SL,R,12,0.0,0.5906666666666667,1.0
701675,Nathan Church,ST,L,4,100.0,0.0,0.0
701675,Nathan Church,ST,R,10,0.0,0.2456666666666666,0.6666666666666666
701675,Nathan Church,SV,L,3,100.0,,0.0
701678,Hao-Yu Lee,CH,L,20,27.272727272727277,0.0824999999999999,0.0
701678,Hao-Yu Lee,CH,R,3,0.0,0.089,0.0
701678,Hao-Yu Lee,CU,L,10,33.333333333333336,0.45825,1.0
701678,Hao-Yu Lee,CU,R,27,37.5,0.0866666666666666,0.1111111111111111
701678,Hao-Yu Lee,FC,L,19,27.272727272727277,0.0508,0.2
701678,Hao-Yu Lee,FC,R,40,47.05882352941177,0.3748885714285714,0.3333333333333333
701678,Hao-Yu Lee,FF,L,31,25.0,0.50692,1.2
701678,Hao-Yu Lee,FF,R,99,18.367346938775512,0.35334,0.7
701678,Hao-Yu Lee,FS,R,2,0.0,0.22,0.0
701678,Hao-Yu Lee,KC,L,1,,,0.0
701678,Hao-Yu Lee,KC,R,10,75.0,0.001,0.0
701678,Hao-Yu Lee,SI,L,7,0.0,0.7515000000000001,1.5
701678,Hao-Yu Lee,SI,R,44,17.647058823529413,0.2722466666666666,0.1428571428571428
701678,Hao-Yu Lee,SL,L,14,33.333333333333336,0.4183333333333333,0.6666666666666666
701678,Hao-Yu Lee,SL,R,76,27.027027027027028,0.2359290909090909,0.4
701678,Hao-Yu Lee,ST,L,4,0.0,0.909,1.0
701678,Hao-Yu Lee,ST,R,24,0.0,0.3966342857142857,0.0
701785,Kaelen Culpepper,CH,L,19,18.181818181818183,0.082,0.0
701785,Kaelen Culpepper,CH,R,15,33.333333333333336,0.0,0.0
701785,Kaelen Culpepper,CU,L,5,0.0,0.17,1.0
701785,Kaelen Culpepper,CU,R,13,75.0,0.081,0.0
701785,Kaelen Culpepper,FC,L,5,0.0,0.4455,0.5
701785,Kaelen Culpepper,FC,R,15,0.0,0.018,0.0
701785,Kaelen Culpepper,FF,L,22,0.0,0.265738,0.3333333333333333
701785,Kaelen Culpepper,FF,R,30,28.571428571428573,0.2311805,0.2727272727272727
701785,Kaelen Culpepper,FS,R,6,0.0,0.543,1.0
701785,Kaelen Culpepper,KC,R,4,0.0,0.0255,0.0
701785,Kaelen Culpepper,SI,L,5,0.0,0.1205,0.0
701785,Kaelen Culpepper,SI,R,9,0.0,0.4235,0.5
701785,Kaelen Culpepper,SL,L,4,0.0,0.889,1.0
701785,Kaelen Culpepper,SL,R,18,15.384615384615383,0.2709999999999999,0.3333333333333333
701785,Kaelen Culpepper,ST,L,6,33.333333333333336,,0.0
701785,Kaelen Culpepper,ST,R,11,0.0,0.36111,0.0
701785,Kaelen Culpepper,SV,L,2,0.0,,0.0
701807,Carson Benge,CH,L,11,37.5,0.1895,0.25
701807,Carson Benge,CH,R,39,43.47826086956522,0.3252683333333333,0.5454545454545454
701807,Carson Benge,CU,L,7,0.0,0.3866099999999999,0.0
701807,Carson Benge,CU,R,26,28.571428571428573,0.3980829999999999,0.0
701807,Carson Benge,FC,L,7,0.0,0.227,0.0
701807,Carson Benge,FC,R,14,0.0,0.2607457142857142,0.3333333333333333
701807,Carson Benge,FF,L,43,4.761904761904762,0.442,0.7272727272727273
701807,Carson Benge,FF,R,84,10.81081081081081,0.3215923809523809,0.6842105263157895
701807,Carson Benge,FS,L,4,50.0,0.0,0.0
701807,Carson Benge,FS,R,14,0.0,0.1993999999999999,0.0
701807,Carson Benge,KC,R,8,50.0,0.28174,0.0
701807,Carson Benge,SI,L,62,17.391304347826086,0.4662218181818182,0.7777777777777778
701807,Carson Benge,SI,R,40,11.764705882352942,0.567691111111111,0.25
701807,Carson Benge,SL,L,46,30.0,0.3880150909090909,0.2
701807,Carson Benge,SL,R,21,45.45454545454545,0.1347999999999999,1.0
701807,Carson Benge,ST,L,17,28.571428571428573,0.54586,0.0
701807,Carson Benge,ST,R,11,0.0,,0.0
701852,Drew Cavanaugh,CH,R,17,25.0,0.4019999999999999,0.6666666666666666
701852,Drew Cavanaugh,CU,R,11,66.66666666666667,0.0,0.0
701852,Drew Cavanaugh,FC,R,17,12.5,0.3727999999999999,0.8
701852,Drew Cavanaugh,FF,L,11,50.0,0.63,1.5
701852,Drew Cavanaugh,FF,R,94,28.88888888888889,0.1871219999999999,0.4444444444444444
701852,Drew Cavanaugh,FS,R,3,,0.0,0.0
701852,Drew Cavanaugh,KC,R,7,,,0.0
701852,Drew Cavanaugh,SI,R,10,0.0,0.385644,0.25
701852,Drew Cavanaugh,SL,L,7,0.0,0.0425,0.0
701852,Drew Cavanaugh,SL,R,17,55.55555555555556,0.048,0.0
701852,Drew Cavanaugh,ST,R,10,100.0,0.0,0.0
702176,Alan Roden,CH,L,3,0.0,0.31,0.5
702176,Alan Roden,CH,R,3,,,0.0
702176,Alan Roden,CU,L,1,,,0.0
702176,Alan Roden,CU,R,2,0.0,,0.0
702176,Alan Roden,FC,L,1,,,0.0
702176,Alan Roden,FC,R,3,0.0,0.6285000000000001,0.5
702176,Alan Roden,FF,L,8,33.333333333333336,0.0,0.0
702176,Alan Roden,FF,R,7,0.0,,0.0
702176,Alan Roden,FS,R,6,0.0,0.67311,1.0
702176,Alan Roden,SI,L,6,0.0,0.3971099999999999,0.0
702176,Alan Roden,SI,R,10,25.0,0.80211,2.0
702176,Alan Roden,SL,L,5,33.333333333333336,0.362,4.0
702176,Alan Roden,SL,R,1,0.0,,0.0
702176,Alan Roden,ST,L,3,100.0,,0.0
702176,Alan Roden,ST,R,6,0.0,0.314,0.3333333333333333
702222,Justin Crawford,CH,L,3,0.0,1.754,4.0
702222,Justin Crawford,CH,R,11,14.285714285714286,0.266,0.3333333333333333
702222,Justin Crawford,CS,L,1,0.0,0.417,0.0
702222,Justin Crawford,CU,L,1,0.0,0.309,0.0
702222,Justin Crawford,CU,R,6,66.66666666666667,,0.0
702222,Justin Crawford,FC,L,3,0.0,,0.0
702222,Justin Crawford,FC,R,35,15.0,0.1809,0.2
702222,Justin Crawford,FF,L,9,25.0,0.4146666666666667,0.6666666666666666
702222,Justin Crawford,FF,R,68,12.5,0.3305626666666666,0.5
702222,Justin Crawford,FS,R,13,18.181818181818183,0.2265,0.0
702222,Justin Crawford,KC,R,2,50.0,0.0855,0.0
702222,Justin Crawford,SI,L,15,0.0,0.0675,0.25
702222,Justin Crawford,SI,R,11,0.0,0.3803333333333333,0.25
702222,Justin Crawford,SL,L,2,,,0.0
702222,Justin Crawford,SL,R,16,22.22222222222222,0.2465999999999999,0.0
702222,Justin Crawford,ST,L,2,,,0.0
702222,Justin Crawford,ST,R,6,0.0,0.303,2.0
702284,Cole Young,CH,L,3,0.0,0.0,0.0
702284,Cole Young,CH,R,29,11.11111111111111,0.381322,0.8888888888888888
702284,Cole Young,CU,L,1,0.0,,0.0
702284,Cole Young,CU,R,9,0.0,0.09,0.0
702284,Cole Young,FA,L,1,0.0,0.397,1.0
702284,Cole Young,FC,L,5,66.66666666666667,0.344,1.5
702284,Cole Young,FC,R,27,7.6923076923076925,0.4058581818181818,0.6666666666666666
702284,Cole Young,FF,L,41,4.3478260869565215,0.4441547142857143,0.4615384615384615
702284,Cole Young,FF,R,74,29.72972972972973,0.3169290909090909,0.3
702284,Cole Young,FS,R,12,0.0,0.29675,0.0
702284,Cole Young,SI,L,19,12.5,0.1126666666666666,0.0
702284,Cole Young,SI,R,21,0.0,0.2345366666666666,0.0
702284,Cole Young,SL,L,38,41.1764705882353,0.3779490909090909,0.1111111111111111
702284,Cole Young,SL,R,18,25.0,0.2815415,0.0
702284,Cole Young,ST,L,15,22.22222222222222,0.0892,0.0
702284,Cole Young,ST,R,17,28.571428571428573,0.3568464999999999,0.0
702332,Caleb Durbin,CH,L,33,42.85714285714285,0.1812406666666666,0.0
702332,Caleb Durbin,CH,R,16,22.22222222222222,0.39,2.0
702332,Caleb Durbin,CU,L,3,,0.69822,0.0
702332,Caleb Durbin,CU,R,7,0.0,0.381,0.5
702332,Caleb Durbin,FC,L,3,0.0,0.4595829999999999,0.0
702332,Caleb Durbin,FC,R,15,20.0,0.42,0.0
702332,Caleb Durbin,FF,L,52,12.0,0.3646742857142857,0.5
702332,Caleb Durbin,FF,R,58,18.51851851851852,0.3762171666666666,0.2222222222222222
702332,Caleb Durbin,FS,R,7,0.0,0.285,0.0
702332,Caleb Durbin,KC,R,3,0.0,0.043,0.0
702332,Caleb Durbin,SI,L,12,0.0,0.260305,0.6666666666666666
702332,Caleb Durbin,SI,R,60,5.0,0.2699148571428571,0.0714285714285714
702332,Caleb Durbin,SL,L,4,0.0,0.333,1.0
702332,Caleb Durbin,SL,R,30,23.07692307692308,0.3682033333333332,0.4
702332,Caleb Durbin,ST,L,3,0.0,,0.0
702332,Caleb Durbin,ST,R,22,0.0,0.2321428571428571,0.5714285714285714
702616,Jackson Holliday,CH,L,1,0.0,,0.0
702616,Jackson Holliday,CH,R,23,25.0,0.259,0.5
702616,Jackson Holliday,CU,L,6,,,0.0
702616,Jackson Holliday,CU,R,15,22.22222222222222,0.1728333333333333,0.1666666666666666
702616,Jackson Holliday,FC,L,4,0.0,0.6195,0.5
702616,Jackson Holliday,FC,R,11,0.0,0.3745,1.0
702616,Jackson Holliday,FF,L,11,0.0,0.075,0.0
702616,Jackson Holliday,FF,R,52,18.181818181818183,0.2069285714285714,0.2857142857142857
702616,Jackson Holliday,FS,R,4,0.0,0.314,0.0
702616,Jackson Holliday,KC,L,2,50.0,0.0,0.0
702616,Jackson Holliday,KC,R,2,0.0,0.026,0.0
702616,Jackson Holliday,SI,L,10,0.0,0.1355,0.0
702616,Jackson Holliday,SI,R,17,16.666666666666668,0.4155,1.0
702616,Jackson Holliday,SL,L,5,33.333333333333336,0.609,0.0
702616,Jackson Holliday,SL,R,11,28.571428571428573,0.07625,0.0
702616,Jackson Holliday,ST,L,6,50.0,0.01,0.0
702616,Jackson Holliday,ST,R,6,0.0,0.12,0.0
703155,Lazaro Montes,CH,L,2,100.0,0.0,0.0
703155,Lazaro Montes,CH,R,20,50.0,0.406288,0.3333333333333333
703155,Lazaro Montes,CU,L,6,50.0,0.0,0.0
703155,Lazaro Montes,CU,R,9,50.0,0.4735,0.5
703155,Lazaro Montes,FC,L,3,50.0,0.194,0.0
703155,Lazaro Montes,FC,R,23,15.384615384615383,0.63025,1.25
703155,Lazaro Montes,FF,L,13,25.0,0.0425,0.0
703155,Lazaro Montes,FF,R,70,44.11764705882353,0.3839490909090909,0.6666666666666666
703155,Lazaro Montes,FS,R,13,66.66666666666667,0.0,0.0
703155,Lazaro Montes,SI,L,12,28.571428571428573,0.34675,0.25
703155,Lazaro Montes,SI,R,13,54.54545454545455,0.1589999999999999,0.0
703155,Lazaro Montes,SL,L,13,20.0,0.01925,0.0
703155,Lazaro Montes,SL,R,22,63.63636363636363,0.5796028571428572,1.3333333333333333
703155,Lazaro Montes,ST,L,1,,,0.0
703155,Lazaro Montes,ST,R,29,16.666666666666668,0.2186524999999999,0.4285714285714285
703155,Lazaro Montes,SV,L,3,,,0.0
703197,Michael Arroyo,CH,L,12,0.0,0.34975,0.25
703197,Michael Arroyo,CH,R,3,0.0,0.492,0.0
703197,Michael Arroyo,CU,L,7,0.0,0.2765,1.0
703197,Michael Arroyo,FA,L,1,0.0,0.382,0.0
703197,Michael Arroyo,FC,L,3,0.0,0.68211,1.0
703197,Michael Arroyo,FC,R,10,0.0,0.315,0.5
703197,Michael Arroyo,FF,L,20,20.0,0.3122439999999999,0.25
703197,Michael Arroyo,FF,R,18,20.0,0.37211,0.0
703197,Michael Arroyo,SI,L,14,16.666666666666668,0.5960733333333333,1.0
703197,Michael Arroyo,SI,R,4,66.66666666666667,0.7255,2.0
703197,Michael Arroyo,SL,L,16,12.5,0.26725,0.3333333333333333
703197,Michael Arroyo,SL,R,8,33.333333333333336,0.192,0.6
703197,Michael Arroyo,ST,L,1,,0.0,0.0
703197,Michael Arroyo,ST,R,7,0.0,0.4458,0.4
703492,Nick Morabito,CH,L,8,0.0,0.3743333333333333,0.0
703492,Nick Morabito,CH,R,4,0.0,0.855,1.0
703492,Nick Morabito,CU,L,3,0.0,0.472,1.0
703492,Nick Morabito,CU,R,1,0.0,0.131,0.0
703492,Nick Morabito,FC,L,1,0.0,0.066,0.0
703492,Nick Morabito,FC,R,1,0.0,0.288,2.0
703492,Nick Morabito,FF,L,12,33.333333333333336,0.34911,0.0
703492,Nick Morabito,FF,R,33,18.75,0.3128206666666666,0.0
703492,Nick Morabito,FS,R,1,,0.0,0.0
703492,Nick Morabito,KC,R,3,0.0,0.7615,1.0
703492,Nick Morabito,SI,L,8,25.0,0.3554066666666666,0.0
703492,Nick Morabito,SI,R,21,0.0,0.4216,0.6
703492,Nick Morabito,SL,L,3,,,0.0
703492,Nick Morabito,SL,R,14,40.0,0.1895,0.5
703492,Nick Morabito,ST,R,7,0.0,0.0015,0.0
703520,Brett Bateman,CH,L,1,0.0,0.716,1.0
703520,Brett Bateman,CH,R,31,21.428571428571427,0.131125,0.25
703520,Brett Bateman,CU,R,33,23.07692307692308,0.109,0.2
703520,Brett Bateman,FA,R,3,0.0,0.013,0.0
703520,Brett Bateman,FC,L,13,0.0,0.5670000000000001,0.6666666666666666
703520,Brett Bateman,FC,R,28,20.0,0.227,0.6666666666666666
703520,Brett Bateman,FF,L,46,5.0,0.2779626666666666,0.0769230769230769
703520,Brett Bateman,FF,R,98,10.526315789473683,0.4269592222222222,0.4166666666666667
703520,Brett Bateman,FS,R,14,14.285714285714286,0.3354999999999999,0.5
703520,Brett Bateman,KC,R,9,0.0,0.882,1.0
703520,Brett Bateman,SI,L,34,8.333333333333334,0.3177379999999999,0.5
703520,Brett Bateman,SI,R,40,0.0,0.5024236363636363,0.5
703520,Brett Bateman,SL,L,19,36.36363636363637,0.1432,0.0
703520,Brett Bateman,SL,R,15,0.0,0.6011666666666666,1.5
703520,Brett Bateman,ST,L,8,25.0,0.107,0.0
703520,Brett Bateman,ST,R,7,0.0,0.895,1.0
703601,Max Clark,CH,R,20,11.11111111111111,0.4370865714285714,0.25
703601,Max Clark,CU,L,4,0.0,0.138,0.5
703601,Max Clark,CU,R,27,33.333333333333336,0.0341666666666666,0.1666666666666666
703601,Max Clark,FC,L,8,0.0,0.2355,0.0
703601,Max Clark,FC,R,22,20.0,0.376844,0.25
703601,Max Clark,FF,L,25,16.666666666666668,0.2937033333333333,0.6
703601,Max Clark,FF,R,94,2.9411764705882355,0.3403171428571429,0.5555555555555556
703601,Max Clark,FS,R,13,33.333333333333336,0.1656666666666666,0.0
703601,Max Clark,KC,R,4,0.0,0.147,0.0
703601,Max Clark,SI,L,34,6.25,0.3393973846153846,0.75
703601,Max Clark,SI,R,22,11.11111111111111,0.337731,0.5
703601,Max Clark,SL,L,15,0.0,0.5176666666666666,0.6666666666666666
703601,Max Clark,SL,R,36,25.0,0.3779290909090909,0.4444444444444444
703601,Max Clark,ST,L,11,25.0,0.5936666666666667,0.6666666666666666
703601,Max Clark,ST,R,17,33.333333333333336,0.3140733333333333,0.0
703601,Max Clark,SV,L,2,0.0,0.059,0.0
703607,Henry Bolte,CH,L,14,20.0,0.2673049999999999,0.3333333333333333
703607,Henry Bolte,CH,R,15,50.0,0.4141943333333333,0.8
703607,Henry Bolte,CU,L,10,0.0,0.811,1.0
703607,Henry Bolte,CU,R,7,60.0,0.0426666666666666,0.0
703607,Henry Bolte,FC,L,1,,,0.0
703607,Henry Bolte,FC,R,9,0.0,0.343,1.0
703607,Henry Bolte,FF,L,38,30.0,0.332822,0.4444444444444444
703607,Henry Bolte,FF,R,98,16.666666666666668,0.3363751724137931,0.4166666666666667
703607,Henry Bolte,FS,L,1,0.0,0.911,2.0
703607,Henry Bolte,FS,R,8,50.0,0.0,0.0
703607,Henry Bolte,KC,R,5,,,0.0
703607,Henry Bolte,SI,L,11,0.0,0.897462,4.0
703607,Henry Bolte,SI,R,112,20.0,0.298994,0.56
703607,Henry Bolte,SL,L,12,25.0,0.3986099999999999,0.0
703607,Henry Bolte,SL,R,39,43.75,0.6264433333333334,0.5
703607,Henry Bolte,ST,R,44,42.85714285714285,0.4263636363636363,0.5454545454545454
703607,Henry Bolte,SV,R,1,0.0,,0.0
800050,Chase DeLauter,CH,L,6,25.0,0.0,0.0
800050,Chase DeLauter,CH,R,16,0.0,0.1655,0.0
800050,Chase DeLauter,CU,L,10,100.0,0.0,0.0
800050,Chase DeLauter,CU,R,9,33.333333333333336,0.2986666666666667,0.3333333333333333
800050,Chase DeLauter,FC,L,19,9.090909090909092,0.29525,0.25
800050,Chase DeLauter,FC,R,23,0.0,0.4411742857142857,0.0
800050,Chase DeLauter,FF,L,11,33.333333333333336,0.382,0.3333333333333333
800050,Chase DeLauter,FF,R,47,0.0,0.643555,1.6666666666666667
800050,Chase DeLauter,FS,R,6,0.0,0.367,0.0
800050,Chase DeLauter,KC,R,11,0.0,0.2383333333333333,0.3333333333333333
800050,Chase DeLauter,SI,L,31,0.0,0.3054488333333333,0.5
800050,Chase DeLauter,SI,R,25,0.0,0.402266,0.2857142857142857
800050,Chase DeLauter,SL,L,18,28.571428571428573,0.433,1.3333333333333333
800050,Chase DeLauter,SL,R,18,14.285714285714286,0.253305,0.3333333333333333
800050,Chase DeLauter,ST,L,11,0.0,,0.0
800050,Chase DeLauter,ST,R,8,20.0,0.2318,0.2
800050,Chase DeLauter,SV,L,2,0.0,0.176,0.0
800325,Luis Lara,CH,L,21,12.5,0.2108,0.2
800325,Luis Lara,CH,R,20,16.666666666666668,0.2175,0.0
800325,Luis Lara,CU,L,15,11.11111111111111,0.3045,0.5
800325,Luis Lara,CU,R,13,100.0,0.0,0.0
800325,Luis Lara,FA,R,2,0.0,0.0,0.0
800325,Luis Lara,FC,L,8,0.0,0.0975,0.0
800325,Luis Lara,FC,R,11,0.0,0.1636666666666666,0.0
800325,Luis Lara,FF,L,38,14.285714285714286,0.199,0.2
800325,Luis Lara,FF,R,51,13.79310344827586,0.3136447777777778,0.2142857142857142
800325,Luis Lara,FS,L,1,0.0,0.444,0.0
800325,Luis Lara,FS,R,6,0.0,,0.0
800325,Luis Lara,KC,R,1,,,0.0
800325,Luis Lara,KN,R,2,0.0,,0.0
800325,Luis Lara,SI,L,26,14.285714285714286,0.291,0.375
800325,Luis Lara,SI,R,16,12.5,0.177,0.0
800325,Luis Lara,SL,L,8,0.0,0.348055,0.3333333333333333
800325,Luis Lara,SL,R,7,0.0,0.3545,1.0
800325,Luis Lara,ST,L,9,40.0,0.0244999999999999,0.0
800325,Luis Lara,ST,R,9,0.0,0.0,0.0
800325,Luis Lara,SV,R,4,,0.69822,0.0
800543,Josue De Paula,CH,L,6,0.0,0.557,3.0
800543,Josue De Paula,CH,R,7,0.0,0.124,0.0
800543,Josue De Paula,CU,L,9,100.0,,0.0
800543,Josue De Paula,CU,R,15,50.0,0.69822,0.0
800543,Josue De Paula,FC,L,2,0.0,,0.0
800543,Josue De Paula,FC,R,8,33.333333333333336,0.69822,0.0
800543,Josue De Paula,FF,L,16,0.0,0.350888,0.6666666666666666
800543,Josue De Paula,FF,R,26,20.0,0.5912088888888889,1.0
800543,Josue De Paula,FS,R,8,25.0,0.85911,2.0
800543,Josue De Paula,KC,R,1,,,0.0
800543,Josue De Paula,SI,L,14,0.0,0.4017033333333333,0.2
800543,Josue De Paula,SI,R,22,0.0,0.3435,0.25
800543,Josue De Paula,SL,L,4,0.0,0.698,1.0
800543,Josue De Paula,SL,R,22,33.333333333333336,0.375805,0.6666666666666666
800543,Josue De Paula,ST,L,3,,,0.0
800543,Josue De Paula,ST,R,7,100.0,0.0,0.0
801126,Brock Rodden,CH,R,11,40.0,0.33,0.5
801126,Brock Rodden,CU,L,1,0.0,0.346,1.0
801126,Brock Rodden,CU,R,7,0.0,0.05,1.0
801126,Brock Rodden,FA,L,6,50.0,0.69822,0.0
801126,Brock Rodden,FC,L,1,0.0,,0.0
801126,Brock Rodden,FC,R,12,20.0,0.007,0.0
801126,Brock Rodden,FF,L,5,,0.69822,0.0
801126,Brock Rodden,FF,R,30,46.15384615384615,0.2663324999999999,0.0
801126,Brock Rodden,FS,R,9,60.0,0.0,0.0
801126,Brock Rodden,SI,L,2,,,0.0
801126,Brock Rodden,SI,R,16,30.0,0.6093333333333334,1.3333333333333333
801126,Brock Rodden,SL,R,8,83.33333333333333,0.0,0.0
801126,Brock Rodden,ST,R,8,40.0,0.3225,0.0
801501,Nate Furman,CH,R,2,0.0,,0.0
801501,Nate Furman,CU,R,8,33.333333333333336,0.2327399999999999,0.0
801501,Nate Furman,FC,R,5,33.333333333333336,0.136,0.0
801501,Nate Furman,FF,R,27,10.0,0.2881742857142857,0.1666666666666666
801501,Nate Furman,SI,R,6,0.0,,0.0
801501,Nate Furman,SL,L,1,0.0,,0.0
801501,Nate Furman,SL,R,4,33.333333333333336,0.0,0.0
801501,Nate Furman,ST,R,8,16.666666666666668,0.0286666666666666,0.0
802139,JJ Wetherholt,CH,R,13,0.0,0.171,0.0
802139,JJ Wetherholt,CU,L,3,0.0,0.0,0.0
802139,JJ Wetherholt,CU,R,12,0.0,0.4114066666666666,0.5
802139,JJ Wetherholt,FC,L,1,,,0.0
802139,JJ Wetherholt,FC,R,3,50.0,0.0,0.0
802139,JJ Wetherholt,FF,L,11,0.0,0.1406666666666667,0.0
802139,JJ Wetherholt,FF,R,40,21.05263157894737,0.3575,0.3
802139,JJ Wetherholt,FS,R,1,0.0,0.181,0.0
802139,JJ Wetherholt,KC,R,4,66.66666666666667,0.0,0.0
802139,JJ Wetherholt,SI,L,10,33.333333333333336,0.2893333333333333,0.3333333333333333
802139,JJ Wetherholt,SI,R,9,0.0,0.092,0.0
802139,JJ Wetherholt,SL,L,5,0.0,0.528,1.0
802139,JJ Wetherholt,SL,R,4,25.0,0.1425,0.0
802139,JJ Wetherholt,ST,L,3,0.0,0.283,0.0
802139,JJ Wetherholt,ST,R,3,0.0,0.5335,1.5
802139,JJ Wetherholt,SV,L,1,100.0,,0.0
802415,Chandler Simpson,CH,L,9,60.0,0.1939999999999999,0.0
802415,Chandler Simpson,CH,R,23,30.76923076923077,0.2438571428571428,0.4
802415,Chandler Simpson,CU,L,2,0.0,0.734,0.0
802415,Chandler Simpson,CU,R,4,0.0,0.2295,0.5
802415,Chandler Simpson,FC,L,3,66.66666666666667,0.512,1.0
802415,Chandler Simpson,FC,R,16,0.0,0.264,0.0
802415,Chandler Simpson,FF,L,24,0.0,0.3668571428571429,0.375
802415,Chandler Simpson,FF,R,51,0.0,0.396622,0.4444444444444444
802415,Chandler Simpson,FS,L,1,,,0.0
802415,Chandler Simpson,FS,R,3,100.0,,0.0
802415,Chandler Simpson,SI,L,53,3.225806451612903,0.2376818181818182,0.25
802415,Chandler Simpson,SI,R,23,0.0,0.1754285714285714,0.2857142857142857
802415,Chandler Simpson,SL,L,16,16.666666666666668,0.1846,0.8
802415,Chandler Simpson,SL,R,6,50.0,0.177,0.0
802415,Chandler Simpson,ST,L,15,14.285714285714286,0.0834999999999999,0.25
802415,Chandler Simpson,ST,R,6,0.0,0.1103333333333333,0.0
803011,Sam Antonacci,CH,L,1,,,0.0
803011,Sam Antonacci,CH,R,26,42.85714285714285,0.43387,0.2
803011,Sam Antonacci,CU,L,6,25.0,0.0,0.0
803011,Sam Antonacci,CU,R,16,0.0,0.4195276666666667,0.6
803011,Sam Antonacci,FC,R,29,10.526315789473683,0.2731,0.3
803011,Sam Antonacci,FF,L,19,14.285714285714286,0.2597915,0.0
803011,Sam Antonacci,FF,R,88,2.272727272727273,0.4869464,0.4545454545454545
803011,Sam Antonacci,FS,R,4,0.0,0.488,1.0
803011,Sam Antonacci,KC,L,2,,0.729166,0.0
803011,Sam Antonacci,KC,R,2,0.0,,0.0
803011,Sam Antonacci,SI,L,19,0.0,0.4566332,0.5
803011,Sam Antonacci,SI,R,28,14.285714285714286,0.383,0.5555555555555556
803011,Sam Antonacci,SL,L,9,0.0,0.239,0.0
803011,Sam Antonacci,SL,R,38,0.0,0.2486666666666666,0.5454545454545454
803011,Sam Antonacci,ST,L,5,50.0,0.222,0.5
803011,Sam Antonacci,ST,R,14,50.0,0.547462,0.0
803011,Sam Antonacci,SV,L,2,,,0.0
804606,Konnor Griffin,CH,L,22,16.666666666666668,0.40337,0.4
804606,Konnor Griffin,CH,R,20,30.76923076923077,0.2151666666666666,0.6666666666666666
804606,Konnor Griffin,CU,L,20,10.0,0.3113333333333333,0.0
804606,Konnor Griffin,CU,R,11,33.333333333333336,0.1615,0.0
804606,Konnor Griffin,FC,L,13,22.22222222222222,0.216,0.0
804606,Konnor Griffin,FC,R,25,20.0,0.2535,0.0
804606,Konnor Griffin,FF,L,45,20.0,0.5435555555555556,1.0
804606,Konnor Griffin,FF,R,54,20.689655172413797,0.4565122222222222,0.6470588235294118
804606,Konnor Griffin,FS,L,7,20.0,0.4555,0.5
804606,Konnor Griffin,KC,R,3,50.0,0.025,0.0
804606,Konnor Griffin,SI,L,3,0.0,0.6586099999999999,1.0
804606,Konnor Griffin,SI,R,61,6.25,0.3052813333333333,0.2857142857142857
804606,Konnor Griffin,SL,L,16,14.285714285714286,0.3336332,0.0
804606,Konnor Griffin,SL,R,33,14.285714285714286,0.2964285714285714,0.4285714285714285
804606,Konnor Griffin,ST,L,3,50.0,,0.0
804606,Konnor Griffin,ST,R,28,18.75,0.1595714285714285,0.0
804606,Konnor Griffin,SV,L,1,0.0,,0.0
804668,Rafael Flores Jr.,CH,L,15,0.0,0.2945,0.5
804668,Rafael Flores Jr.,CH,R,13,25.0,0.0,0.0
804668,Rafael Flores Jr.,CU,L,9,40.0,0.4535,1.5
804668,Rafael Flores Jr.,CU,R,13,50.0,0.194,1.0
804668,Rafael Flores Jr.,FC,L,9,0.0,0.29074,0.0
804668,Rafael Flores Jr.,FC,R,13,50.0,0.0486666666666666,0.3333333333333333
804668,Rafael Flores Jr.,FF,L,38,30.43478260869565,0.3473333333333333,0.7777777777777778
804668,Rafael Flores Jr.,FF,R,46,30.0,0.37825,0.1818181818181818
804668,Rafael Flores Jr.,FS,L,7,40.0,0.126,0.5
804668,Rafael Flores Jr.,FS,R,2,,,0.0
804668,Rafael Flores Jr.,KC,R,6,50.0,0.73461,1.0
804668,Rafael Flores Jr.,SI,L,9,28.571428571428573,0.5559999999999999,1.0
804668,Rafael Flores Jr.,SI,R,47,10.0,0.2720169230769231,0.25
804668,Rafael Flores Jr.,SL,L,13,20.0,0.0,0.0
804668,Rafael Flores Jr.,SL,R,28,18.181818181818183,0.7437775,1.1428571428571428
804668,Rafael Flores Jr.,ST,L,1,,,0.0
804668,Rafael Flores Jr.,ST,R,7,0.0,0.091,0.0
804668,Rafael Flores Jr.,SV,L,4,100.0,0.34911,0.0
805300,Jakob Marsee,CH,L,5,0.0,0.1115,0.0
805300,Jakob Marsee,CH,R,21,20.0,0.2668808571428571,0.1666666666666666
805300,Jakob Marsee,CU,L,4,0.0,,0.0
805300,Jakob Marsee,CU,R,24,22.22222222222222,0.3594599999999999,0.8333333333333334
805300,Jakob Marsee,FC,L,1,,,0.0
805300,Jakob Marsee,FC,R,38,0.0,0.4537623636363637,0.7777777777777778
805300,Jakob Marsee,FF,L,32,7.6923076923076925,0.4422385999999999,0.25
805300,Jakob Marsee,FF,R,96,10.256410256410255,0.4121763636363635,0.6666666666666666
805300,Jakob Marsee,FO,R,1,,,0.0
805300,Jakob Marsee,FS,L,1,,,0.0
805300,Jakob Marsee,FS,R,11,60.0,0.3023333333333333,1.3333333333333333
805300,Jakob Marsee,KC,R,1,,0.69822,0.0
805300,Jakob Marsee,SI,L,30,8.333333333333334,0.1794522857142857,0.1666666666666666
805300,Jakob Marsee,SI,R,20,0.0,0.46618,0.3333333333333333
805300,Jakob Marsee,SL,L,22,31.25,0.4697142857142857,0.7142857142857143
805300,Jakob Marsee,SL,R,16,0.0,0.3405,0.75
805300,Jakob Marsee,ST,L,7,25.0,,0.0
805300,Jakob Marsee,ST,R,8,0.0,0.593,1.0
805300,Jakob Marsee,SV,R,1,100.0,0.0,0.0
805346,Ben Ross,CH,L,10,16.666666666666668,0.4134,0.8
805346,Ben Ross,CH,R,3,50.0,0.0,0.0
805346,Ben Ross,CU,L,1,,,0.0
805346,Ben Ross,CU,R,1,,,0.0
805346,Ben Ross,FC,L,2,0.0,,0.0
805346,Ben Ross,FC,R,4,100.0,0.0,0.0
805346,Ben Ross,FF,L,13,33.333333333333336,0.4195,1.0
805346,Ben Ross,FF,R,19,50.0,0.1078333333333333,0.3333333333333333
805346,Ben Ross,SI,R,8,33.333333333333336,0.278,0.0
805346,Ben Ross,SL,L,3,50.0,,0.0
805346,Ben Ross,SL,R,18,63.63636363636363,0.01675,0.0
805346,Ben Ross,ST,L,1,,,0.0
805346,Ben Ross,ST,R,7,0.0,,0.0
805367,Chase Meidroth,CH,L,24,8.333333333333334,0.6455275,1.5
805367,Chase Meidroth,CH,R,10,28.571428571428573,0.4661742857142857,0.3333333333333333
805367,Chase Meidroth,CU,L,11,16.666666666666668,0.419,1.0
805367,Chase Meidroth,CU,R,7,25.0,0.199,0.0
805367,Chase Meidroth,FC,L,11,0.0,0.7155,1.5
805367,Chase Meidroth,FC,R,26,37.5,0.1516666666666666,0.0
805367,Chase Meidroth,FF,L,18,0.0,0.4765,1.0
805367,Chase Meidroth,FF,R,98,27.5,0.31534424,0.4545454545454545
805367,Chase Meidroth,FS,R,7,0.0,0.3956099999999999,0.0
805367,Chase Meidroth,KC,L,2,0.0,,0.0
805367,Chase Meidroth,KC,R,3,,,0.0
805367,Chase Meidroth,SI,L,13,0.0,0.4987953333333333,1.0
805367,Chase Meidroth,SI,R,48,7.142857142857143,0.1437457142857142,0.1666666666666666
805367,Chase Meidroth,SL,L,8,0.0,0.452,1.0
805367,Chase Meidroth,SL,R,48,14.285714285714286,0.1934545454545454,0.2727272727272727
805367,Chase Meidroth,ST,L,4,,,0.0
805367,Chase Meidroth,ST,R,22,38.46153846153846,0.199122,0.125
805805,Walker Jenkins,CH,L,1,,,0.0
805805,Walker Jenkins,CH,R,30,17.647058823529413,0.1864166666666666,0.1666666666666666
805805,Walker Jenkins,CU,L,1,,,0.0
805805,Walker Jenkins,CU,R,22,12.5,0.6110366666666666,1.0
805805,Walker Jenkins,FC,L,4,100.0,,0.0
805805,Walker Jenkins,FC,R,26,35.714285714285715,0.2489999999999999,0.75
805805,Walker Jenkins,FF,L,18,37.5,0.1843999999999999,0.2
805805,Walker Jenkins,FF,R,61,15.151515151515152,0.502748,0.7857142857142857
805805,Walker Jenkins,FS,R,12,0.0,0.146,0.0
805805,Walker Jenkins,KC,R,1,,,0.0
805805,Walker Jenkins,SI,L,17,0.0,0.255361,0.2
805805,Walker Jenkins,SI,R,18,14.285714285714286,0.4625733333333333,0.25
805805,Walker Jenkins,SL,L,14,14.285714285714286,0.3456666666666666,0.1666666666666666
805805,Walker Jenkins,SL,R,28,28.571428571428573,0.3550366666666666,0.2
805805,Walker Jenkins,ST,L,11,60.0,0.0323333333333333,0.0
805805,Walker Jenkins,ST,R,30,18.181818181818183,0.0228571428571428,0.0
805805,Walker Jenkins,SV,R,1,,,0.0
805808,Kevin McGonigle,CH,L,3,0.0,0.708,1.0
805808,Kevin McGonigle,CH,R,36,20.0,0.560625,1.25
805808,Kevin McGonigle,CU,L,5,,,0.0
805808,Kevin McGonigle,CU,R,31,22.22222222222222,0.0056666666666666,0.0
805808,Kevin McGonigle,FC,L,20,25.0,0.0391666666666666,0.1666666666666666
805808,Kevin McGonigle,FC,R,13,16.666666666666668,0.3399066666666666,0.0
805808,Kevin McGonigle,FF,L,19,10.0,0.3477771428571428,0.4
805808,Kevin McGonigle,FF,R,101,6.666666666666667,0.4329406249999999,0.7407407407407407
805808,Kevin McGonigle,FS,R,16,16.666666666666668,0.1746666666666666,0.0
805808,Kevin McGonigle,KC,R,7,0.0,0.916,1.0
805808,Kevin McGonigle,SI,L,21,0.0,0.3517457142857143,0.1666666666666666
805808,Kevin McGonigle,SI,R,44,5.555555555555555,0.3404285714285714,0.2857142857142857
805808,Kevin McGonigle,SL,L,27,33.333333333333336,0.21925,0.375
805808,Kevin McGonigle,SL,R,39,20.0,0.3303485714285714,0.0
805808,Kevin McGonigle,ST,L,16,71.42857142857143,0.3846666666666666,0.6666666666666666
805808,Kevin McGonigle,ST,R,38,20.0,0.496044,0.625
805808,Kevin McGonigle,SV,L,1,,,0.0
805811,Bryce Eldridge,CH,L,4,50.0,0.534,0.0
805811,Bryce Eldridge,CH,R,24,57.142857142857146,0.2313049999999999,0.6666666666666666
805811,Bryce Eldridge,CU,L,7,66.66666666666667,0.2944066666666666,0.0
805811,Bryce Eldridge,CU,R,16,33.333333333333336,0.514555,0.5
805811,Bryce Eldridge,FC,L,2,0.0,,0.0
805811,Bryce Eldridge,FC,R,15,28.571428571428573,0.0059999999999999,0.0
805811,Bryce Eldridge,FF,L,24,20.0,0.4529133333333333,0.875
805811,Bryce Eldridge,FF,R,39,5.2631578947368425,0.4266911111111111,0.625
805811,Bryce Eldridge,FS,R,10,0.0,0.039,0.0
805811,Bryce Eldridge,KC,L,5,100.0,0.0,0.0
805811,Bryce Eldridge,KC,R,5,50.0,0.118,0.0
805811,Bryce Eldridge,PO,L,1,,,0.0
805811,Bryce Eldridge,SI,L,38,6.666666666666667,0.565415,0.0
805811,Bryce Eldridge,SI,R,26,8.333333333333334,0.284522,0.375
805811,Bryce Eldridge,SL,L,24,40.0,0.4525733333333333,0.5
805811,Bryce Eldridge,SL,R,32,50.0,0.5088571428571429,0.8571428571428571
805811,Bryce Eldridge,ST,L,11,37.5,0.22675,0.5
805811,Bryce Eldridge,ST,R,9,0.0,0.7391099999999999,1.0
805999,A.J. Ewing,CH,L,7,0.0,0.41,0.5
805999,A.J. Ewing,CH,R,41,31.818181818181817,0.2914166666666666,0.5384615384615384
805999,A.J. Ewing,CU,L,5,0.0,,0.0
805999,A.J. Ewing,CU,R,17,30.0,0.5757142857142857,1.4285714285714286
805999,A.J. Ewing,FC,L,8,20.0,,0.0
805999,A.J. Ewing,FC,R,9,0.0,0.535,0.3333333333333333
805999,A.J. Ewing,FF,L,27,0.0,0.26387,0.0
805999,A.J. Ewing,FF,R,62,18.51851851851852,0.4264505882352941,0.5714285714285714
805999,A.J. Ewing,FS,R,9,60.0,0.104,1.0
805999,A.J. Ewing,KC,R,7,50.0,0.213,0.0
805999,A.J. Ewing,SI,L,38,6.666666666666667,0.3051509090909091,0.2222222222222222
805999,A.J. Ewing,SI,R,28,0.0,0.515544,0.7142857142857143
805999,A.J. Ewing,SL,L,34,46.15384615384615,0.071,0.1666666666666666
805999,A.J. Ewing,SL,R,21,18.181818181818183,0.2481666666666666,0.5
805999,A.J. Ewing,ST,L,12,66.66666666666667,0.20075,0.0
805999,A.J. Ewing,ST,R,12,50.0,0.0,0.0
805999,A.J. Ewing,SV,R,1,,,0.0
806146,George Lombard Jr.,CH,L,14,25.0,0.16,0.0
806146,George Lombard Jr.,CH,R,18,33.333333333333336,0.3389999999999999,0.25
806146,George Lombard Jr.,CU,L,2,0.0,1.605,4.0
806146,George Lombard Jr.,CU,R,13,60.0,0.0012,0.0
806146,George Lombard Jr.,FC,L,17,27.272727272727277,0.2943333333333333,0.3333333333333333
806146,George Lombard Jr.,FC,R,27,18.181818181818183,1.142,2.5
806146,George Lombard Jr.,FF,L,7,50.0,0.263,0.0
806146,George Lombard Jr.,FF,R,52,45.16129032258065,0.2330150909090909,0.3
806146,George Lombard Jr.,FS,R,4,100.0,0.0,0.0
806146,George Lombard Jr.,KC,L,1,,,0.0
806146,George Lombard Jr.,KC,R,2,,,0.0
806146,George Lombard Jr.,SI,L,13,0.0,0.8556666666666667,2.0
806146,George Lombard Jr.,SI,R,94,6.976744186046512,0.2768206451612903,0.4137931034482758
806146,George Lombard Jr.,SL,L,2,,,0.0
806146,George Lombard Jr.,SL,R,18,0.0,0.2593333333333333,0.6666666666666666
806146,George Lombard Jr.,ST,L,4,66.66666666666667,0.2480733333333333,0.0
806146,George Lombard Jr.,ST,R,14,20.0,0.2303333333333333,0.0
806198,Cooper Pratt,CH,L,18,8.333333333333334,0.2588333333333333,0.8333333333333334
806198,Cooper Pratt,CH,R,6,25.0,0.1906666666666666,1.0
806198,Cooper Pratt,CU,L,9,0.0,0.59636,0.5
806198,Cooper Pratt,CU,R,19,25.0,0.0679999999999999,0.0
806198,Cooper Pratt,EP,R,1,0.0,0.722,0.0
806198,Cooper Pratt,FC,L,3,0.0,0.187,0.0
806198,Cooper Pratt,FC,R,22,22.22222222222222,0.283444,0.5
806198,Cooper Pratt,FF,L,43,15.0,0.212875,0.25
806198,Cooper Pratt,FF,R,65,4.166666666666667,0.356766,0.2857142857142857
806198,Cooper Pratt,FS,R,7,50.0,0.0233333333333333,0.0
806198,Cooper Pratt,KC,R,1,0.0,,0.0
806198,Cooper Pratt,SI,L,6,0.0,0.0,0.0
806198,Cooper Pratt,SI,R,45,9.090909090909092,0.4446293333333333,0.3846153846153846
806198,Cooper Pratt,SL,L,5,33.333333333333336,,0.0
806198,Cooper Pratt,SL,R,31,21.428571428571427,0.552,0.625
806198,Cooper Pratt,ST,L,4,0.0,,0.0
806198,Cooper Pratt,ST,R,24,7.6923076923076925,0.238,0.0
806367,Turner Hill,CH,L,2,0.0,0.5415,0.5
806367,Turner Hill,CH,R,18,42.85714285714285,0.0535,0.0
806367,Turner Hill,CU,L,7,0.0,0.1205,2.0
806367,Turner Hill,CU,R,18,20.0,0.3935951428571428,0.8333333333333334
806367,Turner Hill,FC,L,5,0.0,0.2935,0.0
806367,Turner Hill,FC,R,13,100.0,0.4654799999999999,0.0
806367,Turner Hill,FF,L,37,0.0,0.1473,0.0
806367,Turner Hill,FF,R,72,10.0,0.3551810526315789,0.2941176470588235
806367,Turner Hill,FS,R,9,33.333333333333336,0.836,1.0
806367,Turner Hill,KC,L,1,,,0.0
806367,Turner Hill,KC,R,5,100.0,0.0,0.0
806367,Turner Hill,SI,L,48,4.761904761904762,0.2485971666666666,0.1818181818181818
806367,Turner Hill,SI,R,34,0.0,0.357305,0.1666666666666666
806367,Turner Hill,SL,L,30,44.44444444444444,0.2250314285714285,0.0
806367,Turner Hill,SL,R,14,12.5,0.11925,0.0
806367,Turner Hill,ST,L,8,0.0,0.0,0.0
806367,Turner Hill,ST,R,10,0.0,0.8280000000000001,1.0
806956,Ethan Salas,CH,R,13,16.666666666666668,,0.0
806956,Ethan Salas,CU,R,7,,0.0,0.0
806956,Ethan Salas,FC,L,3,0.0,0.743,0.0
806956,Ethan Salas,FC,R,6,0.0,0.2279999999999999,0.5
806956,Ethan Salas,FF,L,8,0.0,0.306,0.0
806956,Ethan Salas,FF,R,43,17.24137931034483,0.2367058823529411,0.8823529411764706
806956,Ethan Salas,FS,R,15,20.0,0.07975,0.0
806956,Ethan Salas,KC,R,3,,,0.0
806956,Ethan Salas,SI,R,9,0.0,0.302,0.3333333333333333
806956,Ethan Salas,SL,L,4,66.66666666666667,0.0,0.0
806956,Ethan Salas,SL,R,16,0.0,0.222805,0.0
806956,Ethan Salas,ST,L,9,20.0,0.2825,0.25
806956,Ethan Salas,ST,R,11,33.333333333333336,0.1485,0.0
806956,Ethan Salas,SV,R,2,100.0,,0.0
807712,Luke Keaschall,CH,L,28,41.66666666666666,0.2032,0.0
807712,Luke Keaschall,CH,R,17,40.0,0.4267399999999999,0.0
807712,Luke Keaschall,CU,L,11,20.0,0.037,0.3333333333333333
807712,Luke Keaschall,CU,R,16,0.0,0.4214,0.8
807712,Luke Keaschall,FC,L,8,40.0,0.068,0.0
807712,Luke Keaschall,FC,R,22,9.090909090909092,0.3975366666666666,0.6
807712,Luke Keaschall,FF,L,59,3.225806451612903,0.3283273684210526,0.5
807712,Luke Keaschall,FF,R,84,9.523809523809524,0.4793708181818182,0.6875
807712,Luke Keaschall,FS,R,7,0.0,0.821,1.0
807712,Luke Keaschall,KC,R,2,0.0,0.306,0.0
807712,Luke Keaschall,SI,L,7,0.0,0.163,0.3333333333333333
807712,Luke Keaschall,SI,R,40,25.0,0.4263019999999999,0.0
807712,Luke Keaschall,SL,L,13,28.571428571428573,0.59975,1.25
807712,Luke Keaschall,SL,R,32,15.789473684210526,0.2924953846153846,0.3636363636363636
807712,Luke Keaschall,ST,L,7,25.0,0.417,1.0
807712,Luke Keaschall,ST,R,35,33.333333333333336,0.0673333333333333,0.1666666666666666
807712,Luke Keaschall,SV,R,4,0.0,0.0,0.0
807713,Matt Shaw,CH,L,18,0.0,0.4500366666666666,0.5
807713,Matt Shaw,CU,L,13,25.0,0.1009999999999999,0.0
807713,Matt Shaw,CU,R,3,0.0,0.212,0.5
807713,Matt Shaw,FC,L,5,0.0,0.7231099999999999,2.0
807713,Matt Shaw,FC,R,11,25.0,0.037,0.0
807713,Matt Shaw,FF,L,16,30.0,0.3968049999999999,0.6666666666666666
807713,Matt Shaw,FF,R,21,16.666666666666668,0.2416028571428571,0.5
807713,Matt Shaw,FS,R,2,0.0,0.147,0.0
807713,Matt Shaw,SI,L,17,11.11111111111111,0.2830314285714285,0.1666666666666666
807713,Matt Shaw,SI,R,12,25.0,0.4506099999999999,0.0
807713,Matt Shaw,SL,L,8,,0.69822,0.0
807713,Matt Shaw,SL,R,11,25.0,0.1785,0.0
807713,Matt Shaw,ST,L,10,33.333333333333336,0.0,0.0
807713,Matt Shaw,ST,R,11,42.85714285714285,0.1635,0.0
807713,Matt Shaw,SV,R,1,100.0,0.0,0.0
807726,John Peck,CH,L,18,35.714285714285715,0.1526666666666666,0.1666666666666666
807726,John Peck,CH,R,11,75.0,0.1412439999999999,0.0
807726,John Peck,CU,L,9,66.66666666666667,0.0285,0.0
807726,John Peck,CU,R,10,100.0,0.0,0.0
807726,John Peck,FC,L,7,25.0,0.2155,0.5
807726,John Peck,FC,R,10,14.285714285714286,0.4394439999999999,0.25
807726,John Peck,FF,L,34,23.07692307692308,0.35374,0.0
807726,John Peck,FF,R,68,20.454545454545453,0.3374505882352941,0.0714285714285714
807726,John Peck,FS,R,5,33.333333333333336,0.4175,0.0
807726,John Peck,KC,R,4,0.0,0.056,0.0
807726,John Peck,SI,L,7,0.0,0.4236666666666666,1.0
807726,John Peck,SI,R,33,0.0,0.4737552,0.2857142857142857
807726,John Peck,SL,L,7,20.0,0.4555,0.0
807726,John Peck,SL,R,32,23.07692307692308,0.4106911111111111,0.2857142857142857
807726,John Peck,ST,L,9,14.285714285714286,0.1689999999999999,0.0
807726,John Peck,ST,R,14,37.5,0.0586666666666666,0.3333333333333333
807727,Charles McAdoo,CH,L,14,10.0,0.2151428571428571,0.1666666666666666
807727,Charles McAdoo,CU,L,3,0.0,0.086,1.0
807727,Charles McAdoo,EP,R,1,0.0,0.251,1.0
807727,Charles McAdoo,FA,R,3,50.0,,0.0
807727,Charles McAdoo,FC,L,8,33.333333333333336,0.09,0.0
807727,Charles McAdoo,FC,R,3,0.0,0.008,0.0
807727,Charles McAdoo,FF,L,30,50.0,0.0,0.0
807727,Charles McAdoo,FF,R,4,0.0,0.052,0.0
807727,Charles McAdoo,FS,R,2,0.0,0.86,2.0
807727,Charles McAdoo,KC,L,1,,,0.0
807727,Charles McAdoo,SI,L,10,0.0,0.6454066666666667,1.5
807727,Charles McAdoo,SI,R,11,0.0,1.34911,4.0
807727,Charles McAdoo,SL,L,8,0.0,0.494,0.5
807727,Charles McAdoo,SL,R,4,0.0,0.689,0.0
807727,Charles McAdoo,ST,L,3,0.0,0.076,0.0
807727,Charles McAdoo,ST,R,5,0.0,0.086,0.0
808959,Munetaka Murakami,CH,L,4,100.0,0.69822,0.0
808959,Munetaka Murakami,CH,R,57,44.44444444444444,0.1694285714285714,0.5714285714285714
808959,Munetaka Murakami,CU,L,4,50.0,0.4455,0.0
808959,Munetaka Murakami,CU,R,11,25.0,0.520861,1.0
808959,Munetaka Murakami,FC,L,14,28.571428571428573,0.154,0.0
808959,Munetaka Murakami,FC,R,24,18.181818181818183,0.078,0.0
808959,Munetaka Murakami,FF,L,24,30.76923076923077,0.4907499999999999,0.25
808959,Munetaka Murakami,FF,R,98,57.5,0.21353,0.1052631578947368
808959,Munetaka Murakami,FS,R,12,62.5,0.09525,1.0
808959,Munetaka Murakami,KC,L,2,0.0,1.215,2.0
808959,Munetaka Murakami,KC,R,2,,,0.0
808959,Munetaka Murakami,PO,R,1,,,0.0
808959,Munetaka Murakami,SI,L,21,10.0,0.5902835555555556,0.6666666666666666
808959,Munetaka Murakami,SI,R,28,46.15384615384615,0.3529999999999999,0.5714285714285714
808959,Munetaka Murakami,SL,L,26,60.0,0.4129433333333333,0.0
808959,Munetaka Murakami,SL,R,69,35.13513513513514,0.1725122222222222,0.4705882352941176
808959,Munetaka Murakami,ST,L,25,33.333333333333336,0.69822,0.0
808959,Munetaka Murakami,ST,R,28,50.0,0.2949073333333333,0.375
808959,Munetaka Murakami,SV,L,6,100.0,0.0,0.0
808982,Jung Hoo Lee,CH,L,1,,,0.0
808982,Jung Hoo Lee,CH,R,17,0.0,0.3635,0.25
808982,Jung Hoo Lee,CU,L,7,0.0,0.062,0.0
808982,Jung Hoo Lee,CU,R,11,0.0,0.2965,0.0
808982,Jung Hoo Lee,FC,R,13,22.22222222222222,0.3112,0.0
808982,Jung Hoo Lee,FF,L,22,9.090909090909092,0.2705714285714286,0.4285714285714285
808982,Jung Hoo Lee,FF,R,69,6.0606060606060606,0.255911,0.2631578947368421
808982,Jung Hoo Lee,FS,L,1,0.0,,0.0
808982,Jung Hoo Lee,FS,R,3,,,0.0
808982,Jung Hoo Lee,KC,L,1,,,0.0
808982,Jung Hoo Lee,KC,R,6,0.0,0.4595,3.0
808982,Jung Hoo Lee,SI,L,25,33.333333333333336,0.266055,0.0
808982,Jung Hoo Lee,SI,R,21,0.0,0.34946,0.1666666666666666
808982,Jung Hoo Lee,SL,L,27,26.666666666666668,0.2985714285714285,0.0
808982,Jung Hoo Lee,SL,R,20,12.5,0.3425,0.75
808982,Jung Hoo Lee,ST,L,6,25.0,0.0295,0.0
808982,Jung Hoo Lee,ST,R,7,100.0,0.0,0.0
810938,Ben Williamson,CH,L,14,22.22222222222222,0.2029999999999999,0.0
810938,Ben Williamson,FC,L,8,0.0,,0.0
810938,Ben Williamson,FF,L,6,0.0,0.2433333333333333,0.3333333333333333
810938,Ben Williamson,FF,R,10,0.0,0.3340733333333333,0.0
810938,Ben Williamson,SI,L,14,0.0,0.2310549999999999,0.0
810938,Ben Williamson,SL,L,7,75.0,0.0135,0.0
810938,Ben Williamson,ST,L,3,0.0,0.123,0.0
811965,Joshua Kuroda-Grauer,CU,L,2,100.0,0.0,0.0
811965,Joshua Kuroda-Grauer,FC,L,1,,,0.0
811965,Joshua Kuroda-Grauer,FF,L,7,0.0,0.3465,0.25
811965,Joshua Kuroda-Grauer,FF,R,8,66.66666666666667,0.2327399999999999,0.0
811965,Joshua Kuroda-Grauer,FS,L,1,,,0.0
811965,Joshua Kuroda-Grauer,SI,R,4,,,0.0
811965,Joshua Kuroda-Grauer,SL,L,1,0.0,,0.0
811965,Joshua Kuroda-Grauer,SL,R,5,33.333333333333336,0.121,0.0
811965,Joshua Kuroda-Grauer,ST,L,4,25.0,,0.0
811965,Joshua Kuroda-Grauer,ST,R,3,33.333333333333336,0.217,0.0
813841,Jonah Cox,CH,L,25,53.84615384615385,0.193625,0.25
813841,Jonah Cox,CH,R,6,50.0,0.082,0.3333333333333333
813841,Jonah Cox,CU,L,11,16.666666666666668,0.29125,0.25
813841,Jonah Cox,CU,R,5,0.0,,0.0
813841,Jonah Cox,FC,L,6,25.0,0.256,0.0
813841,Jonah Cox,FC,R,15,28.571428571428573,0.3420733333333333,0.0
813841,Jonah Cox,FF,L,90,34.69387755102041,0.2659116666666666,0.25
813841,Jonah Cox,FF,R,95,34.78260869565217,0.2089315384615384,0.32
813841,Jonah Cox,FS,L,3,0.0,,0.0
813841,Jonah Cox,FS,R,2,0.0,0.138,0.0
813841,Jonah Cox,KC,L,2,,,0.0
813841,Jonah Cox,KC,R,4,0.0,,0.0
813841,Jonah Cox,SI,L,21,25.0,0.5194066666666667,0.5
813841,Jonah Cox,SI,R,32,16.666666666666668,0.3735555555555556,0.5555555555555556
813841,Jonah Cox,SL,L,16,25.0,0.2005,0.0
813841,Jonah Cox,SL,R,28,46.15384615384615,0.1298333333333333,0.0
813841,Jonah Cox,ST,L,3,50.0,0.0,0.0
813841,Jonah Cox,ST,R,26,54.54545454545455,0.043,0.0
814154,Scott Bandura,CH,L,1,0.0,0.564,1.0
814154,Scott Bandura,CH,R,6,40.0,0.0484999999999999,0.0
814154,Scott Bandura,CU,L,3,,,0.0
814154,Scott Bandura,CU,R,11,25.0,0.0573333333333333,0.0
814154,Scott Bandura,FC,L,1,,,0.0
814154,Scott Bandura,FC,R,6,50.0,,0.0
814154,Scott Bandura,FF,L,15,60.0,0.0,0.0
814154,Scott Bandura,FF,R,42,35.0,0.1163699999999999,0.0
814154,Scott Bandura,FS,R,6,0.0,0.354,0.5
814154,Scott Bandura,KC,R,1,,0.0,0.0
814154,Scott Bandura,SI,L,10,25.0,0.0,0.0
814154,Scott Bandura,SI,R,1,,,0.0
814154,Scott Bandura,SL,L,10,16.666666666666668,0.31,1.0
814154,Scott Bandura,SL,R,9,0.0,0.317,0.5
814154,Scott Bandura,ST,L,6,33.333333333333336,0.059,0.3333333333333333
814430,Brett Callahan,CH,R,22,38.46153846153846,0.1703333333333333,0.3333333333333333
814430,Brett Callahan,CU,R,13,16.666666666666668,0.4370366666666667,0.2
814430,Brett Callahan,FC,R,9,22.22222222222222,0.1922499999999999,0.0
814430,Brett Callahan,FF,R,67,32.35294117647059,0.309555294117647,0.4666666666666667
814430,Brett Callahan,FS,R,16,44.44444444444444,0.1918571428571428,0.0
814430,Brett Callahan,KC,R,8,50.0,0.0,0.0
814430,Brett Callahan,SI,R,9,20.0,,0.0
814430,Brett Callahan,SL,R,21,30.76923076923077,0.3139066666666666,0.0
814430,Brett Callahan,ST,R,5,33.333333333333336,0.0,0.0
814439,Ryan Waldschmidt,CH,L,20,60.0,0.0086666666666666,0.0
814439,Ryan Waldschmidt,CH,R,3,50.0,0.0,0.0
814439,Ryan Waldschmidt,CU,L,5,50.0,0.0,0.0
814439,Ryan Waldschmidt,CU,R,3,50.0,,0.0
814439,Ryan Waldschmidt,FC,L,1,0.0,,0.0
814439,Ryan Waldschmidt,FC,R,7,25.0,0.69822,0.0
814439,Ryan Waldschmidt,FF,L,15,20.0,0.320244,0.25
814439,Ryan Waldschmidt,FF,R,15,0.0,0.4156666666666667,0.0
814439,Ryan Waldschmidt,FS,R,5,66.66666666666667,0.364583,0.0
814439,Ryan Waldschmidt,SI,L,8,0.0,0.3150733333333333,0.0
814439,Ryan Waldschmidt,SI,R,13,0.0,0.4350549999999999,0.25
814439,Ryan Waldschmidt,SL,L,8,66.66666666666667,0.0,0.0
814439,Ryan Waldschmidt,SL,R,13,57.142857142857146,0.1266666666666666,1.0
814439,Ryan Waldschmidt,ST,L,6,33.333333333333336,,0.0
814439,Ryan Waldschmidt,ST,R,14,50.0,0.1545,0.0
815589,Bo Davidson,CH,L,1,100.0,0.0,0.0
815589,Bo Davidson,CH,R,6,0.0,0.252,0.0
815589,Bo Davidson,CU,L,6,50.0,0.728,0.0
815589,Bo Davidson,CU,R,7,100.0,0.0,0.0
815589,Bo Davidson,FC,R,5,50.0,0.608,1.0
815589,Bo Davidson,FF,L,13,22.22222222222222,0.31925,0.5
815589,Bo Davidson,FF,R,17,27.272727272727277,0.3580549999999999,0.0
815589,Bo Davidson,FS,R,2,,,0.0
815589,Bo Davidson,SI,L,8,16.666666666666668,0.6034999999999999,1.0
815589,Bo Davidson,SL,L,8,0.0,0.0782499999999999,0.5
815589,Bo Davidson,SL,R,3,0.0,0.023,0.0
815589,Bo Davidson,ST,R,2,0.0,0.009,0.0
815873,Sean Keys,CH,R,22,41.66666666666666,0.1276666666666666,0.0
815873,Sean Keys,CU,R,13,20.0,0.391,1.5
815873,Sean Keys,FA,R,3,0.0,0.307,1.0
815873,Sean Keys,FC,R,8,20.0,0.2327399999999999,0.0
815873,Sean Keys,FF,R,28,12.5,0.649244,0.25
815873,Sean Keys,FS,R,8,20.0,0.318,0.5
815873,Sean Keys,KC,R,3,50.0,0.0435,0.0
815873,Sean Keys,SI,R,12,0.0,0.528,0.0
815873,Sean Keys,SL,R,9,50.0,0.1528332,0.0
815873,Sean Keys,ST,R,15,14.285714285714286,0.327,0.3333333333333333
823550,Sung-Mun Song,CH,R,3,0.0,0.13,0.0
823550,Sung-Mun Song,FC,L,1,0.0,,0.0
823550,Sung-Mun Song,FC,R,3,,,0.0
823550,Sung-Mun Song,FF,R,29,27.272727272727277,0.1708,0.2
823550,Sung-Mun Song,SI,L,3,,,0.0
823550,Sung-Mun Song,SI,R,4,,,0.0
823550,Sung-Mun Song,SL,R,6,66.66666666666667,0.039,0.0
823550,Sung-Mun Song,ST,L,1,100.0,0.0,0.0
823550,Sung-Mun Song,ST,R,2,50.0,0.418,0.5
823550,Sung-Mun Song,SV,R,1,,0.69822,0.0
828599,Lucas Spence,CH,R,6,50.0,0.8635,2.0
828599,Lucas Spence,FC,R,12,28.571428571428573,,0.0
828599,Lucas Spence,FF,L,9,40.0,0.3993333333333333,0.0
828599,Lucas Spence,FF,R,36,41.66666666666666,0.4306963636363636,1.5
828599,Lucas Spence,FS,L,4,0.0,0.867,2.0
828599,Lucas Spence,FS,R,1,,,0.0
828599,Lucas Spence,KC,R,1,100.0,,0.0
828599,Lucas Spence,SI,L,4,100.0,0.0,0.0
828599,Lucas Spence,SI,R,3,,0.69822,0.0
828599,Lucas Spence,SL,L,3,0.0,0.217,3.0
828599,Lucas Spence,SL,R,8,0.0,0.074,0.0
828599,Lucas Spence,ST,L,1,,,0.0
828599,Lucas Spence,ST,R,3,100.0,0.0,0.0
