pitcher_id,pitcher_name,pitch_type,stand,usage_pct,avg_velo,avg_spin,avg_pfx_x,avg_pfx_z,stuff_lite
623454,Drew Anderson,SL,L,1.6853932584269662,88.56666666666666,2473.6666666666665,0.1733333333333333,0.5866666666666667,105.43222214141338
623454,Drew Anderson,SL,R,6.369426751592357,88.6,2521.5,0.241,0.457,104.83829763993822
623465,Evan Phillips,FC,L,17.5,93.15714285714286,2468.8571428571427,-0.0257142857142857,0.6271428571428571,103.71762784424106
623465,Evan Phillips,FC,R,3.614457831325301,92.26666666666668,2506.333333333333,0.0633333333333333,0.5499999999999999,102.00261267362194
623465,Evan Phillips,FF,L,50.0,97.23,2452.75,-0.8365,1.26,107.5584054621387
623465,Evan Phillips,FF,R,36.14457831325301,97.49666666666668,2447.1666666666665,-0.7899999999999999,1.3316666666666668,108.50604192817424
623465,Evan Phillips,SI,L,5.0,96.25,2330.0,-1.35,0.795,107.4405399760049
623465,Evan Phillips,SI,R,19.27710843373494,96.8875,2279.375,-1.34375,0.69625,106.11646246379397
623465,Evan Phillips,ST,L,27.5,86.4090909090909,2650.2727272727275,1.5136363636363634,-0.29,110.2242101387154
623465,Evan Phillips,ST,R,40.963855421686745,86.78823529411765,2591.029411764706,1.3849999999999998,-0.2279411764705882,108.06296516378282
623474,Jimmy Herget,CH,L,19.23076923076923,85.635,1588.35,-0.7555,-0.0505,89.37541633020912
623474,Jimmy Herget,FC,L,30.76923076923077,87.5125,2604.40625,-0.060625,0.7153125,99.69106910116184
623474,Jimmy Herget,FC,R,5.333333333333333,87.77499999999999,2673.75,-0.195,0.6,100.10203964731646
623474,Jimmy Herget,FF,L,9.615384615384617,92.35,2454.4,-1.017,0.5890000000000001,93.79612132980148
623474,Jimmy Herget,FF,R,2.6666666666666665,92.1,2377.0,-0.92,0.6399999999999999,90.61938280013422
623474,Jimmy Herget,SI,L,12.5,91.7846153846154,2421.153846153846,-1.2984615384615383,0.0823076923076923,98.24974262850512
623474,Jimmy Herget,SI,R,29.33333333333333,91.10454545454546,2442.0454545454545,-1.269090909090909,-0.0195454545454545,97.18132380449764
623474,Jimmy Herget,SL,L,10.576923076923077,84.49090909090908,2768.0,0.0772727272727272,0.3218181818181818,100.7981827119774
623474,Jimmy Herget,SL,R,36.0,84.05555555555556,2748.296296296296,0.0696296296296296,0.3007407407407407,99.53626014958074
623474,Jimmy Herget,ST,L,17.307692307692307,78.78333333333335,2937.5,1.0677777777777775,0.2594444444444444,99.41607276022118
623474,Jimmy Herget,ST,R,26.666666666666668,79.12,2898.85,0.9295,0.339,97.87198536244274
624133,Ranger Suarez,CH,L,2.18978102189781,81.60000000000001,1328.3333333333333,0.8133333333333334,0.0499999999999999,82.52231800405758
624133,Ranger Suarez,CH,R,7.6923076923076925,81.11111111111111,1256.888888888889,0.8894444444444444,0.2188888888888888,82.65883326173542
624133,Ranger Suarez,CU,L,13.138686131386862,75.91666666666667,2212.055555555556,-0.7911111111111111,-0.745,88.61602507862932
624133,Ranger Suarez,CU,R,20.512820512820515,76.37291666666667,2228.333333333333,-0.77875,-0.8085416666666667,89.68237969670281
624133,Ranger Suarez,FC,R,20.512820512820515,88.04375,2098.875,-0.121875,0.668125,89.5248884622965
624133,Ranger Suarez,FF,L,21.8978102189781,91.27,1912.4,0.5056666666666667,1.0450000000000002,79.34668961637215
624133,Ranger Suarez,FF,R,22.22222222222222,91.3846153846154,1951.5384615384612,0.4832692307692307,1.043846153846154,80.23303461862297
624133,Ranger Suarez,SI,L,42.33576642335766,90.09827586206896,1964.0172413793105,1.3134482758620691,0.4486206896551724,86.68761708006123
624133,Ranger Suarez,SI,R,26.068376068376068,90.28852459016396,1973.983606557377,1.292295081967213,0.4857377049180327,87.0505341729187
624133,Ranger Suarez,SL,L,20.437956204379564,79.26785714285714,2244.714285714286,-0.9571428571428572,0.2232142857142857,94.86550385912524
624133,Ranger Suarez,SL,R,2.9914529914529915,78.87142857142858,2305.0,-1.2657142857142856,0.0485714285714285,99.76286348823275
624431,Jose Trevino,EP,L,61.11111111111112,36.40909090909091,997.9090909090908,0.3518181818181818,1.700909090909091,97.51363803758944
624431,Jose Trevino,EP,R,38.46153846153846,34.6,942.2,0.052,1.92,97.63118397603785
624431,Jose Trevino,FA,L,5.555555555555555,56.1,1453.0,-0.82,0.19,87.70104027264306
624431,Jose Trevino,FA,R,15.384615384615383,54.0,2515.5,0.5499999999999999,0.095,94.1775860839672
624431,Jose Trevino,KN,L,33.333333333333336,53.36666666666667,82.83333333333333,0.935,-0.1283333333333333,95.64404224756429
624431,Jose Trevino,KN,R,46.15384615384615,51.76666666666667,77.33333333333333,0.3166666666666667,0.66,93.3265462895756
625643,Reynaldo López,CH,L,14.285714285714286,85.39285714285714,1573.428571428571,-0.8778571428571428,0.8457142857142858,96.07462869522884
625643,Reynaldo López,CU,L,10.20408163265306,77.86,2318.7,0.8310000000000001,-0.592,91.60113546502826
625643,Reynaldo López,CU,R,9.090909090909092,79.15,2281.75,0.485,-0.4625,89.10030279026122
625643,Reynaldo López,FF,L,45.91836734693877,92.98222222222222,1993.9555555555555,-0.628,1.3311111111111111,89.60738533704158
625643,Reynaldo López,FF,R,47.72727272727273,93.66666666666669,2031.190476190476,-0.6766666666666666,1.34,92.07232046947874
625643,Reynaldo López,SL,L,29.59183673469388,83.92068965517241,2247.3793103448274,0.4072413793103448,0.006551724137931,92.20014654694558
625643,Reynaldo López,SL,R,43.18181818181818,85.9421052631579,2220.157894736842,0.4105263157894737,0.1847368421052631,95.06927255551176
628452,Raisel Iglesias,CH,L,45.45454545454545,88.33333333333333,1923.9333333333332,-1.317,0.4453333333333333,106.35691542992792
628452,Raisel Iglesias,CH,R,25.42372881355932,88.84666666666666,1929.8,-1.336666666666667,0.4526666666666666,107.33256440641942
628452,Raisel Iglesias,FF,L,37.87878787878788,93.9,2339.8,-0.7208,1.2436,98.38368783697165
628452,Raisel Iglesias,FF,R,27.11864406779661,94.775,2326.375,-0.73,1.31125,100.60202137594216
628452,Raisel Iglesias,SI,L,6.0606060606060606,95.4,2395.25,-1.4225,0.8225,109.25662706919042
628452,Raisel Iglesias,SI,R,35.59322033898305,94.31428571428572,2327.0476190476197,-1.4533333333333334,0.7819047619047618,106.24789829686
628452,Raisel Iglesias,SL,L,10.606060606060606,82.35714285714286,2749.1428571428573,1.1185714285714283,0.3314285714285714,110.53487526030231
628452,Raisel Iglesias,SL,R,11.864406779661016,83.12857142857142,2705.8571428571427,0.7871428571428571,0.2357142857142857,105.48587668875726
640448,Kyle Finnegan,FF,L,46.83544303797469,95.65675675675676,2218.9189189189187,-0.7521621621621623,1.4672972972972973,102.21790119216531
640448,Kyle Finnegan,FF,R,48.4375,95.74516129032256,2187.3548387096776,-0.6983870967741935,1.4861290322580645,101.50271673732854
640448,Kyle Finnegan,FS,L,32.91139240506329,86.66153846153846,1131.423076923077,-0.8280769230769232,0.8200000000000001,100.49014255489172
640448,Kyle Finnegan,FS,R,12.5,86.2,1058.75,-0.6975,0.65875,96.40855268698074
640448,Kyle Finnegan,SL,L,20.253164556962027,84.8,2198.0625,0.27,-0.08125,90.57771853866956
640448,Kyle Finnegan,SL,R,39.0625,84.31200000000001,2200.2,0.2352,-0.0487999999999999,89.32388120682099
640455,Sean Manaea,CH,L,3.0303030303030303,82.93333333333334,1516.3333333333333,0.92,-0.0966666666666666,88.04656853320095
640455,Sean Manaea,CH,R,10.19108280254777,85.759375,1563.0,1.1296875,0.1084375,95.05623181156535
640455,Sean Manaea,FC,L,10.1010101010101,86.21000000000001,2089.1,-0.1,0.508,84.07496754357166
640455,Sean Manaea,FC,R,7.961783439490445,86.09200000000001,2087.12,-0.1592,0.6164000000000001,85.75927975249783
640455,Sean Manaea,FF,L,31.31313131313131,91.25806451612904,2032.4193548387095,1.1416129032258064,0.8212903225806452,86.60401360197358
640455,Sean Manaea,FF,R,43.31210191082803,91.5720588235294,2055.860294117647,1.071764705882353,0.8751470588235294,87.21801923413389
640455,Sean Manaea,SI,L,26.262626262626263,89.78846153846153,2040.576923076923,1.5526923076923076,0.3407692307692307,91.92516024355405
640455,Sean Manaea,SI,R,12.101910828025478,90.23157894736842,2043.0,1.5952631578947367,0.3436842105263158,93.4126206208598
640455,Sean Manaea,ST,L,29.29292929292929,76.27241379310345,2234.655172413793,-1.0455172413793103,-0.046551724137931,84.69075651160037
640455,Sean Manaea,ST,R,26.43312101910828,75.32530120481928,2224.8072289156626,-1.1066265060240963,-0.0416867469879518,84.09786527679853
641302,Tyler Alexander,CH,L,1.1363636363636365,85.5,1591.0,0.97,-0.2,92.86992000840812
641302,Tyler Alexander,CH,R,32.28346456692913,84.99756097560976,1485.439024390244,1.1097560975609757,0.1560975609756097,93.0230661337462
641302,Tyler Alexander,FC,L,11.363636363636363,88.64,2395.3,-0.223,0.795,98.78594897924056
641302,Tyler Alexander,FC,R,23.62204724409449,88.50666666666666,2383.5666666666666,-0.0923333333333333,0.8463333333333334,98.76147583655676
641302,Tyler Alexander,FF,L,12.5,92.0909090909091,2306.181818181818,0.7718181818181818,1.3445454545454547,96.86174190652368
641302,Tyler Alexander,FF,R,28.346456692913385,91.875,2288.3888888888887,0.7983333333333333,1.3172222222222223,95.92990280356096
641302,Tyler Alexander,SI,L,31.818181818181817,91.56785714285716,2118.178571428572,1.372142857142857,0.7546428571428571,95.8161989052814
641302,Tyler Alexander,SI,R,7.086614173228346,91.9,2154.1111111111118,1.35,0.8233333333333334,97.42838885815158
641302,Tyler Alexander,ST,L,43.18181818181818,80.67894736842106,2579.4473684210525,-1.3260526315789474,0.1421052631578947,99.23482950133372
641302,Tyler Alexander,ST,R,8.661417322834646,78.72727272727273,2514.7272727272725,-1.2536363636363637,-0.1481818181818182,94.85617050320197
641329,Bryan Baker,CH,L,37.03703703703704,83.045,1772.6,-1.1785,0.725,98.43361620656296
641329,Bryan Baker,CH,R,36.58536585365854,83.73,1778.6666666666667,-1.1713333333333331,0.772,99.57764843010337
641329,Bryan Baker,FF,L,61.11111111111112,94.25454545454544,2175.3636363636365,-0.26,1.5227272727272727,97.11539306050123
641329,Bryan Baker,FF,R,57.31707317073171,94.68297872340426,2219.106382978724,-0.2182978723404255,1.5663829787234045,99.46744250219878
641329,Bryan Baker,SL,L,1.851851851851852,85.1,2335.0,0.62,0.57,101.9902994513724
641329,Bryan Baker,SL,R,6.097560975609756,86.4,2421.6,0.648,0.16,102.51807236230036
641401,Connor Brogdon,CH,L,50.0,83.58571428571429,2119.8571428571427,-1.1785714285714286,0.64,102.65906100066924
641401,Connor Brogdon,FC,L,14.285714285714286,89.19999999999999,2420.0,0.31,0.7050000000000001,99.22102412859594
641401,Connor Brogdon,FF,L,35.714285714285715,96.02,2346.6,-0.96,1.318,105.39352726546122
641743,Anthony Kay,CH,R,22.22222222222222,86.16551724137932,1851.6896551724135,1.1243103448275864,-0.0160344827586206,98.9059017341839
641743,Anthony Kay,FC,L,1.075268817204301,91.0,2240.0,-0.3,0.63,97.01635572475742
641743,Anthony Kay,FC,R,14.17624521072797,92.01351351351352,2424.5135135135133,-0.0556756756756756,0.5751351351351351,100.34851264692684
641743,Anthony Kay,FF,L,8.602150537634408,96.825,2436.875,0.62375,1.16375,103.03414799320534
641743,Anthony Kay,FF,R,16.85823754789272,96.1340909090909,2362.1136363636365,0.4790909090909091,1.076590909090909,97.62463908755969
641743,Anthony Kay,SI,L,58.064516129032256,95.70370370370372,2265.796296296296,1.3225925925925923,0.4096296296296296,101.66711028683854
641743,Anthony Kay,SI,R,9.578544061302685,94.952,2285.24,1.2324,0.2968,98.83663154017135
641743,Anthony Kay,SL,L,3.225806451612903,85.33333333333333,2545.333333333333,-0.47,-0.3133333333333333,101.66536221304548
641743,Anthony Kay,SL,R,3.8314176245210727,85.78,2586.5,-0.428,-0.38,103.08597742918572
641743,Anthony Kay,ST,L,29.032258064516128,82.04074074074073,2400.1111111111118,-1.1188888888888888,0.0374074074074074,95.5034883780874
641743,Anthony Kay,ST,R,33.333333333333336,82.20459770114942,2508.609195402299,-1.1424137931034484,-0.0563218390804597,97.6956314005774
641755,Tyler Kinley,CU,L,14.864864864864863,83.5909090909091,2662.181818181818,0.2981818181818182,-0.5881818181818181,99.2448739583444
641755,Tyler Kinley,CU,R,20.65217391304348,82.86315789473684,2637.5789473684213,0.2978947368421052,-0.6505263157894736,98.64664346896294
641755,Tyler Kinley,FF,L,10.81081081081081,94.5625,2394.875,-0.3125,1.22,97.41784606415246
641755,Tyler Kinley,FF,R,9.782608695652174,94.17777777777778,2323.333333333333,-0.3055555555555556,1.2922222222222222,96.42525009972316
641755,Tyler Kinley,SI,R,1.0869565217391304,94.0,2346.0,-0.92,0.73,97.15923073214576
641755,Tyler Kinley,SL,L,74.32432432432432,87.20545454545454,2484.1272727272726,0.1581818181818181,0.215090909090909,98.4911140222328
641755,Tyler Kinley,SL,R,68.47826086956522,87.0047619047619,2508.873015873016,0.1606349206349206,0.2288888888888889,98.8487901644598
641778,Eric Lauer,CH,R,9.615384615384617,85.56,1749.2,1.106,0.708,99.88726672867033
641778,Eric Lauer,CU,L,9.090909090909092,75.7,2479.0,-0.76,-1.01,93.93632905175768
641778,Eric Lauer,CU,R,19.23076923076923,76.61,2503.5,-0.708,-0.729,92.89529042604563
641778,Eric Lauer,FC,L,9.090909090909092,90.4,2270.0,0.2,1.24,105.66134924999928
641778,Eric Lauer,FC,R,13.461538461538462,87.94285714285715,2473.5714285714284,-0.06,0.6857142857142857,97.1757338356329
641778,Eric Lauer,FF,L,45.45454545454545,91.02,2256.4,0.6279999999999999,1.298,92.0531816208271
641778,Eric Lauer,FF,R,46.15384615384615,91.00416666666666,2243.833333333333,0.5795833333333333,1.2375,90.35313508154508
641778,Eric Lauer,SL,L,36.36363636363637,82.625,2540.0,-0.5925,0.3625,99.984522960383
641778,Eric Lauer,SL,R,11.538461538461538,83.08333333333333,2623.333333333333,-0.4083333333333334,0.24,98.6272109657123
641816,Tyler Mahle,FC,L,11.374407582938389,86.60000000000001,2352.2916666666665,-0.0174999999999999,0.7816666666666667,94.23268543587366
641816,Tyler Mahle,FC,R,4.142011834319527,88.28571428571429,2476.8571428571427,0.1571428571428571,0.6942857142857143,98.11814525315408
641816,Tyler Mahle,FF,L,45.02369668246445,93.09473684210526,2283.484210526316,-1.0143157894736845,1.4086315789473685,101.31005532501489
641816,Tyler Mahle,FF,R,50.29585798816568,93.43529411764706,2297.6470588235293,-1.0187058823529411,1.4381176470588235,102.65526127618836
641816,Tyler Mahle,FS,L,42.65402843601896,86.90666666666667,1671.4333333333334,-1.17,0.2971111111111111,107.14497008357093
641816,Tyler Mahle,FS,R,33.13609467455621,87.08035714285714,1630.392857142857,-1.205,0.3114285714285714,107.40122704816427
641816,Tyler Mahle,SL,L,0.9478672985781992,85.55000000000001,2512.5,0.24,-0.2299999999999999,97.79774618891712
641816,Tyler Mahle,SL,R,12.42603550295858,85.83333333333333,2524.3809523809523,0.199047619047619,-0.1247619047619047,96.87504231280982
641835,Tim Mayza,FF,L,14.893617021276595,94.52857142857144,2001.2857142857144,0.7542857142857143,1.18,90.87728982589068
641835,Tim Mayza,FF,R,39.285714285714285,93.86363636363636,2017.6666666666667,0.723939393939394,1.1663636363636365,89.7094776129503
641835,Tim Mayza,SI,L,63.82978723404256,94.46,2046.9,1.3413333333333337,0.844,98.54914133331238
641835,Tim Mayza,SI,R,42.85714285714285,93.8,2017.5833333333333,1.331388888888889,0.8494444444444444,96.8204999308612
641835,Tim Mayza,SL,L,21.27659574468085,88.31,2178.0,-0.088,0.086,92.43081186760314
641835,Tim Mayza,SL,R,17.857142857142858,87.98666666666666,2166.2,-0.102,0.0946666666666666,92.04644567919556
641927,Bailey Ober,CH,L,40.85365853658536,82.5910447761194,2015.253731343284,-1.471641791044776,0.4276119402985074,103.21627988890152
641927,Bailey Ober,CH,R,12.318840579710145,81.51764705882353,2045.058823529412,-1.4829411764705882,0.3729411764705882,102.3213806418196
641927,Bailey Ober,CU,L,1.829268292682927,73.66666666666667,2100.0,0.6266666666666666,-0.62,82.62936930865541
641927,Bailey Ober,FF,L,27.4390243902439,88.37777777777778,2171.4666666666667,-0.5108888888888888,1.2566666666666666,84.4062130644506
641927,Bailey Ober,FF,R,23.91304347826087,88.11818181818182,2161.909090909091,-0.5575757575757575,1.239090909090909,83.82171665230072
641927,Bailey Ober,SI,L,3.048780487804878,88.86,2136.2,-1.284,0.742,90.85099710919324
641927,Bailey Ober,SI,R,10.869565217391305,89.20666666666666,2147.4666666666667,-1.2993333333333332,0.75,91.93608994968488
641927,Bailey Ober,SL,L,19.51219512195122,83.575,2083.90625,0.3021875,0.6384375,93.52306124535988
641927,Bailey Ober,SL,R,24.63768115942029,82.7,2087.558823529412,0.4032352941176471,0.533235294117647,91.84336816287154
641927,Bailey Ober,ST,L,7.317073170731708,75.95,2092.75,1.1908333333333332,0.1483333333333333,84.01199112207274
641927,Bailey Ober,ST,R,28.26086956521739,75.88205128205128,2107.948717948718,1.1276923076923075,0.1107692307692307,83.32058425983298
641941,Emilio Pagán,FC,L,12.941176470588236,86.22727272727273,2293.3636363636365,0.42,0.3327272727272727,88.55973332796788
641941,Emilio Pagán,FC,R,28.33333333333333,86.14117647058823,2304.5882352941176,0.2923529411764706,0.3076470588235294,86.88544651797287
641941,Emilio Pagán,FF,L,55.294117647058826,95.2936170212766,2507.851063829787,-0.7993617021276596,1.4565957446808508,108.54922489733042
641941,Emilio Pagán,FF,R,66.66666666666667,95.345,2477.8,-0.7372500000000001,1.501,108.13385321207905
641941,Emilio Pagán,FS,L,30.58823529411765,82.98076923076923,869.5,-0.6723076923076923,0.1411538461538461,87.13779536213194
641941,Emilio Pagán,FS,R,5.0,83.89999999999999,822.3333333333334,-0.8933333333333334,0.1433333333333333,90.59130354307356
641941,Emilio Pagán,PO,L,1.1764705882352942,95.8,2396.0,-0.76,1.5,108.15494311030574
642048,Tayler Saucedo,CH,R,27.77777777777778,86.55,2235.3,1.4129999999999998,0.449,109.61244874261436
642048,Tayler Saucedo,FF,L,10.526315789473683,92.575,2438.625,0.545,1.29,97.91812981820792
642048,Tayler Saucedo,FF,R,5.555555555555555,90.9,2332.0,0.5950000000000001,0.83,85.88346673526095
642048,Tayler Saucedo,SI,L,15.789473684210526,92.63333333333333,2319.6666666666665,1.3758333333333337,0.5075,100.19490085444129
642048,Tayler Saucedo,SI,R,13.88888888888889,92.68,2329.6,1.368,0.586,100.91261473502726
642048,Tayler Saucedo,SL,L,22.36842105263158,87.49411764705883,2372.058823529412,-0.1929411764705882,0.4723529411764705,100.68454151426371
642048,Tayler Saucedo,SL,R,30.55555555555556,87.85454545454546,2349.7272727272725,-0.1645454545454545,0.49,100.87796569740166
642048,Tayler Saucedo,ST,L,51.31578947368421,81.73589743589743,2402.923076923077,-0.8874358974358975,0.2884615384615384,92.81931724021992
642048,Tayler Saucedo,ST,R,22.22222222222222,80.8875,2357.0,-0.985,0.28125,92.17504800093631
642100,Gabe Speier,CH,R,1.2195121951219512,91.7,1897.0,1.46,0.21,111.13182049524366
642100,Gabe Speier,FF,L,34.09090909090909,95.08666666666666,2231.266666666667,0.764,1.176,97.087296395184
642100,Gabe Speier,FF,R,59.75609756097561,95.60816326530612,2221.6326530612246,0.8277551020408164,1.226326530612245,99.09532490854404
642100,Gabe Speier,SI,L,47.72727272727273,95.14761904761905,2102.8571428571427,1.3657142857142857,0.579047619047619,98.90631230405404
642100,Gabe Speier,SI,R,23.170731707317078,95.43684210526315,2114.2631578947367,1.5089473684210526,0.5926315789473684,102.21690517577558
642100,Gabe Speier,SL,L,18.181818181818183,83.75,2203.875,-0.27625,-0.2075,90.26693798344245
642100,Gabe Speier,SL,R,15.853658536585366,85.0,2253.0,-0.2923076923076923,-0.1815384615384615,92.75308176280124
642121,Cole Sulser,CH,L,35.714285714285715,84.3025,1696.75,-1.17,0.208,95.89004451151844
642121,Cole Sulser,CH,R,30.0,84.09333333333333,1678.2666666666669,-1.128,0.244,94.89599972646226
642121,Cole Sulser,FC,L,21.428571428571427,87.64999999999999,2354.083333333333,0.2945833333333333,0.8016666666666667,96.9532242257265
642121,Cole Sulser,FC,R,24.0,88.10833333333333,2315.25,0.3325,0.6941666666666667,95.4822842762762
642121,Cole Sulser,FF,L,42.85714285714285,92.29166666666669,2353.4791666666665,-0.7660416666666667,1.568125,101.84537759944922
642121,Cole Sulser,FF,R,38.0,92.4578947368421,2337.5789473684213,-0.7436842105263158,1.5526315789473684,101.3028135941122
642121,Cole Sulser,ST,R,8.0,82.725,2556.5,0.87,0.625,98.18733364937825
642207,Devin Williams,CH,L,36.8421052631579,82.01428571428572,2616.285714285714,-1.7057142857142855,-0.3671428571428571,113.25532364503049
642207,Devin Williams,CH,R,41.66666666666666,82.42,2590.4,-1.698,-0.2,112.85071138448264
642207,Devin Williams,FC,L,5.2631578947368425,89.2,2361.0,0.09,0.94,100.79508368122872
642207,Devin Williams,FF,L,57.89473684210526,93.23636363636363,2306.7272727272725,-1.1736363636363636,1.1472727272727274,100.32987721607638
642207,Devin Williams,FF,R,58.333333333333336,92.91428571428573,2341.8571428571427,-1.2742857142857142,1.1957142857142855,102.5885172770616
642232,Ryan Yarbrough,CH,L,8.695652173913043,76.75,1938.0,1.4325,0.0849999999999999,94.1739758167162
642232,Ryan Yarbrough,CH,R,36.496350364963504,77.36,1965.44,1.4952,0.0962,96.1794900912439
642232,Ryan Yarbrough,FC,L,19.565217391304348,84.03333333333333,1981.3333333333333,0.0977777777777778,0.7477777777777778,82.47121472721305
642232,Ryan Yarbrough,FC,R,35.76642335766423,84.88163265306122,2032.142857142857,0.3375510204081632,0.8334693877551022,87.06124675757358
642232,Ryan Yarbrough,FF,L,17.391304347826086,86.5125,1865.375,0.99375,0.91875,74.37927358043896
642232,Ryan Yarbrough,FF,R,6.569343065693431,87.02222222222223,1903.111111111111,1.1655555555555557,0.8777777777777778,77.98630511738025
642232,Ryan Yarbrough,SI,L,30.43478260869565,85.25,1803.9285714285716,1.362142857142857,0.4878571428571429,77.19798759027836
642232,Ryan Yarbrough,SI,R,8.02919708029197,86.24545454545454,1846.5454545454545,1.3618181818181818,0.4736363636363636,79.51273327249285
642232,Ryan Yarbrough,ST,L,23.91304347826087,71.58181818181818,2154.0,-1.3581818181818182,0.7018181818181818,83.53158011747034
642232,Ryan Yarbrough,ST,R,13.138686131386862,70.52777777777777,2132.8888888888887,-1.215,0.7222222222222222,80.41611731283501
642376,Jefry Yan,CH,L,2.0202020202020203,88.9,1503.0,1.1800000000000002,0.55,100.44368544223678
642376,Jefry Yan,CH,R,29.29292929292929,88.20689655172414,1525.9655172413793,1.0082758620689654,0.6179310344827587,98.09659496570022
642376,Jefry Yan,FA,R,1.0101010101010102,80.9,1437.0,0.32,0.53,91.98378581895976
642376,Jefry Yan,FF,L,19.19191919191919,97.6842105263158,2557.6315789473683,0.4089473684210526,1.388421052631579,109.4921375465882
642376,Jefry Yan,FF,R,38.38383838383838,96.78947368421052,2458.736842105264,0.2673684210526316,1.483684210526316,106.92132739772586
642376,Jefry Yan,SI,L,59.5959595959596,97.36949152542373,2525.491525423729,1.286271186440678,0.9767796610169492,114.58081387530062
642376,Jefry Yan,SI,R,20.2020202020202,96.98,2466.1,1.2225,0.975,111.64037383299376
642376,Jefry Yan,SL,L,19.19191919191919,86.17368421052632,2580.0526315789475,-0.3752631578947368,-0.2905263157894737,101.98785881185532
642376,Jefry Yan,SL,R,11.11111111111111,86.19090909090909,2649.3636363636365,-0.5072727272727273,-0.3590909090909091,105.47804948868324
642397,Gregory Soto,FF,L,8.450704225352112,96.66666666666669,2245.833333333333,0.9816666666666666,1.0666666666666669,100.75459175125852
642397,Gregory Soto,FF,R,9.782608695652174,97.07777777777778,2284.4444444444443,0.84,1.0166666666666666,99.88313497493986
642397,Gregory Soto,SI,L,56.33802816901409,96.6175,2344.25,1.39475,0.663,107.86761301278716
642397,Gregory Soto,SI,R,45.65217391304348,95.9952380952381,2295.809523809524,1.3966666666666665,0.6445238095238095,105.72626475316947
642397,Gregory Soto,SL,L,33.80281690140845,84.27499999999999,2562.0,-0.2975,0.1879166666666666,97.26569461043778
642397,Gregory Soto,SL,R,33.69565217391305,83.65806451612903,2543.709677419354,-0.3048387096774193,0.1741935483870967,96.1190785923514
642397,Gregory Soto,ST,L,1.408450704225352,82.6,2598.0,-0.78,-0.09,95.07904162568931
642397,Gregory Soto,ST,R,10.869565217391305,82.85,2518.7,-0.859,-0.053,95.11738954460084
642528,Jonathan Loáisiga,CH,L,40.32258064516129,91.324,1805.64,-1.3592000000000002,0.4572,108.94827330792457
642528,Jonathan Loáisiga,CH,R,11.224489795918368,91.33636363636364,1783.4545454545455,-1.479090909090909,0.5063636363636363,110.69320120452176
642528,Jonathan Loáisiga,CU,R,17.346938775510203,89.77058823529411,2636.9411764705883,0.2276470588235294,-0.0505882352941176,101.41583268349532
642528,Jonathan Loáisiga,FC,L,12.903225806451612,95.2125,2363.0,-0.46125,0.6775,107.61682423053615
642528,Jonathan Loáisiga,FC,R,5.1020408163265305,95.46,2417.2,-0.336,0.786,109.64626376886088
642528,Jonathan Loáisiga,FF,L,29.032258064516128,98.27777777777776,2382.6666666666665,-0.8244444444444444,1.0633333333333337,104.51039411852894
642528,Jonathan Loáisiga,FF,R,9.183673469387756,97.78888888888888,2382.4444444444443,-0.8877777777777778,1.0444444444444445,104.20704913455096
642528,Jonathan Loáisiga,SI,L,17.741935483870968,98.21818181818183,2279.6363636363635,-1.4663636363636363,0.4154545454545454,108.19714895629532
642528,Jonathan Loáisiga,SI,R,57.142857142857146,98.28928571428573,2311.178571428572,-1.4080357142857145,0.5619642857142857,108.892135783575
642547,Freddy Peralta,CH,L,30.11152416356877,88.15432098765432,2012.79012345679,-1.6238271604938272,0.3904938271604938,111.58597908359302
642547,Freddy Peralta,CH,R,21.387283236994215,88.99459459459459,2093.324324324324,-1.542972972972973,0.4467567567567568,112.53590900245284
642547,Freddy Peralta,CU,L,15.613382899628252,81.42619047619048,2275.9523809523807,0.2938095238095238,-0.1538095238095238,88.2152919837208
642547,Freddy Peralta,CU,R,6.936416184971098,81.35833333333333,2273.6666666666665,0.3291666666666666,-0.1175,88.28054230325915
642547,Freddy Peralta,FF,L,53.90334572490706,95.22689655172414,2477.806896551724,-0.6466206896551725,1.480896551724138,106.91454543695066
642547,Freddy Peralta,FF,R,58.959537572254334,95.60882352941177,2485.5882352941176,-0.5663725490196079,1.47421568627451,107.0165170699476
642547,Freddy Peralta,ST,L,0.3717472118959107,84.8,2523.0,0.93,1.27,106.62186879134936
642547,Freddy Peralta,ST,R,12.716763005780347,85.08636363636364,2533.5454545454545,0.4436363636363636,0.8040909090909092,98.91616628366675
642585,Félix Bautista,FS,L,64.70588235294117,88.83636363636364,1253.4545454545455,-0.62,1.1581818181818182,106.20619922318816
642585,Félix Bautista,FS,R,35.0,88.44285714285715,1302.8333333333333,-0.5714285714285714,1.1657142857142857,106.09625187478866
642585,Félix Bautista,SI,L,35.294117647058826,96.31666666666666,2380.833333333333,-0.4616666666666666,1.6849999999999998,112.1896497243416
642585,Félix Bautista,SI,R,35.0,94.4,2350.5714285714284,-0.4314285714285714,1.6771428571428573,108.48333972785628
642585,Félix Bautista,SL,R,30.0,83.75,2391.333333333333,0.4666666666666666,0.06,95.44308286012112
642701,Dennis Santana,CH,L,20.253164556962027,87.59375,2207.0,-1.431875,0.431875,110.64083412131134
642701,Dennis Santana,FC,L,24.050632911392405,89.15263157894738,2526.842105263158,0.1257894736842105,0.7131578947368421,100.60001779199976
642701,Dennis Santana,FC,R,23.214285714285715,89.1,2534.230769230769,0.1261538461538461,0.6823076923076924,100.1907309721998
642701,Dennis Santana,FF,L,22.78481012658228,93.95555555555556,2394.1111111111118,-0.9883333333333332,1.1122222222222222,100.65069827026736
642701,Dennis Santana,FF,R,8.928571428571429,94.2,2420.8,-0.97,1.12,101.53277765815554
642701,Dennis Santana,SI,L,6.329113924050633,93.32,2395.4,-1.444,0.728,105.83849695445794
642701,Dennis Santana,SI,R,21.428571428571427,93.825,2371.0,-1.3916666666666666,0.6533333333333333,104.44488344856404
642701,Dennis Santana,SL,L,26.582278481012654,85.57142857142857,2544.7619047619046,0.2023809523809523,0.2242857142857142,97.91736688650288
642701,Dennis Santana,SL,R,46.42857142857143,85.5923076923077,2539.3846153846152,0.1753846153846153,0.2215384615384615,97.55047356205888
643377,Griffin Jax,CH,L,26.595744680851062,90.204,2003.64,-1.3534,0.3611999999999999,109.60862978054269
643377,Griffin Jax,CH,R,8.208955223880597,89.42727272727274,1941.1818181818185,-1.33,0.5781818181818181,108.73121131926077
643377,Griffin Jax,CU,L,10.638297872340424,84.475,3027.3,0.3825,-1.218,111.36573623616768
643377,Griffin Jax,CU,R,0.746268656716418,84.9,3088.0,0.28,-1.2,112.27286794734592
643377,Griffin Jax,FF,L,21.27659574468085,95.1675,2575.8,-0.6875,1.533,110.26125285221904
643377,Griffin Jax,FF,R,16.417910447761194,95.5409090909091,2621.2727272727275,-0.6386363636363637,1.5004545454545453,110.98525638373064
643377,Griffin Jax,SI,L,23.93617021276596,94.88444444444444,2581.4444444444443,-1.3824444444444444,0.9082222222222222,113.16087586264877
643377,Griffin Jax,SI,R,41.04477611940298,94.87454545454544,2562.4,-1.4029090909090909,0.9738181818181818,113.72092031659182
643377,Griffin Jax,ST,L,17.5531914893617,86.1969696969697,3049.939393939394,1.1793939393939394,-0.2512121212121211,111.92854077776336
643377,Griffin Jax,ST,R,33.582089552238806,86.99777777777778,3050.0444444444443,1.0653333333333332,-0.154,111.32347679484984
643511,Tyler Rogers,SI,L,80.95238095238095,83.04705882352941,1938.8039215686276,-0.0919607843137255,-1.0905882352941176,70.56654639294206
643511,Tyler Rogers,SI,R,56.45161290322581,82.9342857142857,1975.4,-0.208,-1.0259999999999998,70.36714902108588
643511,Tyler Rogers,SL,L,19.047619047619047,73.34166666666667,2422.333333333333,0.9433333333333334,1.1525,97.90185849379674
643511,Tyler Rogers,SL,R,43.54838709677419,73.54074074074073,2484.037037037037,1.0285185185185186,1.067777777777778,99.13021626396156
645261,Sandy Alcantara,CH,L,28.46153846153846,90.45945945945944,2035.283783783784,-1.3028378378378378,0.1095945945945945,108.83973980961404
645261,Sandy Alcantara,CH,R,15.882352941176473,90.32592592592592,2096.333333333333,-1.401111111111111,0.1537037037037037,111.02269759393332
645261,Sandy Alcantara,CU,L,9.615384615384617,81.684,2373.96,0.4052,-0.188,91.0069421026875
645261,Sandy Alcantara,CU,R,1.1764705882352942,82.6,2440.0,0.355,-0.15,92.35502174555762
645261,Sandy Alcantara,FC,L,14.615384615384617,89.86842105263158,2176.9736842105262,0.2110526315789473,0.4718421052631579,91.19231813547978
645261,Sandy Alcantara,FC,R,18.235294117647054,89.6741935483871,2193.7419354838707,0.152258064516129,0.506774193548387,91.44703593864232
645261,Sandy Alcantara,FF,L,14.23076923076923,97.73243243243245,2222.5405405405404,-0.9878378378378376,1.079459459459459,102.12867768156411
645261,Sandy Alcantara,FF,R,12.941176470588236,97.46818181818183,2204.3636363636365,-0.9395454545454544,1.1254545454545457,101.34966596241682
645261,Sandy Alcantara,SI,L,18.46153846153846,97.54791666666668,2243.458333333333,-1.3481249999999998,0.5556249999999999,105.13546933130618
645261,Sandy Alcantara,SI,R,25.88235294117647,97.31363636363636,2249.3636363636365,-1.4052272727272728,0.5786363636363636,106.12312994658464
645261,Sandy Alcantara,SL,L,6.923076923076923,84.25,2264.6111111111118,0.325,0.2788888888888889,93.25854105009935
645261,Sandy Alcantara,SL,R,12.941176470588236,85.13636363636364,2241.909090909091,0.3154545454545455,0.3559090909090909,94.77015591659097
645261,Sandy Alcantara,ST,L,7.6923076923076925,83.08500000000001,2283.4,1.083,0.092,94.6162953538417
645261,Sandy Alcantara,ST,R,12.941176470588236,83.45,2246.2272727272725,0.9777272727272728,0.1859090909090909,93.3545903162823
647336,Michael Soroka,CH,L,22.22222222222222,86.19473684210527,2309.4473684210525,-1.3710526315789473,0.2694736842105263,108.80263177401233
647336,Michael Soroka,CH,R,0.7299270072992701,85.6,2161.0,-1.36,0.18,105.91106532881322
647336,Michael Soroka,FC,L,8.187134502923977,89.41428571428571,2597.3571428571427,0.1342857142857142,0.6314285714285715,101.1671988418174
647336,Michael Soroka,FC,R,13.86861313868613,89.36315789473684,2602.0526315789475,0.1342105263157894,0.6836842105263158,102.00520127666152
647336,Michael Soroka,FF,L,39.76608187134503,93.71029411764708,2572.3823529411766,-0.713970588235294,1.1266176470588236,101.55037000514754
647336,Michael Soroka,FF,R,28.46715328467153,93.6153846153846,2566.948717948718,-0.6023076923076923,1.0658974358974358,99.26603067860252
647336,Michael Soroka,SI,L,1.1695906432748535,93.25,2449.5,-1.42,0.41,104.36491088963756
647336,Michael Soroka,SI,R,17.51824817518248,93.68333333333334,2378.583333333333,-1.4204166666666669,0.40625,103.27837006565032
647336,Michael Soroka,ST,R,0.7299270072992701,83.7,3015.0,1.06,0.13,106.48060657617366
647336,Michael Soroka,SV,L,28.65497076023392,80.2326530612245,2963.061224489796,1.087551020408163,-0.7051020408163264,102.8848034936068
647336,Michael Soroka,SV,R,38.68613138686131,80.69622641509433,2975.22641509434,1.1415094339622642,-0.6977358490566037,104.13085317647278
650556,Bryan Abreu,FC,L,29.87012987012987,93.5391304347826,2421.391304347826,-0.1504347826086956,0.8791304347826087,107.52189137274765
650556,Bryan Abreu,FC,R,8.064516129032258,93.04,2419.6,0.05,0.828,105.76153277480854
650556,Bryan Abreu,FF,L,25.97402597402597,96.785,2304.75,-0.469,1.4465,103.6020046210728
650556,Bryan Abreu,FF,R,56.45161290322581,96.22857142857144,2278.8571428571427,-0.5174285714285715,1.4074285714285717,101.74962018939756
650556,Bryan Abreu,SL,L,44.15584415584416,86.89999999999999,2887.3823529411766,0.6502941176470588,-0.5141176470588236,113.74204255412305
650556,Bryan Abreu,SL,R,35.483870967741936,86.72272727272728,2880.090909090909,0.5340909090909091,-0.5054545454545454,111.93643396199164
650633,Michael King,CH,L,26.47058823529412,86.86250000000001,1858.611111111111,-1.2736111111111112,0.3936111111111111,103.00917019504666
650633,Michael King,CH,R,9.523809523809524,87.03999999999999,1842.1,-1.354,0.299,103.8360492069855
650633,Michael King,FF,L,23.529411764705884,94.6421875,2368.203125,-0.5646875,1.18015625,97.82510634749946
650633,Michael King,FF,R,26.666666666666668,94.82857142857142,2444.1428571428573,-0.5378571428571429,1.2317857142857145,100.52482854563846
650633,Michael King,SI,L,21.69117647058824,93.64745762711864,2280.9491525423728,-1.265084745762712,0.4633898305084746,98.42340416178602
650633,Michael King,SI,R,33.333333333333336,93.82857142857142,2345.2571428571428,-1.272857142857143,0.5265714285714286,100.7818592824564
650633,Michael King,SL,L,17.279411764705884,86.14468085106384,2594.340425531915,0.3040425531914894,0.1519148936170212,100.11901396108496
650633,Michael King,SL,R,10.476190476190476,87.0909090909091,2637.818181818182,0.3290909090909091,0.2627272727272727,103.37932891094846
650633,Michael King,ST,L,11.029411764705882,81.50666666666666,2910.8,1.2913333333333334,0.2363333333333333,105.1526946262858
650633,Michael King,ST,R,20.0,83.55714285714286,2953.3809523809523,1.2247619047619047,0.2019047619047619,107.5219340120329
650644,Aaron Civale,CU,L,24.271844660194176,78.564,3111.52,0.9676,-1.3119999999999998,109.63964687791064
650644,Aaron Civale,CU,R,32.20338983050848,78.59473684210526,3101.9473684210525,0.9502631578947368,-1.3255263157894737,109.54131720359804
650644,Aaron Civale,FC,L,45.63106796116505,89.60851063829789,2719.425531914894,0.4561702127659575,0.9319148936170212,110.19851639633076
650644,Aaron Civale,FC,R,46.61016949152543,89.36909090909091,2712.909090909091,0.522909090909091,0.8823636363636363,109.52628526667972
650644,Aaron Civale,FF,L,2.912621359223301,92.96666666666664,2348.0,-0.5733333333333334,1.606666666666667,102.0489906413882
650644,Aaron Civale,FF,R,1.694915254237288,92.35,2502.5,-0.495,1.58,103.72992980189026
650644,Aaron Civale,FS,L,27.184466019417474,86.41071428571429,1988.571428571429,-1.2957142857142858,0.5,112.47938809249816
650644,Aaron Civale,SI,R,18.64406779661017,92.98636363636363,2299.2272727272725,-1.2481818181818185,1.1577272727272727,104.71698120467636
650644,Aaron Civale,SL,R,0.847457627118644,81.2,2960.0,0.74,-0.67,110.0566111927318
650911,Cristopher Sánchez,CH,L,16.842105263157894,87.2375,2071.3125,1.57375,-0.09125,109.82117542173272
650911,Cristopher Sánchez,CH,R,37.43589743589744,87.13013698630137,2088.5068493150684,1.4943835616438357,-0.020958904109589,108.6433513938896
650911,Cristopher Sánchez,SI,L,62.10526315789474,95.28813559322032,2115.0338983050847,1.5564406779661015,0.3723728813559321,101.62880552106132
650911,Cristopher Sánchez,SI,R,46.92307692307692,95.1568306010929,2135.0601092896177,1.5870491803278688,0.3750273224043715,102.50061231206192
650911,Cristopher Sánchez,SL,L,21.05263157894737,86.32000000000001,2027.65,-0.076,-0.213,88.77902946505338
650911,Cristopher Sánchez,SL,R,15.64102564102564,86.39016393442623,2023.6065573770493,-0.0878688524590164,-0.2295081967213114,89.10435065005647
650960,Daniel Duarte,CH,L,11.764705882352942,88.65,1768.0,-1.2999999999999998,0.44,104.51791476693856
650960,Daniel Duarte,FC,L,29.41176470588235,90.81,2557.3,0.231,0.905,106.98807293653336
650960,Daniel Duarte,FC,R,25.0,91.25555555555556,2525.777777777778,0.3433333333333333,0.8566666666666667,106.81703642905846
650960,Daniel Duarte,FF,L,32.35294117647059,95.1181818181818,2371.6363636363635,-0.8118181818181818,1.435454545454545,104.9057854255936
650960,Daniel Duarte,FF,R,25.0,95.82222222222222,2393.8888888888887,-0.6966666666666667,1.4833333333333334,106.32708727340128
650960,Daniel Duarte,SI,L,8.823529411764707,92.63333333333333,2237.333333333333,-1.6233333333333333,0.7533333333333333,104.4178235535738
650960,Daniel Duarte,SI,R,25.0,93.88888888888889,2269.222222222222,-1.518888888888889,0.87,106.1903638589328
650960,Daniel Duarte,ST,L,17.647058823529413,81.55,2734.1666666666665,1.403333333333333,0.0966666666666666,103.65339250575614
650960,Daniel Duarte,ST,R,25.0,82.58888888888889,2673.4444444444443,1.3833333333333333,0.1288888888888889,103.81752984782815
655889,Manuel Rodríguez,FF,L,12.195121951219512,95.16,2185.2,-0.51,1.26,95.34782256164118
655889,Manuel Rodríguez,SI,L,43.90243902439025,96.21111111111112,2102.9444444444443,-1.2605555555555557,0.9205555555555556,101.88495639125247
655889,Manuel Rodríguez,SI,R,50.0,96.31176470588235,2086.470588235294,-1.2558823529411764,0.8823529411764706,101.13745610071246
655889,Manuel Rodríguez,SL,L,43.90243902439025,88.64444444444445,2235.777777777778,0.2122222222222222,0.1922222222222222,96.39407821897204
655889,Manuel Rodríguez,SL,R,50.0,88.84117647058824,2237.705882352941,0.2452941176470588,0.1470588235294117,96.68305360484374
656240,Scott Blewett,FC,L,38.05309734513274,90.32558139534883,2352.9767441860463,0.2376744186046512,0.613953488372093,97.71044692910516
656240,Scott Blewett,FC,R,35.38461538461539,89.55217391304348,2337.608695652174,0.2745652173913043,0.5382608695652175,95.4050616219792
656240,Scott Blewett,FF,L,26.54867256637168,95.61666666666666,2303.133333333333,-0.6383333333333333,1.2966666666666666,100.35912083369892
656240,Scott Blewett,FF,R,23.07692307692308,96.14333333333336,2349.9333333333334,-0.5996666666666667,1.3056666666666668,102.1039950064828
656240,Scott Blewett,FS,L,9.734513274336283,87.04545454545455,1085.909090909091,-0.6445454545454545,0.0018181818181818,93.36464061863823
656240,Scott Blewett,FS,R,0.7692307692307693,86.5,974.0,-0.64,0.07,91.54895446357769
656240,Scott Blewett,SI,L,6.1946902654867255,94.72857142857144,2118.0,-1.08,0.9585714285714284,97.92441289569663
656240,Scott Blewett,SI,R,10.76923076923077,95.2,2186.428571428572,-1.1842857142857142,1.0692857142857144,103.10851155490737
656240,Scott Blewett,SL,L,19.469026548672566,85.93636363636364,2184.2727272727275,0.0990909090909091,0.0668181818181818,89.33898899065746
656240,Scott Blewett,SL,R,30.0,85.5025641025641,2200.846153846154,0.1215384615384615,-0.0005128205128205,89.08240375921287
656271,Brock Burke,CH,L,1.96078431372549,87.4,2125.0,0.53,0.48,97.31778551153404
656271,Brock Burke,CH,R,35.0,87.80952380952381,2092.2380952380954,1.1728571428571428,0.5095238095238095,106.1109698632238
656271,Brock Burke,FF,L,41.1764705882353,96.45714285714286,2294.1428571428573,0.6933333333333334,1.2866666666666666,101.7616608755524
656271,Brock Burke,FF,R,45.0,96.8,2317.4074074074074,0.7,1.29,102.94494620322664
656271,Brock Burke,SI,L,29.41176470588235,93.49333333333334,2142.733333333333,1.2193333333333334,0.928,98.46232934920414
656271,Brock Burke,SL,L,27.45098039215686,86.84285714285714,2374.6428571428573,-0.0028571428571428,0.3571428571428571,97.50456987973648
656271,Brock Burke,SL,R,20.0,86.06666666666666,2302.9166666666665,-0.0383333333333333,0.3941666666666666,95.8328031340139
656288,Griffin Canning,CH,L,37.62376237623762,91.2421052631579,1574.7368421052631,-1.2355263157894738,0.1021052631578947,103.00246442334232
656288,Griffin Canning,CH,R,23.863636363636363,90.8,1674.0,-1.319047619047619,0.1219047619047619,105.0425336896113
656288,Griffin Canning,FC,R,1.1363636363636365,90.9,2408.0,-0.1,0.63,99.34540354067732
656288,Griffin Canning,FF,L,25.742574257425744,95.37692307692308,2205.538461538461,-0.8007692307692308,1.2526923076923078,98.49613453442294
656288,Griffin Canning,FF,R,20.454545454545453,95.50555555555556,2242.1666666666665,-0.7238888888888888,1.3038888888888889,99.62590483805216
656288,Griffin Canning,KC,L,8.910891089108912,82.85555555555555,2583.555555555556,0.9077777777777778,-0.4022222222222222,100.25002222041338
656288,Griffin Canning,KC,R,14.772727272727272,83.06153846153846,2620.923076923077,0.9753846153846154,-0.4230769230769231,101.7758008879741
656288,Griffin Canning,SI,L,0.99009900990099,95.8,2033.0,-1.26,0.75,97.83856109107111
656288,Griffin Canning,SI,R,21.59090909090909,94.52105263157895,2187.894736842105,-1.313157894736842,0.7742105263157895,100.82800580954856
656288,Griffin Canning,SL,L,25.742574257425744,89.4076923076923,2840.4615384615386,-0.0626923076923076,-0.2161538461538461,106.93660431306564
656288,Griffin Canning,SL,R,18.181818181818183,89.28125,2904.9375,0.0556249999999999,-0.4475,111.37062666763272
656288,Griffin Canning,ST,L,0.99009900990099,88.4,2929.0,0.64,0.15,105.97253403417726
656302,Dylan Cease,CH,L,14.215686274509803,77.38275862068966,1665.0,-0.6155172413793104,1.333103448275862,92.04223144635225
656302,Dylan Cease,FF,L,35.294117647058826,94.94027777777778,2416.1944444444443,-0.27625,1.541388888888889,104.12882952067976
656302,Dylan Cease,FF,R,44.680851063829785,94.78888888888888,2426.7301587301586,-0.2650793650793651,1.5885714285714283,104.95471234672836
656302,Dylan Cease,KC,L,15.196078431372548,80.40645161290323,2592.0,0.0890322580645161,-1.0383870967741935,98.05633867324752
656302,Dylan Cease,KC,R,7.801418439716312,79.30000000000001,2584.7272727272725,0.2227272727272727,-1.1527272727272726,97.906389013366
656302,Dylan Cease,SI,L,5.392156862745098,95.17272727272729,2403.5454545454545,-0.85,1.2036363636363636,105.89094817604236
656302,Dylan Cease,SI,R,7.092198581560283,93.44,2418.8,-0.96,1.253,105.82387988326502
656302,Dylan Cease,SL,L,29.90196078431373,87.69344262295083,2686.6393442622957,0.0637704918032786,0.3818032786885246,104.49911553341369
656302,Dylan Cease,SL,R,39.00709219858156,87.08545454545454,2677.6181818181817,0.0723636363636363,0.3687272727272727,103.36218963561744
656302,Dylan Cease,ST,R,1.4184397163120568,80.6,2773.0,1.0499999999999998,-0.775,101.77011687148492
656427,Jack Flaherty,CH,L,33.333333333333336,86.65,1863.0,-1.285,0.88,106.3010406245055
656427,Jack Flaherty,FF,L,50.0,91.36666666666667,2264.0,-0.3366666666666666,1.3533333333333335,91.89921578753518
656427,Jack Flaherty,FF,R,53.84615384615385,91.88571428571429,2299.714285714286,-0.4142857142857142,1.3785714285714286,94.35682824162376
656427,Jack Flaherty,KC,R,7.6923076923076925,75.1,2363.0,0.9,-0.64,88.70983551338905
656427,Jack Flaherty,SL,L,16.666666666666668,85.7,2445.0,0.47,0.34,100.64780835761924
656427,Jack Flaherty,SL,R,38.46153846153846,86.24,2391.4,0.388,0.434,100.46676474731544
656464,Kevin Ginkel,FF,L,61.627906976744185,96.39245283018867,2406.6603773584907,-0.7252830188679245,1.2569811320754718,104.06592657550104
656464,Kevin Ginkel,FF,R,26.0,96.45769230769233,2431.923076923077,-0.755,1.293846153846154,105.6099024837971
656464,Kevin Ginkel,SI,R,17.0,95.96470588235294,2293.529411764706,-1.2488235294117649,0.9482352941176472,106.19920278639248
656464,Kevin Ginkel,SL,L,38.372093023255815,86.46363636363637,2419.151515151515,0.3542424242424242,-0.1703030303030303,98.32685330674262
656464,Kevin Ginkel,SL,R,57.0,86.63859649122806,2421.684210526316,0.3266666666666666,-0.1612280701754385,98.15887705021866
656492,Foster Griffin,CH,R,20.43478260869565,83.65744680851064,1846.936170212766,1.218936170212766,0.4838297872340425,98.91992467362078
656492,Foster Griffin,CU,L,1.1111111111111112,76.6,2323.0,-0.62,-1.01,91.89087014675752
656492,Foster Griffin,CU,R,6.086956521739131,78.12857142857142,2374.928571428572,-0.6728571428571428,-1.0542857142857145,94.90310187612184
656492,Foster Griffin,FC,L,27.77777777777778,89.324,2230.68,-0.3504,0.6804000000000001,95.45899872801944
656492,Foster Griffin,FC,R,36.52173913043478,89.10952380952381,2203.5476190476197,-0.3170238095238095,0.7047619047619048,94.71106566719024
656492,Foster Griffin,FF,L,6.666666666666667,91.55,2115.333333333333,0.3433333333333333,1.4316666666666666,90.18237077481665
656492,Foster Griffin,FF,R,14.782608695652174,91.26176470588236,2074.1176470588234,0.3861764705882353,1.3391176470588235,87.3392534065751
656492,Foster Griffin,FS,R,3.0434782608695654,81.5,1497.857142857143,-0.0157142857142857,0.1328571428571428,84.78569845605824
656492,Foster Griffin,SI,L,33.333333333333336,91.97333333333331,2050.0333333333333,1.3033333333333337,0.7896666666666667,93.96411719525848
656492,Foster Griffin,SI,R,4.3478260869565215,91.14,2018.1,1.289,0.817,92.07692660086
656492,Foster Griffin,ST,L,31.11111111111111,82.03928571428571,2541.1071428571427,-1.377857142857143,0.1071428571428571,100.9790767429319
656492,Foster Griffin,ST,R,14.782608695652174,81.1970588235294,2493.970588235294,-1.45,0.0761764705882352,100.05717788944146
656529,Sam Hentges,CU,L,6.451612903225806,82.0,2409.5,-0.405,-0.875,96.80493381166572
656529,Sam Hentges,CU,R,23.07692307692308,81.16666666666667,2340.4444444444443,-0.3911111111111111,-0.88,94.90445441953416
656529,Sam Hentges,FF,L,19.35483870967742,95.08333333333331,2310.333333333333,0.6483333333333333,1.3583333333333334,100.79293003025592
656529,Sam Hentges,FF,R,64.1025641025641,95.144,2316.84,0.6408,1.3248,100.42257488344023
656529,Sam Hentges,SI,L,54.83870967741935,95.07058823529412,2178.9411764705883,1.1558823529411764,1.0629411764705885,102.26582573066408
656529,Sam Hentges,SI,R,7.6923076923076925,93.93333333333334,2151.6666666666665,1.1766666666666667,1.03,99.89482693694988
656529,Sam Hentges,SL,L,19.35483870967742,88.85000000000001,2247.833333333333,-0.215,0.4733333333333333,100.4780784121674
656529,Sam Hentges,SL,R,5.128205128205129,87.94999999999999,2080.5,-0.365,0.2299999999999999,95.02165463696107
656546,Jeff Hoffman,FF,L,29.032258064516128,96.02222222222224,2591.722222222222,-1.2977777777777777,1.2627777777777778,114.36066493130704
656546,Jeff Hoffman,FF,R,31.818181818181817,96.07142857142856,2570.214285714286,-1.13,1.3725,113.33644108311428
656546,Jeff Hoffman,FS,L,22.580645161290324,89.49285714285715,1717.357142857143,-1.285,0.1407142857142857,111.64271924453442
656546,Jeff Hoffman,FS,R,4.545454545454546,89.15,1770.5,-1.215,0.18,110.9655433679342
656546,Jeff Hoffman,SI,R,5.681818181818182,95.96,2584.6,-1.21,1.132,114.80261582572857
656546,Jeff Hoffman,SL,L,48.38709677419355,86.51,2807.733333333333,0.219,-0.0756666666666666,102.63141980304992
656546,Jeff Hoffman,SL,R,57.95454545454545,86.13725490196079,2782.372549019608,0.1456862745098039,-0.0450980392156862,100.47628140634824
656550,Grant Holmes,CH,L,20.496894409937887,89.68787878787879,1622.2727272727273,-1.2693939393939395,0.0709090909090909,102.32691305414512
656550,Grant Holmes,CH,R,4.819277108433735,89.375,1568.25,-1.2075,0.125,100.41954865806032
656550,Grant Holmes,CU,L,13.043478260869565,83.4952380952381,2802.3809523809523,0.2833333333333333,-0.8566666666666666,103.4896856263661
656550,Grant Holmes,CU,R,5.421686746987952,83.77777777777777,2754.222222222222,0.1566666666666666,-0.7344444444444445,101.64947867348062
656550,Grant Holmes,FC,L,8.074534161490684,92.08461538461538,2425.923076923077,-0.1176923076923077,1.0515384615384615,108.14461094968289
656550,Grant Holmes,FC,R,3.0120481927710845,92.34,2441.2,-0.102,0.932,106.9057200425438
656550,Grant Holmes,FF,L,29.81366459627329,94.54375,2332.2916666666665,-0.69,1.3354166666666665,100.42173997456048
656550,Grant Holmes,FF,R,22.289156626506024,94.60270270270271,2296.324324324324,-0.6383783783783784,1.3232432432432433,99.0603069335804
656550,Grant Holmes,SI,L,10.559006211180124,93.78235294117648,2227.058823529412,-1.3294117647058823,0.5494117647058824,99.07674314215716
656550,Grant Holmes,SI,R,25.903614457831324,94.2046511627907,2262.093023255814,-1.2788372093023257,0.6262790697674419,100.22469504778208
656550,Grant Holmes,SL,L,18.012422360248447,85.37931034482759,2712.1724137931037,0.1586206896551724,-0.1424137931034482,99.19132613716636
656550,Grant Holmes,SL,R,38.55421686746988,86.4578125,2734.125,0.18609375,-0.16453125,101.54452147148142
656557,Tanner Houck,FF,L,25.0,93.2875,2300.625,-0.70125,0.74625,88.93343681527884
656557,Tanner Houck,FF,R,16.666666666666668,93.23333333333332,2288.6666666666665,-0.8166666666666668,0.82,91.02072040777138
656557,Tanner Houck,FS,L,28.125,88.32222222222222,1830.888888888889,-1.022222222222222,-0.1666666666666666,108.09724904023936
656557,Tanner Houck,FS,R,11.11111111111111,88.35,1817.0,-1.1749999999999998,-0.19,110.07213118100418
656557,Tanner Houck,SI,L,28.125,92.51111111111112,2251.777777777778,-1.1888888888888889,0.0955555555555555,93.1789646265578
656557,Tanner Houck,SI,R,33.333333333333336,92.26666666666668,2203.6666666666665,-1.2016666666666669,0.1966666666666666,92.16975382049364
656557,Tanner Houck,ST,L,18.75,84.36666666666666,2510.1666666666665,1.0566666666666666,0.0033333333333333,99.37567046994884
656557,Tanner Houck,ST,R,38.888888888888886,84.5,2540.714285714286,1.0042857142857142,-0.1857142857142857,99.57397591524114
656638,Alex Lange,CH,L,32.67326732673267,90.36666666666666,1857.8181818181815,-1.393333333333333,0.2042424242424242,108.11213754111584
656638,Alex Lange,CH,R,5.882352941176471,90.05,1892.75,-1.405,0.26,108.50513744663684
656638,Alex Lange,FC,L,27.722772277227723,92.33571428571427,2209.285714285714,-0.0678571428571428,0.7553571428571428,99.30481375772892
656638,Alex Lange,FC,R,5.882352941176471,92.575,2242.75,0.06,0.76,100.40049870370706
656638,Alex Lange,FF,L,13.86138613861386,96.16428571428573,2232.5714285714284,-0.92,1.065,98.88872328043074
656638,Alex Lange,FF,R,4.411764705882353,96.0,2291.6666666666665,-0.8133333333333334,1.2566666666666668,101.64052231973784
656638,Alex Lange,SI,L,14.851485148514852,95.7,2119.4,-1.354666666666667,0.5173333333333333,99.43879490523906
656638,Alex Lange,SI,R,29.41176470588235,95.905,2137.15,-1.4,0.623,101.72104425248968
656638,Alex Lange,SL,L,10.891089108910892,87.66363636363636,2242.2727272727275,-0.12,-0.0563636363636363,92.83470177441907
656638,Alex Lange,SL,R,54.41176470588236,88.03783783783784,2210.6216216216217,-0.1489189189189189,-0.0378378378378378,93.107398207673
656641,Jacob Latz,CH,R,30.4635761589404,86.91304347826087,2150.3695652173915,1.235,0.9347826086956522,110.0026564161122
656641,Jacob Latz,CU,R,4.635761589403973,81.38571428571429,2790.1428571428573,-0.3742857142857143,-1.2157142857142855,104.5904209859382
656641,Jacob Latz,FF,L,69.56521739130434,95.075,2403.9375,0.7,1.574375,106.94012693850888
656641,Jacob Latz,FF,R,58.27814569536424,95.4375,2443.681818181818,0.7607954545454546,1.6532954545454546,110.2029166523937
656641,Jacob Latz,SL,L,30.43478260869565,86.67142857142858,2591.0,-0.4328571428571428,0.31,103.72939100269888
656641,Jacob Latz,SL,R,6.622516556291391,86.49,2559.2,-0.466,0.3219999999999999,103.46268716032203
656730,Trevor Megill,FF,L,75.30864197530865,97.80491803278689,2411.8524590163934,-0.3086885245901639,1.5462295081967212,108.6931912651948
656730,Trevor Megill,FF,R,63.333333333333336,97.9184210526316,2403.657894736842,-0.3060526315789474,1.5839473684210523,109.3515289783127
656730,Trevor Megill,KC,L,24.69135802469136,87.80499999999999,2629.65,0.114,-0.185,99.40625801713446
656730,Trevor Megill,KC,R,36.66666666666666,88.34545454545454,2686.8636363636365,0.0872727272727272,-0.1559090909090909,100.62715556792024
656756,Jordan Montgomery,CH,R,17.73049645390071,81.46,1557.88,0.7232,0.9276,90.78991072842804
656756,Jordan Montgomery,CU,R,22.69503546099291,76.8,2251.5625,-0.5828125,-0.8871875,89.89094417306296
656756,Jordan Montgomery,FF,L,10.169491525423728,90.06666666666666,2338.333333333333,0.5066666666666667,1.2083333333333333,90.03840774598731
656756,Jordan Montgomery,FF,R,18.43971631205674,90.58846153846154,2324.1153846153848,0.4003846153846154,1.2153846153846155,89.96154563662533
656756,Jordan Montgomery,SI,L,50.84745762711864,90.41333333333334,2186.9,1.2293333333333334,0.7993333333333333,93.92045234786798
656756,Jordan Montgomery,SI,R,39.71631205673759,91.03035714285714,2178.714285714286,1.2242857142857144,0.8328571428571429,94.8680841770926
656756,Jordan Montgomery,SL,L,38.983050847457626,82.75217391304348,2393.391304347826,-0.4343478260869565,0.0226086956521739,93.60745744605552
656756,Jordan Montgomery,SL,R,1.4184397163120568,82.0,2416.0,-0.415,-0.065,92.77272624137268
656794,Sean Newcomb,CH,R,3.804347826086957,86.58571428571429,1394.857142857143,0.8885714285714286,0.03,90.10816350496944
656794,Sean Newcomb,CU,R,10.326086956521738,80.7,2972.9473684210525,-1.0589473684210526,-1.096315789473684,108.9090521009768
656794,Sean Newcomb,FC,R,1.6304347826086956,92.66666666666669,2550.333333333333,0.0766666666666666,0.8833333333333333,108.798426642637
656794,Sean Newcomb,FF,L,39.72602739726028,95.83448275862068,2255.1724137931037,0.9324137931034484,1.0858620689655172,99.33496018373587
656794,Sean Newcomb,FF,R,48.91304347826087,95.69,2221.588888888889,0.9005555555555556,1.1244444444444446,98.50694493330016
656794,Sean Newcomb,SI,L,35.61643835616438,94.75,2262.923076923077,1.3965384615384615,0.3911538461538461,101.5142852677413
656794,Sean Newcomb,SI,R,8.152173913043478,94.17333333333332,2251.133333333333,1.3313333333333333,0.2446666666666666,98.57614055201591
656794,Sean Newcomb,SV,L,24.65753424657534,83.78333333333333,2925.777777777778,-1.4944444444444445,-0.4233333333333333,110.28460047392
656794,Sean Newcomb,SV,R,27.17391304347826,84.02,2867.16,-1.4291999999999998,-0.4132,109.2756459264398
656848,Michael Petersen,CH,L,12.34567901234568,91.49,1074.4,-0.8099999999999999,0.7,94.50038562149356
656848,Michael Petersen,CH,R,6.410256410256411,91.08,1060.0,-0.5900000000000001,0.92,94.20786468643657
656848,Michael Petersen,FF,L,66.66666666666667,98.58148148148148,2386.0925925925926,-0.6733333333333333,1.6042592592592593,112.30505823461743
656848,Michael Petersen,FF,R,62.82051282051282,98.13877551020408,2354.387755102041,-0.5904081632653061,1.6477551020408163,111.076367131208
656848,Michael Petersen,SL,L,20.98765432098765,89.92941176470588,2368.3529411764707,0.1194117647058823,0.168235294117647,99.1594883729028
656848,Michael Petersen,SL,R,30.76923076923077,89.3625,2363.125,0.1166666666666666,0.09875,97.49286017726637
656849,David Peterson,CH,L,2.4390243902439024,85.56666666666666,1583.3333333333333,0.96,0.4633333333333333,94.0215157171744
656849,David Peterson,CH,R,13.968253968253968,86.03863636363636,1577.409090909091,1.1656818181818185,0.3315909090909091,96.74216713049576
656849,David Peterson,CU,L,2.4390243902439024,81.2,2410.6666666666665,-0.26,-0.8166666666666668,94.94211164678092
656849,David Peterson,CU,R,13.968253968253968,79.94318181818181,2400.704545454545,-0.2802272727272727,-0.7629545454545454,93.03072541207054
656849,David Peterson,FF,L,18.69918699186992,93.00434782608696,2190.043478260869,0.1673913043478261,1.061304347826087,86.86667351386072
656849,David Peterson,FF,R,35.87301587301587,92.90619469026548,2195.8672566371683,0.2781415929203539,1.0338938053097344,86.77873484724583
656849,David Peterson,SI,L,46.34146341463415,92.5842105263158,2162.035087719298,1.1766666666666663,0.7170175438596491,94.69136295597905
656849,David Peterson,SI,R,20.0,92.25714285714284,2110.15873015873,1.154920634920635,0.7365079365079364,92.84440065610724
656849,David Peterson,SL,L,30.08130081300813,86.76486486486488,2285.972972972973,-0.2524324324324324,0.221081081081081,95.53183457870912
656849,David Peterson,SL,R,16.19047619047619,86.89999999999999,2197.4117647058824,-0.2611764705882353,0.3186274509803921,95.35571854387833
656876,Drew Rasmussen,CH,L,25.69832402234637,89.11521739130436,1222.1304347826087,-1.0039130434782608,0.1863043478260869,92.87653604240124
656876,Drew Rasmussen,CH,R,9.0,89.07777777777777,1155.7222222222222,-0.972777777777778,0.2533333333333333,91.77148347746412
656876,Drew Rasmussen,CU,L,3.910614525139665,79.82857142857142,2593.1428571428573,0.2657142857142857,-1.0242857142857142,98.03439067993716
656876,Drew Rasmussen,FC,L,24.58100558659218,89.30454545454546,2630.0,0.3220454545454545,0.3475,98.9328884290811
656876,Drew Rasmussen,FC,R,33.5,89.43283582089552,2553.9850746268658,0.3805970149253731,0.3276119402985074,98.02088193956514
656876,Drew Rasmussen,FF,L,22.90502793296089,95.58536585365852,2481.0731707317077,-0.4136585365853659,1.5770731707317072,107.81524535669388
656876,Drew Rasmussen,FF,R,22.5,95.43555555555557,2464.711111111111,-0.4044444444444444,1.5602222222222222,106.8620852331446
656876,Drew Rasmussen,SI,L,22.90502793296089,94.81951219512194,2392.121951219512,-1.466341463414634,0.9458536585365854,110.31160956686074
656876,Drew Rasmussen,SI,R,33.5,94.93134328358208,2377.358208955224,-1.4407462686567163,1.037313432835821,110.6992053620272
656876,Drew Rasmussen,ST,R,1.5,83.76666666666667,2072.0,1.0799999999999998,-0.0766666666666666,92.15975059461834
656945,Tanner Scott,FF,L,52.63157894736842,97.62,2576.0,0.5275000000000001,1.385,110.4522597055112
656945,Tanner Scott,FF,R,57.65765765765766,97.38125,2570.671875,0.46578125,1.4065625,109.95023336525512
656945,Tanner Scott,SL,L,47.36842105263158,89.38333333333334,2628.777777777778,-0.5144444444444445,0.05,107.73844994322104
656945,Tanner Scott,SL,R,42.34234234234234,89.61276595744681,2615.7021276595747,-0.4812765957446808,0.1168085106382978,107.48249016769788
656986,Bennett Sousa,FF,L,18.6046511627907,94.7,2165.1875,0.38125,1.49875,97.60668891516968
656986,Bennett Sousa,FF,R,39.50617283950617,93.559375,2165.75,0.2521875,1.453125,94.5256793994825
656986,Bennett Sousa,SI,L,23.25581395348837,92.71,2146.35,0.9515,1.149,96.67329854681164
656986,Bennett Sousa,SL,L,58.13953488372093,84.78,2261.2,-0.3318,0.0099999999999999,92.41624319905804
656986,Bennett Sousa,SL,R,60.49382716049383,84.92857142857143,2302.061224489796,-0.3695918367346938,0.0683673469387755,93.99847796006672
657097,Jacob Webb,CH,L,54.11764705882353,85.44565217391305,2293.4565217391305,-1.452173913043478,0.7910869565217391,111.7348501154851
657097,Jacob Webb,CH,R,31.25,85.73333333333333,2276.866666666667,-1.5226666666666666,0.8160000000000001,112.99928138448922
657097,Jacob Webb,CU,L,15.294117647058824,81.24615384615385,2616.4615384615386,0.6146153846153847,-0.94,100.508049215956
657097,Jacob Webb,CU,R,2.083333333333333,82.7,2670.0,0.2,-0.58,97.96585847369391
657097,Jacob Webb,FF,L,30.58823529411765,93.89230769230768,2525.038461538461,-0.7207692307692307,1.3492307692307692,104.3396146129167
657097,Jacob Webb,FF,R,58.333333333333336,93.66785714285712,2481.1071428571427,-0.6846428571428572,1.3339285714285716,102.41951868605022
657097,Jacob Webb,SL,R,8.333333333333334,83.825,2638.25,0.11,-0.22,96.3564477135586
657277,Logan Webb,CH,L,23.484848484848484,85.49677419354839,1416.451612903226,-0.7522580645161291,-0.5135483870967742,89.48440299832909
657277,Logan Webb,CH,R,16.129032258064516,85.19500000000001,1424.75,-0.769,-0.383,88.44483970400924
657277,Logan Webb,FC,L,9.848484848484848,89.52307692307691,2298.4615384615386,-0.0646153846153846,0.56,93.91652162849844
657277,Logan Webb,FC,R,8.064516129032258,90.7,2273.8,-0.203,0.61,96.39308297667162
657277,Logan Webb,FF,L,12.87878787878788,92.1470588235294,2073.5882352941176,-0.5852941176470587,0.8364705882352942,81.86092072266558
657277,Logan Webb,FF,R,16.129032258064516,92.52,2053.35,-0.5599999999999999,0.825,81.53845057035682
657277,Logan Webb,SI,L,25.75757575757576,91.9470588235294,1962.1470588235293,-1.2464705882352942,-0.1058823529411764,86.623476578201
657277,Logan Webb,SI,R,45.16129032258065,92.27857142857144,1977.5,-1.2478571428571428,-0.0371428571428571,87.40523549661124
657277,Logan Webb,ST,L,28.03030303030303,84.66486486486487,2562.3783783783783,1.0405405405405406,0.0813513513513513,100.40015104392027
657277,Logan Webb,ST,R,14.516129032258064,84.99444444444445,2617.6111111111118,1.107222222222222,0.1344444444444444,102.57340371146836
657376,Clarke Schmidt,FC,L,25.0,93.2,2697.0,0.01,1.09,115.81682667186296
657376,Clarke Schmidt,FC,R,35.0,91.34285714285714,2705.428571428572,0.1485714285714285,0.8357142857142856,109.43074648567152
657376,Clarke Schmidt,FF,R,10.0,94.65,2544.5,-0.54,1.38,105.0921093676985
657376,Clarke Schmidt,KC,L,50.0,83.69999999999999,3033.5,0.575,-1.015,110.43973579612693
657376,Clarke Schmidt,KC,R,10.0,84.75,3097.0,0.635,-1.18,114.339254975508
657376,Clarke Schmidt,SI,R,10.0,92.85,2577.0,-1.04,0.42,100.0166604633475
657376,Clarke Schmidt,SL,L,25.0,83.3,3030.0,0.92,-0.06,112.87576931604798
657376,Clarke Schmidt,SL,R,35.0,84.48571428571428,2988.8571428571427,0.7957142857142857,-0.0128571428571428,111.78868651959272
657514,Brennan Bernardino,CH,R,14.084507042253522,79.6,1431.2,1.067,0.039,85.45362511255973
657514,Brennan Bernardino,CU,L,40.0,77.85499999999999,2693.7,-1.2695,-0.0445,99.40365105612916
657514,Brennan Bernardino,CU,R,29.5774647887324,77.42380952380952,2737.3809523809523,-1.2028571428571428,-0.1447619047619047,99.01210639900928
657514,Brennan Bernardino,FC,L,2.0,84.9,2328.0,-0.19,0.19,83.06855515337284
657514,Brennan Bernardino,FC,R,2.816901408450704,82.85,2477.0,-0.26,0.025,83.00114030669346
657514,Brennan Bernardino,FF,R,4.225352112676056,91.3,2150.0,0.6833333333333332,0.7666666666666666,82.41468842717603
657514,Brennan Bernardino,SI,L,58.0,90.6206896551724,2207.3793103448274,1.2241379310344829,0.2568965517241379,90.57774238308232
657514,Brennan Bernardino,SI,R,49.29577464788732,91.32857142857142,2222.285714285714,1.1468571428571428,0.2637142857142857,90.51184231250993
657612,Tim Hill,FF,L,1.7857142857142858,89.0,2158.0,1.47,0.3,87.70582310338794
657612,Tim Hill,FF,R,4.761904761904762,89.7,2099.0,1.445,0.3399999999999999,87.14535336535057
657612,Tim Hill,SI,L,89.28571428571429,88.21,2074.1,1.2828,-0.5546,86.83010504160097
657612,Tim Hill,SI,R,88.0952380952381,88.51081081081081,2071.7567567567567,1.2375675675675677,-0.5213513513513514,86.15260015739739
657612,Tim Hill,SL,L,8.928571428571429,75.0,2327.6,-0.618,1.194,96.22351025028767
657612,Tim Hill,SL,R,7.142857142857143,75.0,2351.6666666666665,-0.6133333333333333,1.1833333333333331,96.4612421293463
657746,Joe Ryan,FF,L,35.714285714285715,93.644,2309.0,-1.1885333333333334,1.1721333333333332,101.53296001508502
657746,Joe Ryan,FF,R,37.32394366197183,93.60188679245282,2304.981132075472,-1.1420754716981132,1.2056603773584906,101.21711137456128
657746,Joe Ryan,FS,L,14.761904761904765,88.14516129032258,2193.903225806452,-1.3790322580645162,0.4074193548387097,117.26486827242404
657746,Joe Ryan,KC,L,9.047619047619047,79.75263157894737,2792.5263157894738,0.9852631578947368,-0.7826315789473685,102.7216986730052
657746,Joe Ryan,KC,R,9.154929577464788,79.78461538461539,2800.4615384615386,1.0653846153846154,-0.6861538461538461,102.97615563111806
657746,Joe Ryan,SI,L,7.142857142857143,93.00666666666666,2208.6,-1.415333333333333,0.7966666666666666,101.09744458599252
657746,Joe Ryan,SI,R,9.859154929577464,93.52142857142856,2172.6428571428573,-1.4928571428571429,0.8242857142857142,102.51890123793412
657746,Joe Ryan,SL,L,8.095238095238095,87.42941176470588,2287.058823529412,0.0158823529411764,0.4805882352941176,98.67280002896632
657746,Joe Ryan,SL,R,14.788732394366198,86.82857142857144,2237.904761904762,0.0433333333333333,0.4247619047619048,96.1936072067594
657746,Joe Ryan,ST,L,25.23809523809524,79.84905660377359,2813.754716981132,1.231509433962264,-0.0439622641509434,100.53229118430453
657746,Joe Ryan,ST,R,28.87323943661972,80.09512195121951,2830.4634146341464,1.3202439024390245,-0.043170731707317,102.21688568427231
660761,José Suarez,CH,R,25.0,82.0,1533.0,1.406666666666667,0.1933333333333333,94.86813317439784
660761,José Suarez,FF,L,16.666666666666668,92.3,2449.0,0.77,1.36,100.71217250390626
660761,José Suarez,FF,R,8.333333333333334,91.8,2348.0,0.69,1.34,96.58108775599216
660761,José Suarez,SI,L,16.666666666666668,91.8,2333.0,1.22,0.76,98.78389162293595
660761,José Suarez,SI,R,33.333333333333336,89.975,2163.25,1.485,0.7225,96.28071444769384
660761,José Suarez,SL,L,50.0,82.39999999999999,2726.6666666666665,-0.3866666666666666,0.1666666666666666,98.70057130485712
660761,José Suarez,SL,R,33.333333333333336,82.55,2710.0,-0.35,0.0975,97.72005873294458
660761,José Suarez,ST,L,16.666666666666668,80.3,2792.0,-0.85,0.57,98.14682353955736
660787,Yerry De los Santos,CH,L,62.5,87.02000000000001,1507.8,-1.352,0.095,99.2130421535515
660787,Yerry De los Santos,CH,R,14.814814814814817,86.3,1424.75,-1.4425,-0.0325,98.73585479282583
660787,Yerry De los Santos,FF,L,31.25,94.32,2190.8,-1.454,1.15,103.24937184725238
660787,Yerry De los Santos,FF,R,22.22222222222222,94.26666666666668,2111.0,-1.211666666666667,1.1016666666666668,97.35499872045608
660787,Yerry De los Santos,SI,L,6.25,95.1,2196.0,-1.73,1.05,111.37893935710396
660787,Yerry De los Santos,SI,R,48.14814814814815,94.13846153846154,2201.153846153846,-1.5323076923076924,0.803076923076923,104.53517466995436
660787,Yerry De los Santos,SL,R,14.814814814814817,85.975,2081.0,0.1549999999999999,0.3225,91.2771316268532
660825,Eduard Bazardo,FF,L,19.047619047619047,95.7,2104.625,-0.59125,1.0575,91.61777967430888
660825,Eduard Bazardo,FF,R,11.827956989247312,95.47272727272728,2236.090909090909,-0.7554545454545455,1.1572727272727272,97.42662992736904
660825,Eduard Bazardo,SI,L,35.714285714285715,96.12,2209.4666666666667,-1.2606666666666666,0.848,103.49111374996087
660825,Eduard Bazardo,SI,R,66.66666666666667,96.80645161290325,2211.2903225806454,-1.3704838709677418,0.9116129032258063,106.92032597355936
660825,Eduard Bazardo,ST,L,45.23809523809524,83.8157894736842,2655.368421052632,1.2326315789473683,-0.3010526315789473,103.5858662691535
660825,Eduard Bazardo,ST,R,21.50537634408602,84.27000000000001,2580.75,1.244,-0.2,102.89738675513205
660853,Enyel De Los Santos,CH,L,44.776119402985074,84.89666666666668,1938.9666666666667,-1.4183333333333332,0.7483333333333333,105.97692334252908
660853,Enyel De Los Santos,CH,R,1.8867924528301887,79.8,1996.0,-1.55,0.79,103.04571080878944
660853,Enyel De Los Santos,FF,L,43.28358208955224,94.56896551724138,2250.3793103448274,-1.0282758620689656,1.1913793103448276,99.86860566018088
660853,Enyel De Los Santos,FF,R,52.83018867924528,94.95357142857142,2291.5714285714284,-1.0564285714285713,1.1992857142857145,101.86768191956163
660853,Enyel De Los Santos,SL,L,11.940298507462687,85.65,2129.0,0.05375,0.66375,96.4309974573206
660853,Enyel De Los Santos,SL,R,45.283018867924525,86.16666666666667,2156.583333333333,0.1316666666666666,0.6383333333333333,97.37536211009454
661395,Jhoan Duran,CH,L,2.5,90.05000000000001,1050.0,-0.55,0.615,88.77339519067544
661395,Jhoan Duran,FF,L,50.0,100.68,2086.5,-1.04975,1.15375,105.3605051029048
661395,Jhoan Duran,FF,R,27.868852459016395,100.62352941176472,2076.1176470588234,-1.0376470588235294,1.1,104.15772299526336
661395,Jhoan Duran,FS,L,30.0,97.8125,1685.9166666666667,-1.0995833333333334,0.06375,117.86054152851776
661395,Jhoan Duran,FS,R,47.540983606557376,97.98620689655172,1707.103448275862,-1.1658620689655173,0.1913793103448275,119.3643318314732
661395,Jhoan Duran,KC,L,17.5,90.31428571428572,2583.928571428572,0.1364285714285714,-0.5021428571428571,104.34584582847602
661395,Jhoan Duran,ST,R,24.59016393442623,90.22,2508.2,0.4126666666666667,0.11,98.8851792325338
661563,Luis Gil,CH,L,13.79310344827586,89.65,1741.5,-1.3275,0.4425,105.73456650844234
661563,Luis Gil,CH,R,29.032258064516128,88.77222222222223,1793.611111111111,-1.3577777777777778,0.4255555555555556,105.75287433548512
661563,Luis Gil,FF,L,63.793103448275865,96.13243243243244,2444.6486486486488,-0.2413513513513513,1.4605405405405405,105.0717690800435
661563,Luis Gil,FF,R,50.0,94.98387096774194,2393.6129032258063,-0.2651612903225807,1.4541935483870967,102.06381510393362
661563,Luis Gil,SL,L,22.41379310344828,87.1846153846154,2676.6153846153848,0.63,0.4638461538461538,109.7483007973196
661563,Luis Gil,SL,R,20.967741935483872,85.9,2590.846153846154,0.5815384615384616,0.6184615384615384,107.5869808258989
662253,Andrés Muñoz,CH,L,35.18518518518518,93.57368421052632,1578.7894736842106,-1.0957894736842106,-0.0910526315789473,103.5069906974142
662253,Andrés Muñoz,CH,R,1.5384615384615383,93.6,1474.0,-0.98,-0.34,101.28173685465352
662253,Andrés Muñoz,FF,L,48.14814814814815,100.35384615384616,2336.769230769231,-0.6692307692307692,1.0434615384615384,104.74400067877076
662253,Andrés Muñoz,FF,R,63.07692307692308,100.00487804878048,2277.7073170731705,-0.6417073170731707,1.0373170731707315,102.47261965447316
662253,Andrés Muñoz,SI,R,13.846153846153848,99.46666666666668,2288.0,-1.3344444444444443,0.6188888888888889,109.13557738553877
662253,Andrés Muñoz,SL,L,16.666666666666668,88.75555555555555,2460.555555555556,0.4066666666666667,-0.1788888888888888,102.87205585396572
662253,Andrés Muñoz,SL,R,21.53846153846154,88.14999999999999,2368.8571428571427,0.5142857142857143,-0.1478571428571428,101.88218677504372
663158,Robert Suarez,CH,L,40.0,91.5,1899.0,-1.315,0.6950000000000001,111.12231405818318
663158,Robert Suarez,CH,R,25.0,89.925,1891.5,-1.3325,0.9575,111.63390375207108
663158,Robert Suarez,FF,L,60.0,97.8,2304.333333333333,-0.5733333333333334,1.4933333333333334,106.62538698295242
663158,Robert Suarez,FF,R,62.5,98.26,2380.9,-0.651,1.474,109.32449921379812
663158,Robert Suarez,SI,R,12.5,96.9,2342.5,-1.045,1.36,111.48824317011736
663362,Matt Waldron,KN,L,100.0,79.35,364.0,-0.1,-0.425,106.59910881108344
663362,Matt Waldron,KN,R,100.0,80.5,404.0,-0.4633333333333333,0.1166666666666666,108.29534340069306
663372,Ryan Feltner,CH,L,25.454545454545453,84.61785714285715,1576.267857142857,-0.3335714285714286,0.4178571428571428,84.63266447929222
663372,Ryan Feltner,CH,R,15.27777777777778,84.72272727272728,1567.6818181818182,-0.24,0.4877272727272727,84.7831218492354
663372,Ryan Feltner,FF,L,37.27272727272727,94.50487804878048,2388.8414634146343,-0.344390243902439,1.097439024390244,95.18366556573532
663372,Ryan Feltner,FF,R,18.75,95.21111111111112,2423.222222222222,-0.237037037037037,1.0462962962962965,95.65637531418822
663372,Ryan Feltner,SI,L,3.1818181818181817,92.84285714285714,2284.714285714286,-1.08,0.6928571428571428,96.1556251446684
663372,Ryan Feltner,SI,R,28.47222222222222,93.71707317073172,2310.3414634146343,-0.9682926829268294,0.6341463414634146,95.59062373095222
663372,Ryan Feltner,SL,L,20.90909090909091,89.3586956521739,2465.826086956521,0.3091304347826087,0.6413043478260869,107.89164600373796
663372,Ryan Feltner,SL,R,24.30555555555556,88.46,2506.1428571428573,0.3908571428571428,0.5288571428571428,106.5612498283023
663372,Ryan Feltner,ST,L,13.181818181818182,80.51034482758621,2585.586206896552,1.070689655172414,-0.4455172413793103,96.93122012181168
663372,Ryan Feltner,ST,R,13.194444444444445,81.25263157894737,2646.4210526315787,0.9521052631578948,-0.29,96.75264989923362
663423,Trent Thornton,CU,L,29.032258064516128,81.6888888888889,3124.1111111111118,0.5277777777777778,-1.0722222222222222,109.00480630790042
663423,Trent Thornton,FC,L,35.483870967741936,92.54545454545456,2605.3636363636365,0.1054545454545454,0.8363636363636363,109.04855975657024
663423,Trent Thornton,FC,R,12.903225806451612,91.35,2662.0,0.1575,0.6275,105.33345425298486
663423,Trent Thornton,FF,L,19.35483870967742,94.78333333333336,2390.6666666666665,-0.375,1.3666666666666665,100.56307509027512
663423,Trent Thornton,FF,R,3.225806451612903,93.9,2243.0,-0.35,1.14,91.6535323759176
663423,Trent Thornton,SI,R,58.064516129032256,94.63888888888889,2274.777777777778,-0.9705555555555556,0.758888888888889,97.46742378582768
663423,Trent Thornton,ST,L,16.129032258064516,80.92,2896.4,1.2280000000000002,0.19,103.30271804536432
663423,Trent Thornton,ST,R,25.806451612903224,81.375,2962.375,1.40875,-0.0875,107.02225306009464
663436,Davis Martin,CH,L,25.405405405405407,89.7595744680851,2080.255319148936,-1.075957446808511,0.0076595744680851,105.01826199217132
663436,Davis Martin,CH,R,10.852713178294572,89.70714285714287,2129.214285714286,-1.09,0.1314285714285714,105.90146217123323
663436,Davis Martin,CU,L,15.135135135135137,81.66785714285713,2853.3571428571427,1.190357142857143,-0.6810714285714285,106.75571855241454
663436,Davis Martin,CU,R,17.829457364341085,81.84782608695652,2814.9565217391305,1.0739130434782609,-0.6308695652173913,105.18975564979148
663436,Davis Martin,FC,L,14.594594594594597,89.67407407407407,2562.296296296296,0.0477777777777777,0.572962962962963,99.7036947984886
663436,Davis Martin,FC,R,8.527131782945736,89.91818181818182,2586.090909090909,0.079090909090909,0.5472727272727274,100.19473875046346
663436,Davis Martin,FF,L,28.64864864864865,93.57735849056604,2376.245283018868,-0.489433962264151,1.0916981132075472,94.29519061044444
663436,Davis Martin,FF,R,16.27906976744186,93.79523809523808,2391.714285714286,-0.4614285714285714,1.1176190476190475,95.22563113416416
663436,Davis Martin,SI,L,11.891891891891891,92.51363636363637,2376.8636363636365,-1.1404545454545454,0.6331818181818182,98.28752406183318
663436,Davis Martin,SI,R,31.782945736434108,92.60243902439024,2351.9268292682927,-1.1941463414634146,0.6234146341463415,98.63555611342149
663436,Davis Martin,SL,L,4.324324324324325,86.4625,2564.25,0.27,0.26625,100.6253978369848
663436,Davis Martin,SL,R,14.728682170542635,86.79473684210525,2594.1052631578946,0.3384210526315789,0.241578947368421,102.14766285783868
663460,Kris Bubic,CH,R,37.25490196078432,86.60000000000001,1273.5263157894738,0.5705263157894737,-0.0231578947368421,83.70150159815543
663460,Kris Bubic,FF,L,25.0,94.52,2363.0,0.224,1.33,98.25718775986712
663460,Kris Bubic,FF,R,50.98039215686274,93.58846153846154,2364.3846153846152,0.223076923076923,1.386923076923077,97.86555630895757
663460,Kris Bubic,SI,L,35.0,93.95714285714288,2184.285714285714,1.0657142857142856,0.6842857142857143,95.01954686541356
663460,Kris Bubic,SI,R,5.882352941176471,92.2,2245.6666666666665,1.12,0.8366666666666666,96.52058949028986
663460,Kris Bubic,SL,L,5.0,86.5,2554.0,-0.48,0.08,102.15471981034638
663460,Kris Bubic,SL,R,3.92156862745098,86.65,2354.0,-0.35,-0.055,96.84721067849092
663460,Kris Bubic,ST,L,35.0,85.15714285714286,2538.1428571428573,-1.0057142857142858,-0.2,100.42140441220889
663460,Kris Bubic,ST,R,1.96078431372549,85.8,2633.0,-1.22,-0.39,105.91354024696992
663542,Bryan Hudson,FF,L,61.01694915254237,90.30555555555556,2144.6388888888887,0.8641666666666666,0.9813888888888888,85.89468926733278
663542,Bryan Hudson,FF,R,59.550561797752806,91.35471698113209,2150.735849056604,0.8145283018867925,0.8926415094339623,85.84883596820315
663542,Bryan Hudson,ST,L,38.983050847457626,78.64347826086956,2048.391304347826,-1.241304347826087,-0.32,87.77904920803577
663542,Bryan Hudson,ST,R,40.4494382022472,78.57222222222222,2037.888888888889,-1.2033333333333334,-0.3583333333333333,87.19527715782829
663554,Casey Mize,FF,L,37.37864077669903,92.77402597402596,2233.2077922077924,-0.8161038961038961,1.40025974025974,97.53647654834928
663554,Casey Mize,FF,R,35.44973544973545,93.08358208955224,2221.417910447761,-0.7740298507462686,1.407313432835821,97.47908247118504
663554,Casey Mize,FS,L,38.3495145631068,86.94303797468355,1502.2025316455697,-1.138987341772152,0.5093670886075949,105.91081519428108
663554,Casey Mize,FS,R,8.994708994708995,86.92941176470588,1497.1764705882354,-1.2482352941176469,0.4947058823529411,107.12884957505528
663554,Casey Mize,SI,L,0.4854368932038835,91.5,2203.0,-1.37,1.06,100.91195579148912
663554,Casey Mize,SI,R,16.402116402116402,93.33548387096776,2272.3870967741937,-1.163225806451613,1.1638709677419354,103.48231034839928
663554,Casey Mize,SL,L,22.81553398058253,85.88297872340425,2214.553191489362,0.3193617021276596,0.3248936170212765,94.97705869659882
663554,Casey Mize,SL,R,33.333333333333336,87.49047619047619,2235.6349206349205,0.3333333333333333,0.3979365079365079,98.45286676155791
663554,Casey Mize,SV,L,0.970873786407767,79.69999999999999,2517.0,1.135,-0.735,97.58958662942705
663554,Casey Mize,SV,R,5.8201058201058204,80.63636363636364,2490.6363636363635,1.0463636363636364,-0.5845454545454545,97.0485724052387
663556,Shane McClanahan,CH,L,29.41176470588235,86.5,1535.0,1.416,0.162,100.0453039019359
663556,Shane McClanahan,CH,R,25.454545454545453,86.68571428571428,1523.357142857143,1.1642857142857144,0.1892857142857142,96.30434667408586
663556,Shane McClanahan,CU,L,11.764705882352942,82.30000000000001,2429.5,-0.27,-0.655,94.97054308820653
663556,Shane McClanahan,CU,R,20.0,82.16363636363636,2470.181818181818,-0.3872727272727272,-0.7272727272727273,96.51642587314444
663556,Shane McClanahan,FF,L,47.05882352941177,95.5125,2252.5,0.8625,1.31375,101.34836324831512
663556,Shane McClanahan,FF,R,41.81818181818182,95.13478260869564,2233.304347826087,0.7495652173913043,1.3334782608695652,99.54780598853266
663556,Shane McClanahan,SL,L,11.764705882352942,88.7,2437.5,-0.285,0.19,100.82939942078498
663556,Shane McClanahan,SL,R,12.727272727272728,88.37142857142858,2387.5714285714284,-0.3257142857142857,0.2157142857142857,100.27155558721232
663558,Jovani Morán,CH,L,17.307692307692307,83.63333333333334,1945.3333333333333,1.2111111111111112,0.6533333333333333,101.10590442868198
663558,Jovani Morán,CH,R,42.1875,83.22592592592592,1869.4814814814813,1.36,0.5981481481481481,101.41195543103986
663558,Jovani Morán,FC,L,9.615384615384617,84.12,2605.4,-0.36,0.42,92.13456834547776
663558,Jovani Morán,FF,L,28.846153846153847,93.0,2406.5333333333333,0.3246666666666666,1.4986666666666666,100.2836660415407
663558,Jovani Morán,FF,R,46.875,93.02,2368.4666666666667,0.3339999999999999,1.497,99.44367695460132
663558,Jovani Morán,SI,L,30.76923076923077,92.7875,2385.875,0.911875,1.04,100.39116669134408
663558,Jovani Morán,SI,R,10.9375,92.21428571428572,2283.428571428572,1.241428571428571,1.0414285714285714,101.68852746926578
663558,Jovani Morán,ST,L,13.461538461538462,80.0,2732.1428571428573,-1.0671428571428572,-0.2228571428571428,97.6770122939663
663559,Bailey Falter,FF,L,61.90476190476191,92.6,2014.4615384615383,0.4653846153846154,1.27,87.29469639136536
663559,Bailey Falter,FF,R,43.75,92.15714285714286,2003.857142857143,0.4942857142857143,1.262857142857143,86.4250074571982
663559,Bailey Falter,FS,R,12.5,86.0,1619.0,1.045,0.52,105.04225605765978
663559,Bailey Falter,SL,L,38.095238095238095,84.6875,2092.875,-0.31875,0.33625,91.4039837485384
663559,Bailey Falter,SL,R,43.75,84.71428571428571,2013.2857142857144,-0.3485714285714286,0.3542857142857142,90.58033973077126
663567,Peter Lambert,CH,L,33.16326530612245,86.34769230769231,1495.9846153846154,-1.1215384615384616,0.678,97.61613623047002
663567,Peter Lambert,CH,R,9.6045197740113,86.63529411764705,1498.3529411764705,-1.1476470588235297,0.6588235294117647,98.16704579053837
663567,Peter Lambert,FC,L,12.755102040816327,91.636,2268.96,0.1427999999999999,0.8887999999999999,101.76532945622812
663567,Peter Lambert,FC,R,2.824858757062147,91.42,2327.4,0.184,0.868,102.43761212961768
663567,Peter Lambert,FF,L,35.204081632653065,93.78840579710145,2292.0289855072465,-0.621159420289855,1.4527536231884055,99.72648030551446
663567,Peter Lambert,FF,R,30.508474576271187,93.80925925925924,2304.4074074074074,-0.6353703703703704,1.4577777777777778,100.2326877100312
663567,Peter Lambert,SI,L,1.530612244897959,94.13333333333333,2232.0,-1.2,0.91,100.97876532224129
663567,Peter Lambert,SI,R,31.073446327683616,93.82363636363635,2263.163636363636,-1.290909090909091,0.9470909090909092,103.10015908987208
663567,Peter Lambert,SL,L,3.061224489795918,85.8,2617.6666666666665,0.3966666666666666,0.0983333333333333,101.12750047913067
663567,Peter Lambert,SL,R,5.084745762711864,85.45555555555556,2610.555555555556,0.4288888888888889,0.2055555555555555,101.58026907251651
663567,Peter Lambert,ST,R,19.774011299435028,83.02571428571429,2732.4857142857145,1.316,-0.1068571428571428,104.42043536266397
663567,Peter Lambert,SV,L,14.285714285714286,80.46428571428571,2509.178571428572,1.2514285714285711,-1.1103571428571428,101.94586246550544
663567,Peter Lambert,SV,R,1.1299435028248588,82.25,2516.5,1.295,-0.9,103.62248196004154
663574,Tony Santillan,FF,L,60.526315789473685,93.85652173913044,2350.217391304348,-0.8704347826086957,1.2193478260869566,99.6721526698519
663574,Tony Santillan,FF,R,51.282051282051285,94.205,2347.25,-0.8275,1.1960000000000002,99.34276740095576
663574,Tony Santillan,SL,L,25.0,84.32631578947368,1945.2631578947369,0.6421052631578947,0.191578947368421,91.55740493179756
663574,Tony Santillan,SL,R,35.8974358974359,84.97142857142856,1921.2142857142856,0.5192857142857142,0.1207142857142857,89.88323295118278
663574,Tony Santillan,SV,L,14.473684210526317,84.66363636363636,1944.8181818181815,0.8572727272727273,-0.32,93.69592245056172
663574,Tony Santillan,SV,R,12.82051282051282,84.92,1975.6,0.76,-0.3379999999999999,93.55404859193324
663623,Jake Irvin,CH,L,12.807881773399014,87.26923076923077,2158.538461538461,-1.445769230769231,0.2726923076923077,109.301647561612
663623,Jake Irvin,CH,R,1.1583011583011582,86.89999999999999,2152.333333333333,-1.3633333333333333,0.4866666666666666,108.4424957950114
663623,Jake Irvin,CU,L,23.64532019704433,77.48125,2612.75,1.367916666666667,-0.3239583333333333,99.1291360810102
663623,Jake Irvin,CU,R,15.83011583011583,78.03658536585365,2612.731707317073,1.2207317073170731,-0.2409756097560975,98.17951034837547
663623,Jake Irvin,FC,L,4.433497536945813,91.83333333333331,2256.1111111111118,-0.2611111111111111,0.9522222222222224,103.18180878218708
663623,Jake Irvin,FC,R,8.494208494208495,91.54545454545456,2273.954545454545,-0.2072727272727272,0.9245454545454546,102.48992330033204
663623,Jake Irvin,FF,L,40.39408866995074,93.77073170731708,2278.414634146341,-0.9232926829268292,1.1029268292682926,96.78419608703074
663623,Jake Irvin,FF,R,43.62934362934363,93.52477876106194,2282.380530973451,-0.8648672566371681,1.0902654867256638,95.6340059480215
663623,Jake Irvin,SI,L,12.807881773399014,92.07692307692308,2214.730769230769,-1.3726923076923077,0.5315384615384615,97.02788129289918
663623,Jake Irvin,SI,R,23.16602316602317,92.54333333333334,2204.4333333333334,-1.3616666666666668,0.5965,97.7177471924374
663623,Jake Irvin,ST,L,5.911330049261084,79.73333333333333,2533.6666666666665,1.2708333333333333,0.555,97.99035444624192
663623,Jake Irvin,ST,R,7.722007722007722,82.11,2512.7,0.756,0.481,94.52796972871012
663687,Hogan Harris,CH,R,1.6,81.5,2079.5,1.5499999999999998,0.6599999999999999,105.1359133700474
663687,Hogan Harris,CU,L,11.688311688311687,74.27777777777777,2627.6666666666665,-0.7844444444444445,-1.3455555555555554,97.36882102691432
663687,Hogan Harris,CU,R,33.6,74.11190476190475,2681.5,-0.6680952380952381,-1.394047619047619,97.85790368787742
663687,Hogan Harris,FC,L,2.5974025974025974,90.05,2300.0,-0.305,1.13,104.39773516807712
663687,Hogan Harris,FF,L,83.11688311688312,95.5046875,2387.875,0.80734375,1.54671875,107.63933102569824
663687,Hogan Harris,FF,R,64.8,95.38148148148149,2359.703703703704,0.8324691358024692,1.525925925925926,106.67777689466747
663687,Hogan Harris,SL,L,2.5974025974025974,84.95,2205.5,-0.21,1.095,103.75556091226558
663738,Daniel Lynch IV,CH,L,5.319148936170213,85.76,1401.8,0.988,0.2,91.10683525186846
663738,Daniel Lynch IV,CH,R,32.15547703180212,84.85604395604395,1410.4505494505495,1.0196703296703298,0.0618681318681318,90.40422503740804
663738,Daniel Lynch IV,FF,L,7.446808510638298,93.3,2126.714285714286,0.6785714285714286,1.258571428571429,92.39439954380912
663738,Daniel Lynch IV,FF,R,14.840989399293289,93.77380952380952,2207.4761904761904,0.763095238095238,1.2288095238095238,95.30143511357292
663738,Daniel Lynch IV,KC,L,1.0638297872340423,83.8,2290.0,-0.12,-0.13,88.71702531537511
663738,Daniel Lynch IV,KC,R,15.547703180212014,82.04318181818182,2229.2727272727275,-0.215,-0.0977272727272727,86.24024218595517
663738,Daniel Lynch IV,SI,L,51.06382978723404,93.27708333333334,2063.958333333333,1.34875,0.723125,96.25126704099912
663738,Daniel Lynch IV,SI,R,30.3886925795053,93.43023255813954,2081.9186046511627,1.3348837209302324,0.7515116279069767,96.92194525406347
663738,Daniel Lynch IV,SL,L,35.1063829787234,87.44545454545454,2299.939393939394,-0.1551515151515151,0.3409090909090909,97.27744321907932
663738,Daniel Lynch IV,SL,R,7.067137809187279,87.735,2283.35,-0.155,0.368,97.7556997832383
663765,Jake Woodford,FC,L,40.0,89.275,2204.5,-0.09,0.905,97.15284997925096
663765,Jake Woodford,FC,R,16.666666666666668,90.13333333333333,2291.333333333333,-0.2333333333333333,0.8533333333333334,99.78229173786764
663765,Jake Woodford,FF,R,11.11111111111111,92.95,2279.5,-0.6950000000000001,1.215,94.81995360310106
663765,Jake Woodford,FS,L,40.0,83.375,1048.5,-0.7675000000000001,-0.19,90.90545256732186
663765,Jake Woodford,FS,R,11.11111111111111,84.19999999999999,1147.0,-1.115,-0.155,97.41400504377964
663765,Jake Woodford,SI,L,10.0,92.0,1991.0,-1.5,0.51,93.7554299692094
663765,Jake Woodford,SI,R,61.11111111111112,92.37272727272727,2050.090909090909,-1.4990909090909093,0.4818181818181818,95.49656435402798
663765,Jake Woodford,ST,L,10.0,81.1,2569.0,1.38,0.04,100.19797432933066
663767,Chase Shugart,CH,L,26.86567164179105,89.15555555555555,1947.9444444444443,-1.3655555555555554,0.3805555555555555,108.00243017068588
663767,Chase Shugart,CH,R,1.7241379310344829,91.8,2051.0,-1.45,0.62,114.7204763381092
663767,Chase Shugart,FC,L,44.776119402985074,91.46666666666668,2467.5666666666666,0.0663333333333333,0.8093333333333333,104.16737041175412
663767,Chase Shugart,FC,R,32.758620689655174,91.2157894736842,2439.157894736842,0.1947368421052631,0.7110526315789474,102.02758322239018
663767,Chase Shugart,FF,L,2.985074626865672,95.55,2104.5,-0.745,1.295,96.56828792553245
663767,Chase Shugart,FF,R,3.4482758620689653,95.1,2177.0,-0.74,1.335,98.13357976932188
663767,Chase Shugart,SI,L,20.895522388059703,94.50714285714284,2131.5,-1.4157142857142857,0.7407142857142858,100.8724325160705
663767,Chase Shugart,SI,R,39.6551724137931,94.2,2153.6521739130435,-1.4056521739130434,0.9513043478260867,102.86898056195588
663767,Chase Shugart,ST,L,4.477611940298507,80.66666666666667,2659.6666666666665,1.4933333333333334,0.0,102.46538041657092
663767,Chase Shugart,ST,R,22.41379310344828,82.39230769230768,2722.923076923077,1.3784615384615386,0.1476923076923076,104.29575679622462
663776,Patrick Sandoval,CH,L,3.8461538461538463,83.6,1740.5,1.27,0.825,100.69040577910005
663776,Patrick Sandoval,CH,R,43.22766570605187,82.44066666666667,1672.6666666666667,1.2372,0.7792666666666667,97.73911568279374
663776,Patrick Sandoval,CU,R,4.034582132564841,75.56428571428572,2645.785714285714,-0.8535714285714285,-0.9671428571428572,96.4490551661202
663776,Patrick Sandoval,FF,L,29.807692307692307,92.96774193548389,2034.6774193548388,0.6606451612903226,1.397741935483871,91.8867039978131
663776,Patrick Sandoval,FF,R,34.293948126801155,93.14873949579832,2015.689075630252,0.6311764705882353,1.401596638655462,91.56840708669046
663776,Patrick Sandoval,SI,L,25.0,93.3423076923077,2043.9615384615383,1.156153846153846,1.1830769230769231,98.2352077554356
663776,Patrick Sandoval,SI,R,5.475504322766571,92.96842105263158,1988.1052631578948,1.1373684210526316,1.1452631578947368,95.6166470779318
663776,Patrick Sandoval,SL,L,25.96153846153846,85.64074074074075,2490.777777777778,-0.5977777777777779,0.3225925925925926,102.89238209673157
663776,Patrick Sandoval,SL,R,9.510086455331413,86.07575757575758,2458.151515151515,-0.6196969696969696,0.3806060606060606,103.64383219743672
663776,Patrick Sandoval,ST,L,15.384615384615383,80.1,2611.8125,-1.34625,0.29,99.54524563392047
663776,Patrick Sandoval,ST,R,3.4582132564841497,79.56666666666666,2604.1666666666665,-1.3416666666666668,0.1016666666666666,98.3516420587647
663795,Justin Hagenman,CH,L,33.75,85.30740740740741,1645.3333333333333,-1.401111111111111,-0.0155555555555555,99.687552272552
663795,Justin Hagenman,CH,R,5.769230769230769,85.36666666666667,1613.0,-1.39,-0.0966666666666666,99.23475792721769
663795,Justin Hagenman,FC,L,21.25,84.02352941176471,2293.8823529411766,0.1688235294117647,0.6311764705882353,87.23122652031725
663795,Justin Hagenman,FC,R,36.53846153846154,84.5421052631579,2305.2631578947367,0.1805263157894737,0.6652631578947369,88.79383822339616
663795,Justin Hagenman,FF,L,43.75,90.81714285714284,2082.6,-1.0788571428571427,1.1722857142857144,90.5052931064828
663795,Justin Hagenman,FF,R,38.46153846153846,91.025,2128.95,-1.1075,1.1789999999999998,92.34703654020406
663795,Justin Hagenman,SL,L,1.25,81.1,2208.0,0.6,0.06,90.79827336965752
663795,Justin Hagenman,SL,R,19.23076923076923,81.31,2405.4,0.501,-0.065,92.98795154096976
663855,Jordan Hicks,FF,L,43.47826086956522,99.13,2359.05,-0.835,1.2995,108.95164700174548
663855,Jordan Hicks,FF,R,32.5,99.37179487179488,2347.974358974359,-0.7994871794871795,1.2802564102564102,108.42555013772645
663855,Jordan Hicks,FS,L,10.869565217391305,93.1,1394.6,-1.128,0.392,110.796011106215
663855,Jordan Hicks,SI,L,28.26086956521739,99.43076923076924,2142.3076923076924,-1.3276923076923075,0.8484615384615386,107.62721633032976
663855,Jordan Hicks,SI,R,37.5,99.8,2154.7555555555555,-1.2784444444444445,0.8853333333333334,108.04844387058456
663855,Jordan Hicks,ST,L,17.391304347826086,85.3125,2282.875,0.8712500000000001,0.1025,94.80915433906809
663855,Jordan Hicks,ST,R,30.0,85.07222222222222,2288.1944444444443,0.8288888888888889,-0.1055555555555555,94.0626098231205
663878,Nate Pearson,CU,L,15.966386554621849,81.64736842105263,2670.894736842105,0.9536842105263158,-0.74,102.52673199373164
663878,Nate Pearson,CU,R,5.882352941176471,81.67999999999999,2626.4,0.782,-0.772,100.88407895040206
663878,Nate Pearson,FF,L,70.58823529411765,97.2202380952381,2287.940476190476,-0.6147619047619047,1.3620238095238095,103.4098942591296
