player_id,player_name,role,hand
434378,Justin Verlander,pitcher,R
445276,Kenley Jansen,pitcher,R
453286,Max Scherzer,pitcher,R
476594,Robert Stock,pitcher,R
489446,Kirby Yates,pitcher,R
500743,Miguel Rojas,batter,R
500779,Jose Quintana,pitcher,L
502054,Tommy Pham,batter,R
502671,Paul Goldschmidt,batter,R
514888,Jose Altuve,batter,R
518595,Travis d'Arnaud,batter,R
518692,Freddie Freeman,batter,L
518876,Merrill Kelly,pitcher,R
518886,Craig Kimbrel,pitcher,R
519242,Chris Sale,pitcher,L
521692,Salvador Perez,batter,R
527048,Martín Pérez,pitcher,L
529017,Alexander Cornielle,pitcher,R
542888,Shawn Armstrong,pitcher,R
543037,Gerrit Cole,pitcher,R
543135,Nathan Eovaldi,pitcher,R
543238,Anthony Gose,pitcher,L
543243,Sonny Gray,pitcher,R
543510,James McCann,batter,R
543760,Marcus Semien,batter,R
543807,George Springer,batter,R
543877,Christian Vázquez,batter,R
544150,Albert Suárez,pitcher,R
545121,Ildemaro Vargas,batter,L
545341,Randal Grichuk,batter,R
545361,Mike Trout,batter,R
547179,Michael Lorenzen,pitcher,R
547180,Bryce Harper,batter,L
547973,Aroldis Chapman,pitcher,L
548384,Brooks Raley,pitcher,L
552640,Andrew Kittredge,pitcher,R
553869,Elias Díaz,batter,R
553993,Eugenio Suárez,batter,R
554430,Zack Wheeler,pitcher,R
571448,Nolan Arenado,batter,R
571510,Matthew Boyd,pitcher,L
571657,Kyle Farmer,batter,R
571771,Enrique Hernández,both,R
571882,Derek Law,pitcher,R
571912,Luke Maile,batter,R
571927,Steven Matz,pitcher,L
571948,Hoby Milner,pitcher,L
571970,Max Muncy,batter,L
572233,Christian Walker,batter,R
572955,Pierce Johnson,pitcher,R
573009,Joe Mantiply,pitcher,L
573124,Taylor Rogers,pitcher,L
573204,Caleb Thielbar,pitcher,L
573262,Mike Yastrzemski,batter,L
575929,Willson Contreras,batter,R
579328,Yusei Kikuchi,pitcher,L
592094,Jason Adam,pitcher,R
592155,Cam Booser,pitcher,L
592332,Kevin Gausman,pitcher,R
592450,Aaron Judge,batter,R
592518,Manny Machado,batter,R
592626,Joc Pederson,batter,L
592662,Robbie Ray,pitcher,L
592663,J.T. Realmuto,batter,R
592773,Ryne Stanek,pitcher,R
592779,Brock Stewart,pitcher,R
592791,Jameson Taillon,pitcher,R
592866,Trevor Williams,pitcher,R
592885,Christian Yelich,batter,L
593428,Xander Bogaerts,batter,R
593958,Eduardo Rodriguez,pitcher,L
593974,Wandy Peralta,pitcher,L
594027,Tyron Guerrero,pitcher,R
594580,Sam Moll,pitcher,L
594798,Jacob deGrom,pitcher,R
595014,Blake Treinen,pitcher,R
595879,Javier Báez,batter,R
595978,Austin Hedges,both,R
596001,Jakob Junis,pitcher,R
596019,Francisco Lindor,batter,L
596115,Trevor Story,batter,R
596117,Garrett Stubbs,both,R
596133,Luke Weaver,pitcher,R
596142,Gary Sánchez,batter,R
596146,Max Kepler,batter,L
601713,Nick Pivetta,pitcher,R
602104,Ramón Urías,batter,R
605135,Chris Bassitt,pitcher,R
605137,Josh Bell,batter,L
605141,Mookie Betts,batter,R
605170,Victor Caratini,batter,L
605242,Michael Fulmer,pitcher,R
605280,Clay Holmes,pitcher,R
605353,Vimael Machín,batter,L
605400,Aaron Nola,pitcher,R
605447,Jordan Romano,pitcher,R
605483,Blake Snell,pitcher,L
605488,Jeffrey Springs,pitcher,L
606192,Teoscar Hernández,batter,R
606466,Ketel Marte,batter,L
606965,Chris Devenski,pitcher,R
606996,Kyle Hart,pitcher,L
607043,Brandon Nimmo,batter,L
607067,Colin Rea,pitcher,R
607074,Carlos Rodón,pitcher,L
607192,Tyler Glasnow,pitcher,R
607200,Erick Fedde,pitcher,R
607208,Trea Turner,batter,R
607259,Nick Martinez,pitcher,R
607536,Kyle Freeland,pitcher,L
607625,Seth Lugo,pitcher,R
608070,José Ramírez,batter,L
608324,Alex Bregman,batter,R
608331,Max Fried,pitcher,L
608348,Carson Kelly,batter,R
608369,Corey Seager,batter,L
608372,Tomoyuki Sugano,pitcher,R
608379,Michael Wacha,pitcher,R
608718,Brent Suter,pitcher,L
615698,Cal Quantrill,pitcher,R
620443,Luis Torrens,batter,R
621016,Jose Cuas,pitcher,R
621020,Dansby Swanson,batter,R
621053,Tyler Ferguson,pitcher,R
621074,Michael Rucker,pitcher,R
621097,Jacob Waguespack,pitcher,R
621111,Walker Buehler,pitcher,R
621112,Paul Blackburn,pitcher,R
621237,José Alvarado,pitcher,L
621242,Edwin Díaz,pitcher,R
621345,A.J. Minter,pitcher,L
621383,Tanner Banks,pitcher,L
621438,Tyrone Taylor,batter,R
621493,Taylor Ward,batter,R
621550,Patrick Wisdom,batter,R
621566,Matt Olson,batter,L
622088,Tejay Antone,pitcher,R
622268,Donovan Walton,batter,L
622491,Luis Castillo,pitcher,R
622554,Seranthony Domínguez,pitcher,R
622608,Antonio Senzatela,pitcher,R
622694,Elieser Hernández,pitcher,R
622761,Jorge Mateo,batter,R
623149,Paul Sewald,pitcher,R
623168,Tyler Heineman,batter,L
623211,Huascar Brazobán,pitcher,R
623352,Josh Hader,pitcher,L
623454,Drew Anderson,pitcher,R
623465,Evan Phillips,pitcher,R
623474,Jimmy Herget,pitcher,R
624133,Ranger Suarez,pitcher,L
624413,Pete Alonso,batter,R
624424,Michael Conforto,batter,L
624428,Adam Frazier,batter,L
624431,Jose Trevino,both,R
624641,Edmundo Sosa,batter,R
625643,Reynaldo López,pitcher,R
628452,Raisel Iglesias,pitcher,R
630105,Jake Cronenworth,batter,L
640448,Kyle Finnegan,pitcher,R
640455,Sean Manaea,pitcher,L
640459,Brian Navarreto,batter,R
640902,Jhonny Pereda,batter,R
641302,Tyler Alexander,pitcher,L
641329,Bryan Baker,pitcher,R
641343,Jake Bauers,batter,L
641355,Cody Bellinger,batter,L
641401,Connor Brogdon,pitcher,R
641487,J.P. Crawford,batter,L
641584,Jake Fraley,batter,L
641680,Jonah Heim,batter,R
641743,Anthony Kay,pitcher,L
641755,Tyler Kinley,pitcher,R
641778,Eric Lauer,pitcher,L
641816,Tyler Mahle,pitcher,R
641835,Tim Mayza,pitcher,L
641857,Ryan McMahon,batter,L
641927,Bailey Ober,pitcher,R
641941,Emilio Pagán,pitcher,R
642048,Tayler Saucedo,pitcher,L
642086,Dominic Smith,batter,L
642100,Gabe Speier,pitcher,L
642121,Cole Sulser,pitcher,R
642201,Eli White,batter,R
642207,Devin Williams,pitcher,R
642215,Weston Wilson,batter,R
642232,Ryan Yarbrough,pitcher,L
642350,Jose Siri,batter,R
642376,Jefry Yan,pitcher,L
642397,Gregory Soto,pitcher,L
642528,Jonathan Loáisiga,pitcher,R
642547,Freddy Peralta,pitcher,R
642585,Félix Bautista,pitcher,R
642701,Dennis Santana,pitcher,R
642708,Amed Rosario,batter,R
643217,Andrew Benintendi,batter,L
643289,Mauricio Dubón,batter,R
643376,Danny Jansen,batter,R
643377,Griffin Jax,pitcher,R
643396,Isiah Kiner-Falefa,batter,R
643446,Jeff McNeil,batter,L
643511,Tyler Rogers,pitcher,R
645261,Sandy Alcantara,pitcher,R
645277,Ozzie Albies,batter,L
645302,Victor Robles,batter,R
645305,Ali Sánchez,batter,R
646240,Rafael Devers,batter,L
647304,Josh Naylor,batter,L
647336,Michael Soroka,pitcher,R
650333,Luis Arraez,batter,L
650402,Gleyber Torres,batter,R
650490,Yandy Díaz,batter,R
650556,Bryan Abreu,pitcher,R
650559,Bryan De La Cruz,batter,R
650633,Michael King,pitcher,R
650644,Aaron Civale,pitcher,R
650911,Cristopher Sánchez,pitcher,L
650960,Daniel Duarte,pitcher,R
650968,Yohel Pozo,batter,R
655316,Andruw Monasterio,batter,R
655889,Manuel Rodríguez,pitcher,R
656240,Scott Blewett,pitcher,R
656271,Brock Burke,pitcher,L
656288,Griffin Canning,pitcher,R
656302,Dylan Cease,pitcher,R
656427,Jack Flaherty,pitcher,R
656464,Kevin Ginkel,pitcher,R
656492,Foster Griffin,pitcher,L
656529,Sam Hentges,pitcher,L
656537,Derek Hill,batter,R
656546,Jeff Hoffman,pitcher,R
656550,Grant Holmes,pitcher,R
656557,Tanner Houck,pitcher,R
656577,Alex Jackson,batter,R
656638,Alex Lange,pitcher,R
656641,Jacob Latz,pitcher,L
656716,Zach McKinstry,batter,L
656730,Trevor Megill,pitcher,R
656756,Jordan Montgomery,pitcher,L
656775,Cedric Mullins,batter,L
656794,Sean Newcomb,pitcher,L
656811,Ryan O'Hearn,batter,L
656848,Michael Petersen,pitcher,R
656849,David Peterson,pitcher,L
656876,Drew Rasmussen,pitcher,R
656941,Kyle Schwarber,batter,L
656945,Tanner Scott,pitcher,L
656976,Pavin Smith,batter,L
656986,Bennett Sousa,pitcher,L
657041,Lane Thomas,batter,R
657097,Jacob Webb,pitcher,R
657136,Connor Wong,batter,R
657277,Logan Webb,pitcher,R
657376,Clarke Schmidt,pitcher,R
657514,Brennan Bernardino,pitcher,L
657612,Tim Hill,pitcher,L
657675,Rudy Martin Jr.,batter,L
657746,Joe Ryan,pitcher,R
657757,Gavin Sheets,batter,L
660271,Shohei Ohtani,batter,L
660670,Ronald Acuña Jr.,batter,R
660688,Keibert Ruiz,batter,L
660761,José Suarez,pitcher,L
660787,Yerry De los Santos,pitcher,R
660821,Jesús Sánchez,batter,L
660825,Eduard Bazardo,pitcher,R
660844,Leo Rivas,batter,L
660853,Enyel De Los Santos,pitcher,R
661388,William Contreras,batter,R
661395,Jhoan Duran,pitcher,R
661531,Brian Serven,batter,R
661563,Luis Gil,pitcher,R
662139,Daulton Varsho,batter,L
662253,Andrés Muñoz,pitcher,R
663158,Robert Suarez,pitcher,R
663330,Jahmai Jones,batter,R
663362,Matt Waldron,pitcher,R
663372,Ryan Feltner,pitcher,R
663423,Trent Thornton,pitcher,R
663436,Davis Martin,pitcher,R
663457,Lars Nootbaar,batter,L
663460,Kris Bubic,pitcher,L
663494,Bryan Torres,batter,L
663538,Nico Hoerner,batter,R
663542,Bryan Hudson,pitcher,L
663554,Casey Mize,pitcher,R
663556,Shane McClanahan,pitcher,L
663558,Jovani Morán,pitcher,L
663559,Bailey Falter,pitcher,L
663567,Peter Lambert,pitcher,R
663574,Tony Santillan,pitcher,R
663586,Austin Riley,batter,R
663604,Brandon Lockridge,batter,R
663611,Nick Madrigal,batter,R
663616,Trevor Larnach,batter,L
663623,Jake Irvin,pitcher,R
663647,Ke'Bryan Hayes,batter,R
663656,Kyle Tucker,batter,L
663687,Hogan Harris,pitcher,L
663728,Cal Raleigh,batter,L
663738,Daniel Lynch IV,pitcher,L
663743,Nick Fortes,batter,R
663757,Trent Grisham,batter,L
663765,Jake Woodford,pitcher,R
663767,Chase Shugart,pitcher,R
663776,Patrick Sandoval,pitcher,L
663795,Justin Hagenman,pitcher,R
663855,Jordan Hicks,pitcher,R
663878,Nate Pearson,pitcher,R
663886,Tyler Stephenson,batter,R
663893,Brendon Little,pitcher,L
663903,Brady Singer,pitcher,R
663941,Tristan Beck,pitcher,R
663947,Tyler Holton,pitcher,L
663968,Jake Mangum,batter,L
663969,Tyler Phillips,pitcher,R
663992,Richard Lovelady,pitcher,L
663993,Nathaniel Lowe,batter,L
664023,Ian Happ,batter,L
664034,Ty France,batter,R
664040,Brandon Lowe,batter,L
664062,Tony Gonsolin,pitcher,R
664076,Garrett Cleavinger,pitcher,L
664126,Pete Fairbanks,pitcher,R
664129,Geoff Hartlieb,pitcher,R
664199,Taylor Clarke,pitcher,R
664285,Framber Valdez,pitcher,L
664299,Cristian Javier,pitcher,R
664353,José Urquidy,pitcher,R
664702,Myles Straw,batter,R
664728,Kyle Isbel,batter,L
664761,Alec Bohm,batter,R
664770,Nathan Lukes,batter,L
664774,LaMonte Wade Jr.,batter,L
664954,Brett Sullivan,batter,L
664983,Jake McCarthy,batter,L
664991,Grant Wolfram,pitcher,L
665019,Kody Clemens,batter,L
665052,Griffin Conine,batter,L
665152,Dean Kremer,pitcher,R
665161,Jeremy Peña,batter,R
665487,Fernando Tatis Jr.,batter,R
665489,Vladimir Guerrero Jr.,batter,R
665561,Rafael Marchán,batter,L
665622,Luis Medina,pitcher,R
665660,Elvis Alvarado,pitcher,R
665665,Reiver Sanmartin,pitcher,L
665742,Juan Soto,batter,L
665750,Leody Taveras,batter,L
665795,Edward Cabrera,pitcher,R
665804,Miguel Amaya,batter,R
665828,Oswaldo Cabrera,batter,R
665833,Oneil Cruz,batter,L
665862,Jazz Chisholm Jr.,batter,L
665871,Javier Assad,pitcher,R
665877,José Fermín,batter,R
665923,Esteury Ruiz,batter,R
665926,Andrés Giménez,batter,L
665953,Andrés Chaparro,batter,R
665966,Carlos Narváez,batter,R
666018,Jonathan Aranda,batter,L
666023,Freddy Fermin,batter,R
666126,Carlos Cortes,both,L
666129,Braxton Garrett,pitcher,L
666139,Josh Lowe,batter,L
666152,David Hamilton,batter,L
666157,Nick Lodolo,pitcher,L
666160,Mickey Moniak,batter,L
666171,Ryan Zeferjahn,pitcher,R
666176,Jo Adell,batter,R
666182,Bo Bichette,batter,R
666200,Jesús Luzardo,pitcher,L
666211,Taylor Trammell,batter,L
666277,George Soriano,pitcher,R
666310,Bo Naylor,batter,L
666624,Christopher Morel,batter,R
666661,Juan Morillo,pitcher,R
666745,Jhony Brito,pitcher,R
666808,Camilo Doval,pitcher,R
666971,Lourdes Gurriel Jr.,batter,R
666974,Yennier Cano,pitcher,R
667297,Tommy Nance,pitcher,R
667472,Dane Myers,batter,R
667652,Jack Ralston,pitcher,R
667755,José Soriano,pitcher,R
668227,Randy Arozarena,batter,R
668670,Jake Rogers,batter,R
668674,Lucas Erceg,pitcher,R
668678,Zac Gallen,pitcher,R
668709,JJ Bleday,batter,L
668723,Ryan Vilade,batter,R
668800,Andrew Knizner,batter,R
668804,Bryan Reynolds,batter,L
668820,Max Kranick,pitcher,R
668831,Garrett Stallings,pitcher,R
668834,Easton McGee,pitcher,R
668885,Austin Martin,batter,R
668901,Mark Vientos,batter,R
668904,Royce Lewis,batter,R
668909,Gavin Williams,pitcher,R
668930,Brice Turang,batter,L
668933,Graham Ashcraft,pitcher,R
668939,Adley Rutschman,batter,L
668941,JoJo Romero,pitcher,L
668942,Josh Rojas,batter,L
668952,Ryan Kreidler,batter,R
668964,Tobias Myers,pitcher,R
668970,Gavin Hollowell,pitcher,R
668984,Casey Legumina,pitcher,R
669003,Garrett Mitchell,batter,L
669016,Brandon Marsh,batter,L
669020,Ryan Rolison,pitcher,L
669022,MacKenzie Gore,pitcher,L
669060,Bryse Wilson,pitcher,R
669062,Erik Miller,pitcher,L
669065,Kyle Stowers,batter,L
669084,DL Hall,pitcher,L
669127,Shea Langeliers,batter,R
669134,Luis Campusano,batter,R
669160,Dustin May,pitcher,R
669165,Kyle Hurt,pitcher,R
669194,Ryne Nelson,pitcher,R
669199,Lake Bachar,pitcher,R
669203,Corbin Burnes,pitcher,R
669221,Sean Murphy,batter,R
669224,Austin Wells,batter,L
669236,Jeremiah Jackson,batter,R
669242,Tommy Edman,batter,L
669257,Will Smith,batter,R
669270,Joel Kuhnel,pitcher,R
669276,Dylan Lee,pitcher,L
669302,Logan Gilbert,pitcher,R
669310,CJ Van Eyk,pitcher,R
669326,Bryce Teodosio,batter,R
669330,Tyler Wells,pitcher,R
669357,Nolan Gorman,batter,L
669358,Shane Baz,pitcher,R
669364,Xavier Edwards,batter,L
669373,Tarik Skubal,pitcher,L
669387,Carmen Mlodzinski,pitcher,R
669392,Samad Taylor,batter,R
669394,Jake Burger,batter,R
669397,Nick Allen,batter,R
669432,Trevor Rogers,pitcher,L
669438,Mason Englert,pitcher,R
669461,Matthew Liberatore,pitcher,L
669467,Andre Pallante,pitcher,R
669620,Brady Basso,pitcher,L
669684,Chris Murphy,pitcher,L
669701,Josh Smith,batter,L
669704,Kade Strowd,pitcher,R
669707,Jared Triolo,batter,R
669711,Greg Weissert,pitcher,R
669713,Hayden Wesneski,pitcher,R
669720,Austin Hays,batter,R
669743,Alex Call,batter,R
669854,Ronel Blanco,pitcher,R
669923,George Kirby,pitcher,R
669947,Jesse Scholtens,pitcher,R
670032,Nicky Lopez,batter,L
670036,Matt Festa,pitcher,R
670059,Colin Holderman,pitcher,R
670062,Julian Garcia,pitcher,R
670103,Raymond Burgos,pitcher,L
670167,John Schreiber,pitcher,R
670183,Garrett Acton,pitcher,R
670231,John Rave,batter,L
670245,Ryan Watson,pitcher,R
670280,David Bednar,pitcher,R
670329,Rico Garcia,pitcher,R
670541,Yordan Alvarez,batter,L
670623,Isaac Paredes,batter,R
670764,Taylor Walls,batter,L
670770,TJ Friedl,batter,L
670950,Trevor Richards,pitcher,R
670970,Adrian Morejon,pitcher,L
670990,Yohan Ramírez,pitcher,R
671056,Iván Herrera,batter,R
671096,Andrew Abbott,pitcher,L
671106,Logan Allen,pitcher,L
671111,Sammy Peralta,pitcher,L
671162,Connor Thomas,pitcher,L
671218,Heliot Ramos,batter,R
671277,Luis García Jr.,batter,L
671345,Jason Foley,pitcher,R
671732,Lawrence Butler,batter,L
671737,Taj Bradley,pitcher,R
671739,Michael Harris II,batter,L
671922,Cade Smith,pitcher,R
671936,Adam Macko,pitcher,L
671976,Tristan Peters,batter,L
672016,Denzel Clarke,batter,R
672275,Patrick Bailey,batter,L
672282,Reid Detmers,pitcher,L
672335,Cionel Pérez,pitcher,L
672356,Gabriel Arias,batter,R
672386,Alejandro Kirk,batter,R
672442,Yovanny Cruz,pitcher,R
672456,Keider Montero,pitcher,R
672515,Gabriel Moreno,batter,R
672578,Carlos Hernández,pitcher,R
672580,Maikel Garcia,batter,R
672613,Eliezer Alfonzo,batter,L
672629,Gerardo Carrillo,pitcher,R
672640,Otto Lopez,batter,R
672695,Geraldo Perdomo,batter,L
672724,Oswald Peraza,batter,R
672782,Yoendrys Gómez,pitcher,R
672841,Carlos Vargas,pitcher,R
672960,Kazuma Okamoto,batter,R
673237,Yainer Diaz,batter,R
673357,Luis Robert Jr.,batter,R
673380,Dedniel Núñez,pitcher,R
673490,Ha-Seong Kim,batter,R
673513,Yuki Matsui,pitcher,L
673540,Kodai Senga,pitcher,R
673548,Seiya Suzuki,batter,R
673962,Josh Jung,batter,R
674003,Cody Bradford,pitcher,L
674073,Jack Weisenburger,pitcher,R
674444,Steven Cruz,pitcher,R
674841,Andrew Alvarez,pitcher,L
675512,Troy Melton,pitcher,R
675540,Xzavion Curry,pitcher,R
675660,Shane Drohan,pitcher,L
675848,Juan Mejia,pitcher,R
675920,Seth Lonsway,pitcher,L
675961,Alika Williams,batter,R
676083,Janson Junk,pitcher,R
676254,Ryan Walker,pitcher,R
676263,Jack Dreyer,pitcher,L
676272,Bobby Miller,pitcher,R
676282,Joey Cantillo,pitcher,L
676356,Jonny DeLuca,batter,R
676369,Nelson Velázquez,batter,R
676391,Ernie Clement,batter,R
676395,Robert Garcia,pitcher,L
676428,Brant Hurter,pitcher,L
676439,Hunter Feduccia,batter,L
676440,Tanner Bibee,pitcher,R
676454,Brendan Cellucci,pitcher,L
676467,Colton Gordon,pitcher,L
676475,Alec Burleson,batter,L
676477,Garrett Whitlock,pitcher,R
676480,José Barrero,batter,R
676510,Nolan Hoffman,pitcher,R
676534,Calvin Faucher,pitcher,R
676551,Brewer Hicklen,batter,R
676604,Tyler Zuber,pitcher,R
676609,José Caballero,batter,R
676617,Riley O'Brien,pitcher,R
676620,Blake Weiman,pitcher,L
676661,Max Lazar,pitcher,R
676724,Jared Young,batter,L
676742,Cam Sanders,pitcher,R
676755,Isaac Mattson,pitcher,R
676879,Aaron Ashby,pitcher,L
676914,Davis Schneider,batter,R
676917,Cade Cavalli,pitcher,R
677008,Heston Kjerstad,batter,L
677020,Josh Walker,pitcher,L
677347,Kyren Paris,batter,R
677587,Brayan Rocchio,batter,L
677588,José Tena,both,R
677594,Julio Rodríguez,batter,R
677595,Ronny Mauricio,batter,L
677649,Ezequiel Duran,batter,R
677800,Wilyer Abreu,batter,L
677865,Justin Bruihl,pitcher,L
677942,Blaze Alexander,batter,R
677943,Will Banfield,batter,R
677944,Slade Cecconi,pitcher,R
677951,Bobby Witt Jr.,batter,R
677952,Braxton Ashcraft,pitcher,R
677955,Jaden Hill,pitcher,R
677956,Rece Hinds,batter,R
677958,Kumar Rocker,pitcher,R
677976,Randy Dobnak,pitcher,R
678011,Anthony Seigler,batter,L
678020,Seth Halvorsen,pitcher,R
678022,Jack Perkins,pitcher,R
678061,Ray Kerr,pitcher,L
678218,Brandon Valenzuela,batter,L
678246,Miguel Vargas,batter,R
678391,Jorbit Vivas,batter,L
678394,Brayan Bello,pitcher,R
678489,Jorge Barrosa,batter,L
678545,Osleivis Basabe,batter,R
678606,José A. Ferrer,pitcher,L
678662,Ezequiel Tovar,batter,R
678868,Eddy Yean,pitcher,R
678882,Ceddanne Rafaela,batter,R
678906,Kai-Wei Teng,pitcher,R
679529,Spencer Torkelson,batter,R
679822,Justin Foscue,batter,R
679845,Nick Loftin,batter,R
679885,Justin Martinez,pitcher,R
680570,Grayson Rodriguez,pitcher,R
680574,Matt McLain,batter,R
680577,DaShawn Keirsey Jr.,batter,L
680604,Blas Castaño,pitcher,R
680664,Eduardo Valencia,batter,R
680686,Josiah Gray,pitcher,R
680694,Kyle Bradish,pitcher,R
680700,Richie Palacios,batter,L
680723,Drew Rom,pitcher,L
680728,Adrian Del Castillo,batter,L
680732,Sean Burke,pitcher,R
680736,Justin Wrobleski,pitcher,L
680742,Jonathan Bowlan,pitcher,R
680744,Ty Madden,pitcher,R
680755,Braydon Fisher,pitcher,R
680757,Steven Kwan,batter,L
680767,Victor Vodnik,pitcher,R
680776,Jarren Duran,batter,L
680777,Ryan Jeffers,batter,R
680779,Henry Davis,batter,R
680869,Zack Gelof,batter,R
680880,Grant Holman,pitcher,R
680899,Erik Tolman,pitcher,L
680916,Franco Aleman,pitcher,R
681035,Christian Scott,pitcher,R
681047,Christian Franklin,batter,R
681082,Bryson Stott,batter,L
681190,Randy Vásquez,pitcher,R
681198,TJ Rumfield,batter,L
681217,Chase Silseth,pitcher,R
681230,BJ Murray Jr.,batter,R
681293,Spencer Arrighetti,pitcher,R
681297,Colton Cowser,batter,L
681320,Nate Lavender,pitcher,L
681351,Logan O'Hoppe,batter,R
681393,Connor Norby,batter,R
681402,Gus Varland,pitcher,R
681508,Mickey Gasper,batter,L
681517,Kyle Leahy,pitcher,R
681544,Wyatt Olds,pitcher,R
681624,Andy Pages,batter,R
681676,Ryan Fernandez,pitcher,R
681715,Heriberto Hernández,batter,R
681807,David Fry,batter,R
681810,Austin Warren,pitcher,R
681867,Cooper Criswell,pitcher,R
681870,Erik Sabrowski,pitcher,L
681892,Kody Funderburk,pitcher,L
681895,Evan Sisk,pitcher,L
681911,Alex Vesia,pitcher,L
681916,Dylan Smith,pitcher,R
681973,Josh Hendrickson,pitcher,L
681982,Grant Anderson,pitcher,R
681987,Nate Eaton,batter,R
682052,Jacob Lopez,pitcher,L
682120,Tim Herrin,pitcher,L
682177,Daniel Schneemann,batter,L
682227,Brandon Williamson,pitcher,L
682243,Bryce Miller,pitcher,R
682254,Mason Montgomery,pitcher,L
682274,Yaramil Hiraldo,pitcher,R
682608,Peyton Gray,pitcher,R
682626,Francisco Alvarez,batter,R
682657,Angel Martínez,batter,L
682663,Agustín Ramírez,batter,R
682668,Luisangel Acuña,batter,R
682674,Victor Bericoto,batter,R
682825,Luis Mey,pitcher,R
682829,Elly De La Cruz,batter,L
682842,Abner Uribe,pitcher,R
682877,Juan Brito,batter,L
682927,Ronny Simon,batter,L
682928,CJ Abrams,batter,L
682982,Daniel Espino,pitcher,R
682985,Riley Greene,batter,L
682987,Spencer Jones,batter,L
682989,Victor Mederos,pitcher,R
682998,Corbin Carroll,batter,L
683000,Riley Cornelio,pitcher,R
683002,Gunnar Henderson,batter,L
683003,Jared Jones,pitcher,R
683011,Anthony Volpe,batter,R
683021,Michael Stefanic,batter,R
683083,Nasim Nuñez,batter,L
683090,Matthew Lugo,batter,R
683146,Brett Baty,batter,L
683155,Joey Estes,pitcher,R
683175,Connor Phillips,pitcher,R
683227,Cody Freeman,batter,R
683357,Owen Caissie,batter,L
683363,Matt Wilkinson,pitcher,L
683618,Edgardo Henriquez,pitcher,R
683627,Anthony Molina,pitcher,R
683734,Andrew Vaughn,batter,R
683737,Michael Busch,batter,L
683748,Victor Mesa Jr.,batter,L
683766,Christian Koss,batter,R
683769,Hunter Gaddis,pitcher,R
683953,Travis Bazzana,batter,L
684007,Shota Imanaga,pitcher,L
684516,Hancel Rincon,pitcher,R
684665,Luke Murphy,pitcher,R
684974,Craig Yoho,pitcher,R
685112,Zach McCambley,pitcher,R
685126,Brandon Eisert,pitcher,L
685133,Wade Meckler,batter,L
685299,Tanner Gordon,pitcher,R
685464,Cade Winquest,pitcher,R
686217,Sal Frelick,batter,L
686218,Emmet Sheehan,pitcher,R
686469,Vinnie Pasquantino,batter,L
686475,Tyler Tolbert,batter,R
686527,Dominic Canzone,batter,L
686555,Isaac Collins,batter,L
686560,Gavin Collyer,pitcher,R
686611,Dylan Crews,batter,R
686613,Hunter Brown,pitcher,R
686628,Blake Burkhalter,pitcher,R
686668,Brenton Doyle,batter,R
686681,Michael Massey,batter,L
686730,Carson Spiers,pitcher,R
686751,Seth Johnson,pitcher,R
686765,Nick Sogard,batter,L
686780,Pedro Pagés,batter,R
686796,Blake Walston,pitcher,L
686797,Brooks Lee,batter,L
686930,Mason Barnett,pitcher,R
686934,Alex McFarlane,pitcher,R
686948,Drake Baldwin,batter,L
686973,Louis Varland,pitcher,R
687064,Brandon Young,pitcher,R
687075,Brandon Sproat,pitcher,R
687093,Vaughn Grissom,batter,R
687134,Bradley Blalock,pitcher,R
687221,Dalton Rushing,batter,L
687231,Darell Hernaiz,batter,R
687239,Ben Peoples,pitcher,R
687263,Zach Neto,batter,R
687273,Quinn Mathews,pitcher,L
687309,Cooper Hjerpe,pitcher,L
687312,Gabriel Hughes,pitcher,R
687330,Kevin Kelly,pitcher,R
687363,Victor Scott II,batter,L
687377,Orlando Ribalta,pitcher,R
687396,Brent Headrick,pitcher,L
687401,Joey Ortiz,batter,R
687462,Spencer Horwitz,batter,L
687473,Ryan Gusto,pitcher,R
687529,Grant McCray,batter,L
687551,Drew Gilbert,batter,L
687562,Jake Bennett,pitcher,L
687570,Connor Prielipp,pitcher,L
687597,Jordan Beck,batter,R
687605,Andrew Pinckney,batter,R
687637,Dylan Beavers,batter,L
687749,Jase Bowen,batter,R
687792,DJ Herz,pitcher,L
687849,Zak Kent,pitcher,R
687859,Troy Johnston,batter,L
687911,Bryan King,pitcher,L
687924,Julian Aguiar,pitcher,R
687941,Alec Gamboa,pitcher,L
687952,Christian Encarnacion-Strand,batter,R
687957,Dustin Harris,batter,L
688107,Robert Gasser,pitcher,L
688158,David Morgan,pitcher,R
688297,Chris Roycroft,pitcher,R
688363,Graham Pauley,batter,L
688642,Zach Agnos,pitcher,R
688692,Jared Simpson,pitcher,L
689017,Landon Knack,pitcher,R
689147,Orion Kerkering,pitcher,R
689149,Chad Dallas,pitcher,R
689225,Beau Brieske,pitcher,R
689254,Mason Fluharty,pitcher,L
689266,Dylan Dodd,pitcher,L
689296,Anthony Nunez,pitcher,R
689414,Liam Hicks,batter,L
689818,David Sandlin,pitcher,R
689981,River Ryan,pitcher,R
690022,Ryan Ritter,batter,R
690279,Mason Adams,pitcher,R
690291,Jace Jung,batter,L
690440,Bradley Hanner,pitcher,R
690829,Ben Joyce,pitcher,R
690924,Braxton Fulford,batter,R
690925,Clayton Beeter,pitcher,R
690976,Alex Freeland,batter,L
690978,Dax Fulton,pitcher,L
690984,Petey Halpin,batter,L
690986,Kyle Harrison,pitcher,L
690993,Colt Keith,batter,L
690997,Nolan McLean,pitcher,R
691002,Yohandy Morales,batter,R
691011,Drew Romo,batter,L
691019,Kyle Teel,batter,L
691023,Jordan Walker,batter,R
691026,Masyn Winn,batter,R
691176,Jasson Domínguez,batter,L
691181,Emmanuel Rodriguez,batter,L
691182,Adael Amador,batter,L
691277,Deyvison De Los Santos,batter,R
691384,Luis Perales,pitcher,R
691406,Junior Caminero,batter,R
691587,Eury Pérez,pitcher,R
691594,Javier Sanoja,batter,R
691718,Pete Crow-Armstrong,batter,L
691720,Kyle Karros,batter,R
691723,Coby Mayo,batter,R
691725,Andrew Painter,pitcher,R
691728,Zac Veen,batter,L
691769,Philip Abner,pitcher,L
691777,Max Muncy,batter,R
691781,Brady House,batter,R
691783,Jordan Lawlar,batter,R
691785,Marcelo Mayer,batter,L
691788,Joe Mack,batter,L
691799,Grant Taylor,pitcher,R
691858,Jared Serna,batter,R
692064,José Rodríguez,pitcher,R
693304,Nick Gonzales,batter,R
693306,Aaron Sabato,batter,R
693307,Dillon Dingler,batter,R
693308,Nick Frasso,pitcher,R
693313,Carson Seymour,pitcher,R
693409,César Prieto,batter,L
693433,Bryan Woo,pitcher,R
693645,Cam Schlittler,pitcher,R
693686,Spencer Miles,pitcher,R
693855,Ian Seymour,pitcher,L
694037,Daniel Palencia,pitcher,R
694192,Jackson Chourio,batter,R
694197,Angel Genao,batter,L
694203,Denzer Guzman,batter,R
694208,Moisés Ballesteros,batter,L
694212,Samuel Basallo,batter,L
694224,Gabriel Gonzalez,batter,R
694249,Cole Carrigg,batter,L
694297,Brandon Pfaadt,pitcher,R
694341,Brendan Beck,pitcher,R
694346,Trey Gibson,pitcher,R
694357,Ricky Tiedemann,pitcher,L
694371,Tommy Troy,batter,R
694374,Tim Tawa,batter,R
694376,Shay Whitcomb,batter,R
694377,Nick Yorke,batter,R
694378,Jacob Gonzalez,batter,L
694388,Joey Loperfido,batter,L
694477,Chad Patrick,pitcher,R
694494,Ty Johnson,pitcher,R
694497,Evan Carter,batter,L
694671,Wyatt Langford,batter,R
694673,Abimelec Ortiz,batter,L
694680,Trevor Martin,pitcher,R
694728,Brice Matthews,batter,R
694738,Landen Roupp,pitcher,R
694753,Khristian Curtis,pitcher,R
694795,Josh Ekness,pitcher,R
694819,Jacob Misiorowski,pitcher,R
694820,Braxton Roxby,pitcher,R
694918,Blade Tidwell,pitcher,R
694973,Paul Skenes,pitcher,R
695034,Kade Morris,pitcher,R
695076,Rhett Lowder,pitcher,R
695239,Robby Ahlstrom,pitcher,L
695243,Mason Miller,pitcher,R
695257,Billy Cook,batter,R
695336,Thomas Saggese,batter,R
695378,Jack Sinclair,pitcher,R
695380,Alex Hoppe,pitcher,R
695391,Brett Harris,batter,R
695418,Brad Lord,pitcher,R
695445,Chase Lee,pitcher,R
695490,Edwin Arroyo,batter,L
695491,Joshua Báez,batter,R
695505,Chase Burns,pitcher,R
695506,Jac Caglianone,batter,L
695549,Jackson Jobe,pitcher,R
695578,James Wood,batter,L
695600,Carter Jensen,batter,L
695611,Gage Jump,pitcher,L
695657,Colson Montgomery,batter,L
695670,Harry Ford,batter,R
695681,Christian Moore,batter,R
695720,Tommy White,batter,R
695731,Braden Montgomery,batter,L
695734,Daylen Lile,batter,L
696030,Alejandro Osuna,batter,L
696062,Wilber Dotel,pitcher,R
696100,Hunter Goodman,batter,R
696146,Hagen Smith,pitcher,L
696147,Sam Bachman,pitcher,R
696149,Bubba Chandler,pitcher,R
696270,Ryan Johnson,pitcher,R
696285,Jacob Young,batter,R
696519,Samy Natera Jr.,pitcher,L
697811,Dylan Ross,pitcher,R
697812,Joe Rock,pitcher,L
699008,Antwone Kelly,pitcher,R
699013,Esmerlyn Valdez,batter,R
699024,Leo Bernal,batter,L
699044,Miguel Ullola,pitcher,R
699115,Carlos Jorge,batter,L
699134,Bradgley Rodriguez,pitcher,R
699151,Jedixson Paez,pitcher,R
699302,Héctor Rodríguez,batter,L
699393,Pedro Ramírez,batter,L
699823,Tyler Davis,pitcher,R
699912,Jose Fernandez,batter,R
700187,Troy Taylor,pitcher,R
700241,Michael McGreevy,pitcher,R
700249,Cade Povich,pitcher,L
700250,Ben Rice,batter,L
700270,Yilber Díaz,pitcher,R
700337,Edgar Quero,batter,R
700363,AJ Smith-Shawver,pitcher,R
700652,Kenny Piper,batter,R
700669,Gordon Graceffo,pitcher,R
700712,Walbert Ureña,pitcher,R
701121,Logan VanWey,pitcher,R
701162,Ben Malgeri,batter,R
701350,Roman Anthony,batter,L
701358,Cam Smith,batter,R
701398,Sal Stewart,batter,R
701474,Duncan Davitt,pitcher,R
701519,Travis Adams,pitcher,R
701538,Jackson Merrill,batter,L
701542,Will Warren,pitcher,R
701656,Logan Henderson,pitcher,R
701675,Nathan Church,batter,L
701678,Hao-Yu Lee,batter,R
701785,Kaelen Culpepper,batter,R
701807,Carson Benge,batter,L
701852,Drew Cavanaugh,batter,L
702021,Will Dion,pitcher,L
702047,Alex Cook,pitcher,R
702056,Trey Yesavage,pitcher,R
702070,Noah Cameron,pitcher,L
702176,Alan Roden,batter,L
702193,Andrew Morris,pitcher,R
702222,Justin Crawford,batter,L
702273,Noah Schultz,pitcher,L
702275,JR Ritchie,pitcher,R
702284,Cole Young,batter,L
702332,Caleb Durbin,batter,R
702352,Spencer Bivens,pitcher,R
702566,Owen Murphy,pitcher,R
702616,Jackson Holliday,batter,L
702752,Jonathan Pintaro,pitcher,R
702885,Cesar Perdomo,pitcher,L
703155,Lazaro Montes,batter,L
703197,Michael Arroyo,batter,R
703492,Nick Morabito,batter,R
703520,Brett Bateman,batter,L
703601,Max Clark,batter,L
703607,Henry Bolte,batter,R
703615,Jose Cabrera,pitcher,R
703725,Luis Gastelum,pitcher,R
800048,Parker Messick,pitcher,L
800050,Chase DeLauter,batter,L
800311,Didier Fuentes,pitcher,R
800325,Luis Lara,batter,L
800543,Josue De Paula,batter,L
800600,Jackson Kent,pitcher,L
801126,Brock Rodden,batter,L
801139,Payton Tolle,pitcher,L
801501,Nate Furman,batter,L
801725,Luis De León,pitcher,L
802139,JJ Wetherholt,batter,L
802408,Brycen Mautz,pitcher,L
802415,Chandler Simpson,batter,L
803011,Sam Antonacci,batter,L
804267,Zac Thornton,pitcher,L
804606,Konnor Griffin,batter,R
804619,John Klein,pitcher,R
804636,Jonah Tong,pitcher,R
804668,Rafael Flores Jr.,batter,R
804926,Austin Peterson,pitcher,R
805074,Yunior Marte,pitcher,R
805123,AJ Blubaugh,pitcher,R
805299,Brandyn Garcia,pitcher,L
805300,Jakob Marsee,batter,L
805326,Tyler Schweitzer,pitcher,L
805345,Trent Harris,pitcher,R
805346,Ben Ross,batter,R
805367,Chase Meidroth,batter,R
805427,Drew Sommers,pitcher,L
805673,Zebby Matthews,pitcher,R
805805,Walker Jenkins,batter,L
805808,Kevin McGonigle,batter,L
805811,Bryce Eldridge,batter,L
805999,A.J. Ewing,batter,L
806146,George Lombard Jr.,batter,R
806188,Cade Gibson,pitcher,L
806198,Cooper Pratt,batter,R
806367,Turner Hill,batter,L
806956,Ethan Salas,batter,L
807712,Luke Keaschall,batter,R
807713,Matt Shaw,batter,R
807726,John Peck,batter,R
807727,Charles McAdoo,batter,R
807739,Kade Anderson,pitcher,L
808825,Andrew Sears,pitcher,L
808959,Munetaka Murakami,batter,L
808963,Roki Sasaki,pitcher,R
808967,Yoshinobu Yamamoto,pitcher,R
808982,Jung Hoo Lee,batter,L
810938,Ben Williamson,batter,R
811315,Brody Hopkins,pitcher,R
811965,Joshua Kuroda-Grauer,batter,R
813349,Connelly Early,pitcher,L
813841,Jonah Cox,batter,R
814154,Scott Bandura,batter,L
814305,Yunior Tur,pitcher,R
814430,Brett Callahan,batter,L
814439,Ryan Waldschmidt,batter,R
814490,Ethan Pecko,pitcher,R
815081,Mark Manfredi,pitcher,L
815083,Mitch Farris,pitcher,L
815589,Bo Davidson,batter,L
815873,Sean Keys,batter,L
820862,José Fermin,pitcher,R
823550,Sung-Mun Song,batter,L
828599,Lucas Spence,batter,L
837227,Tatsuya Imai,pitcher,R
