pitcher_id,pitcher_name,zone,pitch_pct
434378,Justin Verlander,1,11.627906976744184
434378,Justin Verlander,2,6.976744186046512
434378,Justin Verlander,3,11.627906976744184
434378,Justin Verlander,4,13.953488372093023
434378,Justin Verlander,5,16.27906976744186
434378,Justin Verlander,6,6.976744186046512
434378,Justin Verlander,7,4.651162790697675
434378,Justin Verlander,8,18.6046511627907
434378,Justin Verlander,9,9.30232558139535
445276,Kenley Jansen,1,9.090909090909092
445276,Kenley Jansen,2,18.181818181818183
445276,Kenley Jansen,3,6.0606060606060606
445276,Kenley Jansen,4,7.575757575757576
445276,Kenley Jansen,5,22.727272727272727
445276,Kenley Jansen,6,4.545454545454546
445276,Kenley Jansen,7,12.12121212121212
445276,Kenley Jansen,8,9.090909090909092
445276,Kenley Jansen,9,10.606060606060606
453286,Max Scherzer,1,5.164319248826291
453286,Max Scherzer,2,12.67605633802817
453286,Max Scherzer,3,9.859154929577464
453286,Max Scherzer,4,12.206572769953052
453286,Max Scherzer,5,16.901408450704224
453286,Max Scherzer,6,10.7981220657277
453286,Max Scherzer,7,8.92018779342723
453286,Max Scherzer,8,12.206572769953052
453286,Max Scherzer,9,11.267605633802816
476594,Robert Stock,1,6.976744186046512
476594,Robert Stock,2,4.651162790697675
476594,Robert Stock,3,2.3255813953488373
476594,Robert Stock,4,16.27906976744186
476594,Robert Stock,5,20.930232558139537
476594,Robert Stock,6,2.3255813953488373
476594,Robert Stock,7,6.976744186046512
476594,Robert Stock,8,11.627906976744184
476594,Robert Stock,9,27.906976744186046
489446,Kirby Yates,1,10.526315789473683
489446,Kirby Yates,2,15.789473684210526
489446,Kirby Yates,3,5.2631578947368425
489446,Kirby Yates,4,26.31578947368421
489446,Kirby Yates,5,10.526315789473683
489446,Kirby Yates,6,15.789473684210526
489446,Kirby Yates,7,10.526315789473683
489446,Kirby Yates,9,5.2631578947368425
500779,Jose Quintana,1,1.5625
500779,Jose Quintana,2,15.625
500779,Jose Quintana,3,14.0625
500779,Jose Quintana,4,9.375
500779,Jose Quintana,5,14.0625
500779,Jose Quintana,6,12.5
500779,Jose Quintana,7,14.0625
500779,Jose Quintana,8,12.5
500779,Jose Quintana,9,6.25
518876,Merrill Kelly,1,7.84313725490196
518876,Merrill Kelly,2,5.882352941176471
518876,Merrill Kelly,3,7.84313725490196
518876,Merrill Kelly,4,13.72549019607843
518876,Merrill Kelly,5,13.0718954248366
518876,Merrill Kelly,6,11.11111111111111
518876,Merrill Kelly,7,18.30065359477124
518876,Merrill Kelly,8,12.418300653594772
518876,Merrill Kelly,9,9.803921568627452
518886,Craig Kimbrel,1,11.320754716981131
518886,Craig Kimbrel,2,5.660377358490566
518886,Craig Kimbrel,3,15.09433962264151
518886,Craig Kimbrel,4,13.20754716981132
518886,Craig Kimbrel,5,9.433962264150944
518886,Craig Kimbrel,6,20.75471698113208
518886,Craig Kimbrel,7,3.7735849056603774
518886,Craig Kimbrel,8,11.320754716981131
518886,Craig Kimbrel,9,9.433962264150944
519242,Chris Sale,1,4.794520547945205
519242,Chris Sale,2,14.383561643835616
519242,Chris Sale,3,7.534246575342466
519242,Chris Sale,4,10.95890410958904
519242,Chris Sale,5,22.6027397260274
519242,Chris Sale,6,13.013698630136986
519242,Chris Sale,7,6.164383561643835
519242,Chris Sale,8,14.383561643835616
519242,Chris Sale,9,6.164383561643835
527048,Martín Pérez,1,4.72972972972973
527048,Martín Pérez,2,4.054054054054054
527048,Martín Pérez,3,6.081081081081081
527048,Martín Pérez,4,8.108108108108109
527048,Martín Pérez,5,8.783783783783784
527048,Martín Pérez,6,16.89189189189189
527048,Martín Pérez,7,9.45945945945946
527048,Martín Pérez,8,17.56756756756757
527048,Martín Pérez,9,24.324324324324323
529017,Alexander Cornielle,2,25.0
529017,Alexander Cornielle,3,6.25
529017,Alexander Cornielle,5,18.75
529017,Alexander Cornielle,6,31.25
529017,Alexander Cornielle,8,6.25
529017,Alexander Cornielle,9,12.5
542888,Shawn Armstrong,1,11.764705882352942
542888,Shawn Armstrong,2,11.764705882352942
542888,Shawn Armstrong,3,5.882352941176471
542888,Shawn Armstrong,4,35.294117647058826
542888,Shawn Armstrong,5,23.529411764705884
542888,Shawn Armstrong,9,11.764705882352942
543037,Gerrit Cole,1,10.176991150442475
543037,Gerrit Cole,2,13.27433628318584
543037,Gerrit Cole,3,8.4070796460177
543037,Gerrit Cole,4,7.079646017699115
543037,Gerrit Cole,5,16.371681415929203
543037,Gerrit Cole,6,12.831858407079649
543037,Gerrit Cole,7,4.867256637168142
543037,Gerrit Cole,8,15.04424778761062
543037,Gerrit Cole,9,11.946902654867255
543135,Nathan Eovaldi,1,9.523809523809524
543135,Nathan Eovaldi,2,4.761904761904762
543135,Nathan Eovaldi,3,4.761904761904762
543135,Nathan Eovaldi,4,7.619047619047619
543135,Nathan Eovaldi,5,12.38095238095238
543135,Nathan Eovaldi,6,9.523809523809524
543135,Nathan Eovaldi,7,13.333333333333334
543135,Nathan Eovaldi,8,25.714285714285715
543135,Nathan Eovaldi,9,12.38095238095238
543238,Anthony Gose,1,8.108108108108109
543238,Anthony Gose,2,18.91891891891892
543238,Anthony Gose,3,8.108108108108109
543238,Anthony Gose,4,18.91891891891892
543238,Anthony Gose,5,9.45945945945946
543238,Anthony Gose,6,2.702702702702702
543238,Anthony Gose,7,16.216216216216218
543238,Anthony Gose,8,14.864864864864863
543238,Anthony Gose,9,2.702702702702702
543243,Sonny Gray,1,9.392265193370166
543243,Sonny Gray,2,11.60220994475138
543243,Sonny Gray,3,5.524861878453039
543243,Sonny Gray,4,11.60220994475138
543243,Sonny Gray,5,12.154696132596683
543243,Sonny Gray,6,11.60220994475138
543243,Sonny Gray,7,6.077348066298343
543243,Sonny Gray,8,16.574585635359117
543243,Sonny Gray,9,15.469613259668508
544150,Albert Suárez,1,3.508771929824561
544150,Albert Suárez,2,21.05263157894737
544150,Albert Suárez,3,8.771929824561404
544150,Albert Suárez,4,10.526315789473683
544150,Albert Suárez,5,17.54385964912281
544150,Albert Suárez,6,12.280701754385966
544150,Albert Suárez,7,7.017543859649122
544150,Albert Suárez,8,10.526315789473683
544150,Albert Suárez,9,8.771929824561404
547179,Michael Lorenzen,1,13.636363636363637
547179,Michael Lorenzen,2,13.636363636363637
547179,Michael Lorenzen,3,5.681818181818182
547179,Michael Lorenzen,4,10.227272727272728
547179,Michael Lorenzen,5,12.5
547179,Michael Lorenzen,6,13.636363636363637
547179,Michael Lorenzen,7,2.272727272727273
547179,Michael Lorenzen,8,15.909090909090908
547179,Michael Lorenzen,9,12.5
547973,Aroldis Chapman,1,5.714285714285714
547973,Aroldis Chapman,2,5.714285714285714
547973,Aroldis Chapman,3,5.714285714285714
547973,Aroldis Chapman,4,14.285714285714286
547973,Aroldis Chapman,5,11.428571428571429
547973,Aroldis Chapman,6,17.142857142857142
547973,Aroldis Chapman,7,8.571428571428571
547973,Aroldis Chapman,8,22.857142857142858
547973,Aroldis Chapman,9,8.571428571428571
548384,Brooks Raley,1,11.363636363636363
548384,Brooks Raley,2,15.909090909090908
548384,Brooks Raley,3,2.272727272727273
548384,Brooks Raley,4,22.727272727272727
548384,Brooks Raley,5,11.363636363636363
548384,Brooks Raley,6,13.636363636363637
548384,Brooks Raley,7,18.181818181818183
548384,Brooks Raley,8,2.272727272727273
548384,Brooks Raley,9,2.272727272727273
552640,Andrew Kittredge,1,2.702702702702702
552640,Andrew Kittredge,2,8.108108108108109
552640,Andrew Kittredge,4,21.62162162162162
552640,Andrew Kittredge,5,16.216216216216218
552640,Andrew Kittredge,6,2.702702702702702
552640,Andrew Kittredge,7,21.62162162162162
552640,Andrew Kittredge,8,18.91891891891892
552640,Andrew Kittredge,9,8.108108108108109
554430,Zack Wheeler,1,9.803921568627452
554430,Zack Wheeler,2,10.784313725490197
554430,Zack Wheeler,3,14.215686274509803
554430,Zack Wheeler,4,11.27450980392157
554430,Zack Wheeler,5,13.235294117647058
554430,Zack Wheeler,6,11.27450980392157
554430,Zack Wheeler,7,11.764705882352942
554430,Zack Wheeler,8,9.31372549019608
554430,Zack Wheeler,9,8.333333333333334
571510,Matthew Boyd,1,7.373271889400922
571510,Matthew Boyd,2,11.059907834101384
571510,Matthew Boyd,3,9.216589861751151
571510,Matthew Boyd,4,7.834101382488479
571510,Matthew Boyd,5,14.746543778801843
571510,Matthew Boyd,6,19.35483870967742
571510,Matthew Boyd,7,9.216589861751151
571510,Matthew Boyd,8,13.36405529953917
571510,Matthew Boyd,9,7.834101382488479
571771,Enrique Hernández,2,100.0
571882,Derek Law,1,6.818181818181818
571882,Derek Law,2,15.909090909090908
571882,Derek Law,3,15.909090909090908
571882,Derek Law,4,6.818181818181818
571882,Derek Law,5,9.090909090909092
571882,Derek Law,6,9.090909090909092
571882,Derek Law,7,4.545454545454546
571882,Derek Law,8,18.181818181818183
571882,Derek Law,9,13.636363636363637
571927,Steven Matz,1,11.650485436893204
571927,Steven Matz,2,10.679611650485436
571927,Steven Matz,3,8.737864077669903
571927,Steven Matz,4,9.70873786407767
571927,Steven Matz,5,15.533980582524272
571927,Steven Matz,6,14.563106796116504
571927,Steven Matz,7,12.62135922330097
571927,Steven Matz,8,7.766990291262136
571927,Steven Matz,9,8.737864077669903
571948,Hoby Milner,1,5.660377358490566
571948,Hoby Milner,2,11.320754716981131
571948,Hoby Milner,3,9.433962264150944
571948,Hoby Milner,4,7.547169811320755
571948,Hoby Milner,5,1.8867924528301887
571948,Hoby Milner,6,9.433962264150944
571948,Hoby Milner,7,7.547169811320755
571948,Hoby Milner,8,26.41509433962264
571948,Hoby Milner,9,20.75471698113208
572955,Pierce Johnson,1,17.857142857142858
572955,Pierce Johnson,2,15.476190476190476
572955,Pierce Johnson,3,4.761904761904762
572955,Pierce Johnson,4,5.9523809523809526
572955,Pierce Johnson,5,16.666666666666668
572955,Pierce Johnson,6,15.476190476190476
572955,Pierce Johnson,7,5.9523809523809526
572955,Pierce Johnson,8,11.904761904761903
572955,Pierce Johnson,9,5.9523809523809526
573009,Joe Mantiply,1,3.0303030303030303
573009,Joe Mantiply,2,6.0606060606060606
573009,Joe Mantiply,3,6.0606060606060606
573009,Joe Mantiply,4,15.151515151515152
573009,Joe Mantiply,5,15.151515151515152
573009,Joe Mantiply,6,19.696969696969692
573009,Joe Mantiply,7,10.606060606060606
573009,Joe Mantiply,8,13.636363636363637
573009,Joe Mantiply,9,10.606060606060606
573124,Taylor Rogers,1,9.574468085106384
573124,Taylor Rogers,2,14.893617021276595
573124,Taylor Rogers,3,9.574468085106384
573124,Taylor Rogers,4,20.21276595744681
573124,Taylor Rogers,5,21.27659574468085
573124,Taylor Rogers,6,6.382978723404255
573124,Taylor Rogers,7,8.51063829787234
573124,Taylor Rogers,8,7.446808510638298
573124,Taylor Rogers,9,2.127659574468085
573204,Caleb Thielbar,1,8.571428571428571
573204,Caleb Thielbar,2,12.857142857142858
573204,Caleb Thielbar,3,5.714285714285714
573204,Caleb Thielbar,4,11.428571428571429
573204,Caleb Thielbar,5,20.0
573204,Caleb Thielbar,6,5.714285714285714
573204,Caleb Thielbar,7,17.142857142857142
573204,Caleb Thielbar,8,15.714285714285714
573204,Caleb Thielbar,9,2.857142857142857
579328,Yusei Kikuchi,1,8.474576271186441
579328,Yusei Kikuchi,2,11.016949152542374
579328,Yusei Kikuchi,3,10.169491525423728
579328,Yusei Kikuchi,4,14.40677966101695
579328,Yusei Kikuchi,5,15.677966101694915
579328,Yusei Kikuchi,6,8.898305084745763
579328,Yusei Kikuchi,7,16.52542372881356
579328,Yusei Kikuchi,8,9.745762711864408
579328,Yusei Kikuchi,9,5.084745762711864
592094,Jason Adam,2,18.75
592094,Jason Adam,3,6.25
592094,Jason Adam,4,6.25
592094,Jason Adam,5,25.0
592094,Jason Adam,6,12.5
592094,Jason Adam,7,12.5
592094,Jason Adam,8,12.5
592094,Jason Adam,9,6.25
592155,Cam Booser,1,5.357142857142857
592155,Cam Booser,2,12.5
592155,Cam Booser,3,12.5
592155,Cam Booser,4,1.7857142857142858
592155,Cam Booser,5,8.928571428571429
592155,Cam Booser,6,12.5
592155,Cam Booser,7,19.642857142857142
592155,Cam Booser,8,14.285714285714286
592155,Cam Booser,9,12.5
592332,Kevin Gausman,1,8.771929824561404
592332,Kevin Gausman,2,5.2631578947368425
592332,Kevin Gausman,3,1.7543859649122806
592332,Kevin Gausman,4,15.2046783625731
592332,Kevin Gausman,5,17.54385964912281
592332,Kevin Gausman,6,8.771929824561404
592332,Kevin Gausman,7,19.29824561403509
592332,Kevin Gausman,8,16.374269005847953
592332,Kevin Gausman,9,7.017543859649122
592662,Robbie Ray,1,6.081081081081081
592662,Robbie Ray,2,15.54054054054054
592662,Robbie Ray,3,8.783783783783784
592662,Robbie Ray,4,10.135135135135137
592662,Robbie Ray,5,17.56756756756757
592662,Robbie Ray,6,10.135135135135137
592662,Robbie Ray,7,8.783783783783784
592662,Robbie Ray,8,14.864864864864863
592662,Robbie Ray,9,8.108108108108109
592773,Ryne Stanek,1,24.24242424242424
592773,Ryne Stanek,2,13.636363636363637
592773,Ryne Stanek,3,3.0303030303030303
592773,Ryne Stanek,4,9.090909090909092
592773,Ryne Stanek,5,10.606060606060606
592773,Ryne Stanek,6,13.636363636363637
592773,Ryne Stanek,7,3.0303030303030303
592773,Ryne Stanek,8,16.666666666666668
592773,Ryne Stanek,9,6.0606060606060606
592779,Brock Stewart,1,12.280701754385966
592779,Brock Stewart,2,7.017543859649122
592779,Brock Stewart,3,10.526315789473683
592779,Brock Stewart,4,14.035087719298245
592779,Brock Stewart,5,12.280701754385966
592779,Brock Stewart,6,15.789473684210526
592779,Brock Stewart,7,10.526315789473683
592779,Brock Stewart,8,8.771929824561404
592779,Brock Stewart,9,8.771929824561404
592791,Jameson Taillon,1,7.142857142857143
592791,Jameson Taillon,2,14.285714285714286
592791,Jameson Taillon,4,14.285714285714286
592791,Jameson Taillon,5,14.285714285714286
592791,Jameson Taillon,6,14.285714285714286
592791,Jameson Taillon,7,7.142857142857143
592791,Jameson Taillon,8,14.285714285714286
592791,Jameson Taillon,9,14.285714285714286
592866,Trevor Williams,1,9.523809523809524
592866,Trevor Williams,2,5.9523809523809526
592866,Trevor Williams,3,9.523809523809524
592866,Trevor Williams,4,10.714285714285714
592866,Trevor Williams,5,11.904761904761903
592866,Trevor Williams,6,9.523809523809524
592866,Trevor Williams,7,14.285714285714286
592866,Trevor Williams,8,9.523809523809524
592866,Trevor Williams,9,19.047619047619047
593958,Eduardo Rodriguez,1,13.445378151260504
593958,Eduardo Rodriguez,2,13.865546218487395
593958,Eduardo Rodriguez,3,8.823529411764707
593958,Eduardo Rodriguez,4,16.80672268907563
593958,Eduardo Rodriguez,5,13.025210084033612
593958,Eduardo Rodriguez,6,7.142857142857143
593958,Eduardo Rodriguez,7,6.302521008403361
593958,Eduardo Rodriguez,8,12.605042016806722
593958,Eduardo Rodriguez,9,7.983193277310924
593974,Wandy Peralta,1,7.5
593974,Wandy Peralta,2,11.25
593974,Wandy Peralta,3,8.75
593974,Wandy Peralta,4,8.75
593974,Wandy Peralta,5,11.25
593974,Wandy Peralta,6,21.25
593974,Wandy Peralta,7,8.75
593974,Wandy Peralta,8,11.25
593974,Wandy Peralta,9,11.25
594027,Tyron Guerrero,1,25.0
594027,Tyron Guerrero,2,5.0
594027,Tyron Guerrero,3,15.0
594027,Tyron Guerrero,4,5.0
594027,Tyron Guerrero,5,20.0
594027,Tyron Guerrero,8,25.0
594027,Tyron Guerrero,9,5.0
594580,Sam Moll,2,7.6923076923076925
594580,Sam Moll,5,15.384615384615383
594580,Sam Moll,6,15.384615384615383
594580,Sam Moll,7,38.46153846153846
594580,Sam Moll,8,15.384615384615383
594580,Sam Moll,9,7.6923076923076925
594798,Jacob deGrom,1,6.403940886699507
594798,Jacob deGrom,2,14.285714285714286
594798,Jacob deGrom,3,10.344827586206897
594798,Jacob deGrom,4,10.83743842364532
594798,Jacob deGrom,5,10.83743842364532
594798,Jacob deGrom,6,16.25615763546798
594798,Jacob deGrom,7,6.403940886699507
594798,Jacob deGrom,8,8.866995073891626
594798,Jacob deGrom,9,15.763546798029555
595014,Blake Treinen,1,5.2631578947368425
595014,Blake Treinen,2,14.035087719298245
595014,Blake Treinen,3,7.017543859649122
595014,Blake Treinen,4,14.035087719298245
595014,Blake Treinen,5,15.789473684210526
595014,Blake Treinen,6,12.280701754385966
595014,Blake Treinen,7,5.2631578947368425
595014,Blake Treinen,8,10.526315789473683
595014,Blake Treinen,9,15.789473684210526
595978,Austin Hedges,2,11.11111111111111
595978,Austin Hedges,3,11.11111111111111
595978,Austin Hedges,5,33.333333333333336
595978,Austin Hedges,7,11.11111111111111
595978,Austin Hedges,8,33.333333333333336
596001,Jakob Junis,1,7.594936708860759
596001,Jakob Junis,2,8.860759493670885
596001,Jakob Junis,3,2.5316455696202533
596001,Jakob Junis,4,16.455696202531644
596001,Jakob Junis,5,16.455696202531644
596001,Jakob Junis,6,15.189873417721518
596001,Jakob Junis,7,10.126582278481012
596001,Jakob Junis,8,12.658227848101266
596001,Jakob Junis,9,10.126582278481012
596117,Garrett Stubbs,1,16.666666666666668
596117,Garrett Stubbs,5,33.333333333333336
596117,Garrett Stubbs,6,33.333333333333336
596117,Garrett Stubbs,9,16.666666666666668
596133,Luke Weaver,1,4.615384615384615
596133,Luke Weaver,2,12.307692307692308
596133,Luke Weaver,3,3.076923076923077
596133,Luke Weaver,4,16.923076923076923
596133,Luke Weaver,5,20.0
596133,Luke Weaver,6,10.76923076923077
596133,Luke Weaver,7,6.153846153846154
596133,Luke Weaver,8,18.46153846153846
596133,Luke Weaver,9,7.6923076923076925
601713,Nick Pivetta,1,13.125
601713,Nick Pivetta,2,13.75
601713,Nick Pivetta,3,7.5
601713,Nick Pivetta,4,10.0
601713,Nick Pivetta,5,14.375
601713,Nick Pivetta,6,7.5
601713,Nick Pivetta,7,7.5
601713,Nick Pivetta,8,12.5
601713,Nick Pivetta,9,13.75
605135,Chris Bassitt,1,8.465608465608465
605135,Chris Bassitt,2,12.698412698412698
605135,Chris Bassitt,3,9.523809523809524
605135,Chris Bassitt,4,13.227513227513228
605135,Chris Bassitt,5,18.51851851851852
605135,Chris Bassitt,6,12.698412698412698
605135,Chris Bassitt,7,5.291005291005291
605135,Chris Bassitt,8,12.16931216931217
605135,Chris Bassitt,9,7.407407407407407
605242,Michael Fulmer,1,9.375
605242,Michael Fulmer,2,10.9375
605242,Michael Fulmer,3,12.5
605242,Michael Fulmer,4,3.125
605242,Michael Fulmer,5,17.1875
605242,Michael Fulmer,6,20.3125
605242,Michael Fulmer,7,4.6875
605242,Michael Fulmer,8,6.25
605242,Michael Fulmer,9,15.625
605280,Clay Holmes,1,8.974358974358974
605280,Clay Holmes,2,7.051282051282051
605280,Clay Holmes,3,4.487179487179487
605280,Clay Holmes,4,16.025641025641026
605280,Clay Holmes,5,17.307692307692307
605280,Clay Holmes,6,4.487179487179487
605280,Clay Holmes,7,13.461538461538462
605280,Clay Holmes,8,16.666666666666668
605280,Clay Holmes,9,11.538461538461538
605400,Aaron Nola,1,4.069767441860465
605400,Aaron Nola,2,6.976744186046512
605400,Aaron Nola,3,8.13953488372093
605400,Aaron Nola,4,12.790697674418604
605400,Aaron Nola,5,11.627906976744184
605400,Aaron Nola,6,10.465116279069768
605400,Aaron Nola,7,17.441860465116278
605400,Aaron Nola,8,15.116279069767442
605400,Aaron Nola,9,13.372093023255816
605447,Jordan Romano,1,13.513513513513514
605447,Jordan Romano,2,20.27027027027027
605447,Jordan Romano,3,1.351351351351351
605447,Jordan Romano,4,6.756756756756757
605447,Jordan Romano,5,12.16216216216216
605447,Jordan Romano,6,10.81081081081081
605447,Jordan Romano,7,6.756756756756757
605447,Jordan Romano,8,13.513513513513514
605447,Jordan Romano,9,14.864864864864863
605483,Blake Snell,1,16.40625
605483,Blake Snell,2,11.71875
605483,Blake Snell,3,5.46875
605483,Blake Snell,4,13.28125
605483,Blake Snell,5,9.375
605483,Blake Snell,6,5.46875
605483,Blake Snell,7,12.5
605483,Blake Snell,8,12.5
605483,Blake Snell,9,13.28125
605488,Jeffrey Springs,1,10.062893081761006
605488,Jeffrey Springs,2,13.836477987421384
605488,Jeffrey Springs,3,5.660377358490566
605488,Jeffrey Springs,4,15.09433962264151
605488,Jeffrey Springs,5,15.09433962264151
605488,Jeffrey Springs,6,10.062893081761006
605488,Jeffrey Springs,7,11.949685534591197
605488,Jeffrey Springs,8,6.289308176100629
605488,Jeffrey Springs,9,11.949685534591197
606965,Chris Devenski,1,17.142857142857142
606965,Chris Devenski,2,11.428571428571429
606965,Chris Devenski,3,11.428571428571429
606965,Chris Devenski,4,8.571428571428571
606965,Chris Devenski,5,14.285714285714286
606965,Chris Devenski,6,2.857142857142857
606965,Chris Devenski,7,11.428571428571429
606965,Chris Devenski,8,8.571428571428571
606965,Chris Devenski,9,14.285714285714286
606996,Kyle Hart,1,5.357142857142857
606996,Kyle Hart,2,5.357142857142857
606996,Kyle Hart,3,7.142857142857143
606996,Kyle Hart,4,8.928571428571429
606996,Kyle Hart,5,14.285714285714286
606996,Kyle Hart,6,10.714285714285714
606996,Kyle Hart,7,16.071428571428573
606996,Kyle Hart,8,25.0
606996,Kyle Hart,9,7.142857142857143
607067,Colin Rea,1,1.818181818181818
607067,Colin Rea,2,3.636363636363636
607067,Colin Rea,3,5.454545454545454
607067,Colin Rea,4,21.818181818181817
607067,Colin Rea,5,12.727272727272728
607067,Colin Rea,6,12.727272727272728
607067,Colin Rea,7,9.090909090909092
607067,Colin Rea,8,20.0
607067,Colin Rea,9,12.727272727272728
607074,Carlos Rodón,1,6.586826347305389
607074,Carlos Rodón,2,10.778443113772456
607074,Carlos Rodón,3,10.778443113772456
607074,Carlos Rodón,4,9.580838323353293
607074,Carlos Rodón,5,13.77245508982036
607074,Carlos Rodón,6,11.377245508982035
607074,Carlos Rodón,7,11.976047904191615
607074,Carlos Rodón,8,14.97005988023952
607074,Carlos Rodón,9,10.179640718562874
607192,Tyler Glasnow,1,7.453416149068323
607192,Tyler Glasnow,2,9.937888198757763
607192,Tyler Glasnow,3,6.211180124223603
607192,Tyler Glasnow,4,9.316770186335404
607192,Tyler Glasnow,5,14.906832298136646
607192,Tyler Glasnow,6,13.664596273291924
607192,Tyler Glasnow,7,6.832298136645963
607192,Tyler Glasnow,8,12.422360248447204
607192,Tyler Glasnow,9,19.25465838509317
607200,Erick Fedde,1,4.3478260869565215
607200,Erick Fedde,2,13.768115942028986
607200,Erick Fedde,3,7.971014492753623
607200,Erick Fedde,4,14.492753623188406
607200,Erick Fedde,5,10.869565217391305
607200,Erick Fedde,6,10.144927536231885
607200,Erick Fedde,7,13.768115942028986
607200,Erick Fedde,8,11.594202898550725
607200,Erick Fedde,9,13.043478260869565
607259,Nick Martinez,1,11.940298507462687
607259,Nick Martinez,2,7.960199004975125
607259,Nick Martinez,3,7.960199004975125
607259,Nick Martinez,4,11.940298507462687
607259,Nick Martinez,5,14.92537313432836
607259,Nick Martinez,6,14.427860696517412
607259,Nick Martinez,7,12.437810945273633
607259,Nick Martinez,8,7.462686567164179
607259,Nick Martinez,9,10.945273631840797
607536,Kyle Freeland,1,1.0638297872340423
607536,Kyle Freeland,2,6.382978723404255
607536,Kyle Freeland,3,9.574468085106384
607536,Kyle Freeland,4,8.51063829787234
607536,Kyle Freeland,5,17.02127659574468
607536,Kyle Freeland,6,17.02127659574468
607536,Kyle Freeland,7,10.638297872340424
607536,Kyle Freeland,8,15.95744680851064
607536,Kyle Freeland,9,13.829787234042554
607625,Seth Lugo,1,9.497206703910615
607625,Seth Lugo,2,8.938547486033519
607625,Seth Lugo,3,7.82122905027933
607625,Seth Lugo,4,12.849162011173185
607625,Seth Lugo,5,21.787709497206706
607625,Seth Lugo,6,6.145251396648045
607625,Seth Lugo,7,6.145251396648045
607625,Seth Lugo,8,14.525139664804469
607625,Seth Lugo,9,12.29050279329609
608331,Max Fried,1,9.86842105263158
608331,Max Fried,2,11.842105263157896
608331,Max Fried,3,15.13157894736842
608331,Max Fried,4,7.894736842105263
608331,Max Fried,5,11.18421052631579
608331,Max Fried,6,13.157894736842104
608331,Max Fried,7,10.526315789473683
608331,Max Fried,8,14.473684210526317
608331,Max Fried,9,5.921052631578948
608372,Tomoyuki Sugano,1,7.84313725490196
608372,Tomoyuki Sugano,2,6.372549019607843
608372,Tomoyuki Sugano,3,5.882352941176471
608372,Tomoyuki Sugano,4,13.72549019607843
608372,Tomoyuki Sugano,5,13.72549019607843
608372,Tomoyuki Sugano,6,6.372549019607843
608372,Tomoyuki Sugano,7,14.215686274509803
608372,Tomoyuki Sugano,8,18.62745098039216
608372,Tomoyuki Sugano,9,13.235294117647058
608379,Michael Wacha,1,10.56910569105691
608379,Michael Wacha,2,11.788617886178862
608379,Michael Wacha,3,8.536585365853659
608379,Michael Wacha,4,10.16260162601626
608379,Michael Wacha,5,21.13821138211382
608379,Michael Wacha,6,10.975609756097562
608379,Michael Wacha,7,6.504065040650406
608379,Michael Wacha,8,11.788617886178862
608379,Michael Wacha,9,8.536585365853659
608718,Brent Suter,1,9.00900900900901
608718,Brent Suter,2,16.216216216216218
608718,Brent Suter,3,13.513513513513514
608718,Brent Suter,4,12.612612612612612
608718,Brent Suter,5,14.414414414414416
608718,Brent Suter,6,8.108108108108109
608718,Brent Suter,7,7.207207207207207
608718,Brent Suter,8,11.711711711711713
608718,Brent Suter,9,7.207207207207207
615698,Cal Quantrill,1,12.87878787878788
615698,Cal Quantrill,2,14.393939393939394
615698,Cal Quantrill,3,9.848484848484848
615698,Cal Quantrill,4,14.393939393939394
615698,Cal Quantrill,5,16.666666666666668
615698,Cal Quantrill,6,10.606060606060606
615698,Cal Quantrill,7,9.090909090909092
615698,Cal Quantrill,8,8.333333333333334
615698,Cal Quantrill,9,3.787878787878788
621016,Jose Cuas,1,12.67605633802817
621016,Jose Cuas,2,19.718309859154928
621016,Jose Cuas,3,5.633802816901408
621016,Jose Cuas,4,15.492957746478874
621016,Jose Cuas,5,15.492957746478874
621016,Jose Cuas,6,5.633802816901408
621016,Jose Cuas,7,7.042253521126761
621016,Jose Cuas,8,9.859154929577464
621016,Jose Cuas,9,8.450704225352112
621053,Tyler Ferguson,1,21.428571428571427
621053,Tyler Ferguson,2,14.285714285714286
621053,Tyler Ferguson,4,14.285714285714286
621053,Tyler Ferguson,5,21.428571428571427
621053,Tyler Ferguson,6,14.285714285714286
621053,Tyler Ferguson,7,7.142857142857143
621053,Tyler Ferguson,9,7.142857142857143
621074,Michael Rucker,1,10.256410256410255
621074,Michael Rucker,2,11.538461538461538
621074,Michael Rucker,3,5.128205128205129
621074,Michael Rucker,4,8.974358974358974
621074,Michael Rucker,5,21.7948717948718
621074,Michael Rucker,6,12.82051282051282
621074,Michael Rucker,7,8.974358974358974
621074,Michael Rucker,8,14.102564102564102
621074,Michael Rucker,9,6.410256410256411
621097,Jacob Waguespack,1,8.653846153846153
621097,Jacob Waguespack,2,16.346153846153847
621097,Jacob Waguespack,3,11.538461538461538
621097,Jacob Waguespack,4,12.5
621097,Jacob Waguespack,5,13.461538461538462
621097,Jacob Waguespack,6,8.653846153846153
621097,Jacob Waguespack,7,6.730769230769231
621097,Jacob Waguespack,8,12.5
621097,Jacob Waguespack,9,9.615384615384617
621111,Walker Buehler,1,7.6923076923076925
621111,Walker Buehler,2,14.835164835164836
621111,Walker Buehler,3,11.538461538461538
621111,Walker Buehler,4,10.43956043956044
621111,Walker Buehler,5,15.934065934065934
621111,Walker Buehler,6,12.637362637362637
621111,Walker Buehler,7,7.142857142857143
621111,Walker Buehler,8,10.43956043956044
621111,Walker Buehler,9,9.34065934065934
621112,Paul Blackburn,1,15.789473684210526
621112,Paul Blackburn,2,5.2631578947368425
621112,Paul Blackburn,3,7.017543859649122
621112,Paul Blackburn,4,10.526315789473683
621112,Paul Blackburn,5,12.280701754385966
621112,Paul Blackburn,6,15.789473684210526
621112,Paul Blackburn,7,14.035087719298245
621112,Paul Blackburn,8,3.508771929824561
621112,Paul Blackburn,9,15.789473684210526
621237,José Alvarado,1,16.176470588235293
621237,José Alvarado,2,11.764705882352942
621237,José Alvarado,3,10.294117647058824
621237,José Alvarado,4,8.823529411764707
621237,José Alvarado,5,10.294117647058824
621237,José Alvarado,6,17.647058823529413
621237,José Alvarado,7,8.823529411764707
621237,José Alvarado,8,7.352941176470588
621237,José Alvarado,9,8.823529411764707
621242,Edwin Díaz,1,9.30232558139535
621242,Edwin Díaz,2,11.627906976744184
621242,Edwin Díaz,3,11.627906976744184
621242,Edwin Díaz,4,6.976744186046512
621242,Edwin Díaz,5,13.953488372093023
621242,Edwin Díaz,6,20.930232558139537
621242,Edwin Díaz,8,9.30232558139535
621242,Edwin Díaz,9,16.27906976744186
621345,A.J. Minter,1,7.526881720430108
621345,A.J. Minter,2,7.526881720430108
621345,A.J. Minter,3,4.301075268817204
621345,A.J. Minter,4,15.053763440860216
621345,A.J. Minter,5,19.35483870967742
621345,A.J. Minter,6,9.67741935483871
621345,A.J. Minter,7,12.903225806451612
621345,A.J. Minter,8,13.978494623655914
621345,A.J. Minter,9,9.67741935483871
621383,Tanner Banks,1,12.280701754385966
621383,Tanner Banks,2,5.2631578947368425
621383,Tanner Banks,3,15.789473684210526
621383,Tanner Banks,4,15.789473684210526
621383,Tanner Banks,5,17.54385964912281
621383,Tanner Banks,6,15.789473684210526
621383,Tanner Banks,7,12.280701754385966
621383,Tanner Banks,8,1.7543859649122806
621383,Tanner Banks,9,3.508771929824561
622088,Tejay Antone,1,9.72222222222222
622088,Tejay Antone,2,11.11111111111111
622088,Tejay Antone,3,9.72222222222222
622088,Tejay Antone,4,11.11111111111111
622088,Tejay Antone,5,12.5
622088,Tejay Antone,6,8.333333333333334
622088,Tejay Antone,7,9.72222222222222
622088,Tejay Antone,8,11.11111111111111
622088,Tejay Antone,9,16.666666666666668
622491,Luis Castillo,1,5.063291139240507
622491,Luis Castillo,2,6.329113924050633
622491,Luis Castillo,3,11.39240506329114
622491,Luis Castillo,4,10.126582278481012
622491,Luis Castillo,5,13.924050632911392
622491,Luis Castillo,6,18.9873417721519
622491,Luis Castillo,7,13.924050632911392
622491,Luis Castillo,8,11.39240506329114
622491,Luis Castillo,9,8.860759493670885
622554,Seranthony Domínguez,1,8.333333333333334
622554,Seranthony Domínguez,2,5.555555555555555
622554,Seranthony Domínguez,3,11.11111111111111
622554,Seranthony Domínguez,4,12.5
622554,Seranthony Domínguez,5,16.666666666666668
622554,Seranthony Domínguez,6,15.27777777777778
622554,Seranthony Domínguez,7,9.72222222222222
622554,Seranthony Domínguez,8,11.11111111111111
622554,Seranthony Domínguez,9,9.72222222222222
622608,Antonio Senzatela,1,5.0
622608,Antonio Senzatela,2,10.0
622608,Antonio Senzatela,3,6.25
622608,Antonio Senzatela,4,13.75
622608,Antonio Senzatela,5,16.25
622608,Antonio Senzatela,6,13.75
622608,Antonio Senzatela,7,13.75
622608,Antonio Senzatela,8,8.75
622608,Antonio Senzatela,9,12.5
622694,Elieser Hernández,1,9.803921568627452
622694,Elieser Hernández,2,5.882352941176471
622694,Elieser Hernández,3,11.764705882352942
622694,Elieser Hernández,4,5.882352941176471
622694,Elieser Hernández,5,13.72549019607843
622694,Elieser Hernández,6,13.72549019607843
622694,Elieser Hernández,7,7.84313725490196
622694,Elieser Hernández,8,11.764705882352942
622694,Elieser Hernández,9,19.607843137254903
623149,Paul Sewald,1,8.19672131147541
623149,Paul Sewald,2,16.39344262295082
623149,Paul Sewald,3,8.19672131147541
623149,Paul Sewald,4,1.639344262295082
623149,Paul Sewald,5,9.836065573770492
623149,Paul Sewald,6,11.475409836065571
623149,Paul Sewald,7,11.475409836065571
623149,Paul Sewald,8,22.950819672131143
623149,Paul Sewald,9,9.836065573770492
623211,Huascar Brazobán,1,16.666666666666668
623211,Huascar Brazobán,2,4.166666666666667
623211,Huascar Brazobán,3,4.166666666666667
623211,Huascar Brazobán,4,12.5
623211,Huascar Brazobán,5,4.166666666666667
623211,Huascar Brazobán,6,4.166666666666667
623211,Huascar Brazobán,7,20.83333333333333
623211,Huascar Brazobán,8,29.166666666666668
623211,Huascar Brazobán,9,4.166666666666667
623352,Josh Hader,1,15.789473684210526
623352,Josh Hader,2,12.280701754385966
623352,Josh Hader,3,8.771929824561404
623352,Josh Hader,4,15.789473684210526
623352,Josh Hader,5,8.771929824561404
623352,Josh Hader,6,5.2631578947368425
623352,Josh Hader,7,21.05263157894737
623352,Josh Hader,8,5.2631578947368425
623352,Josh Hader,9,7.017543859649122
623454,Drew Anderson,1,13.333333333333334
623454,Drew Anderson,2,16.0
623454,Drew Anderson,3,12.666666666666666
623454,Drew Anderson,4,7.333333333333333
623454,Drew Anderson,5,13.333333333333334
623454,Drew Anderson,6,8.666666666666666
623454,Drew Anderson,7,10.666666666666666
623454,Drew Anderson,8,8.0
623454,Drew Anderson,9,10.0
623465,Evan Phillips,1,6.451612903225806
623465,Evan Phillips,2,6.451612903225806
623465,Evan Phillips,3,9.67741935483871
623465,Evan Phillips,4,12.903225806451612
623465,Evan Phillips,5,19.35483870967742
623465,Evan Phillips,6,14.516129032258064
623465,Evan Phillips,7,9.67741935483871
623465,Evan Phillips,8,14.516129032258064
623465,Evan Phillips,9,6.451612903225806
623474,Jimmy Herget,1,10.588235294117649
623474,Jimmy Herget,2,5.882352941176471
623474,Jimmy Herget,3,3.5294117647058822
623474,Jimmy Herget,4,12.941176470588236
623474,Jimmy Herget,5,23.529411764705884
623474,Jimmy Herget,6,14.117647058823527
623474,Jimmy Herget,7,5.882352941176471
623474,Jimmy Herget,8,8.235294117647058
623474,Jimmy Herget,9,15.294117647058824
624133,Ranger Suarez,1,9.941520467836256
624133,Ranger Suarez,2,11.11111111111111
624133,Ranger Suarez,3,7.017543859649122
624133,Ranger Suarez,4,14.619883040935672
624133,Ranger Suarez,5,13.45029239766082
624133,Ranger Suarez,6,7.017543859649122
624133,Ranger Suarez,7,6.432748538011696
624133,Ranger Suarez,8,14.619883040935672
624133,Ranger Suarez,9,15.789473684210526
624431,Jose Trevino,1,12.5
624431,Jose Trevino,2,12.5
624431,Jose Trevino,3,12.5
624431,Jose Trevino,5,25.0
624431,Jose Trevino,6,37.5
625643,Reynaldo López,1,18.181818181818183
625643,Reynaldo López,2,6.0606060606060606
625643,Reynaldo López,3,1.5151515151515151
625643,Reynaldo López,4,13.636363636363637
625643,Reynaldo López,5,12.12121212121212
625643,Reynaldo López,6,4.545454545454546
625643,Reynaldo López,7,15.151515151515152
625643,Reynaldo López,8,13.636363636363637
625643,Reynaldo López,9,15.151515151515152
628452,Raisel Iglesias,1,11.538461538461538
628452,Raisel Iglesias,2,9.615384615384617
628452,Raisel Iglesias,3,3.8461538461538463
628452,Raisel Iglesias,4,11.538461538461538
628452,Raisel Iglesias,5,17.307692307692307
628452,Raisel Iglesias,6,11.538461538461538
628452,Raisel Iglesias,7,9.615384615384617
628452,Raisel Iglesias,8,15.384615384615383
628452,Raisel Iglesias,9,9.615384615384617
640448,Kyle Finnegan,1,9.72222222222222
640448,Kyle Finnegan,2,15.27777777777778
640448,Kyle Finnegan,3,4.166666666666667
640448,Kyle Finnegan,4,13.88888888888889
640448,Kyle Finnegan,5,22.22222222222222
640448,Kyle Finnegan,6,12.5
640448,Kyle Finnegan,7,5.555555555555555
640448,Kyle Finnegan,8,9.72222222222222
640448,Kyle Finnegan,9,6.944444444444445
640455,Sean Manaea,1,6.1946902654867255
640455,Sean Manaea,2,9.29203539823009
640455,Sean Manaea,3,12.831858407079649
640455,Sean Manaea,4,12.831858407079649
640455,Sean Manaea,5,18.141592920353983
640455,Sean Manaea,6,15.929203539823009
640455,Sean Manaea,7,9.29203539823009
640455,Sean Manaea,8,7.964601769911504
640455,Sean Manaea,9,7.522123893805309
641302,Tyler Alexander,1,10.679611650485436
641302,Tyler Alexander,2,7.766990291262136
641302,Tyler Alexander,3,3.883495145631068
641302,Tyler Alexander,4,12.62135922330097
641302,Tyler Alexander,5,12.62135922330097
641302,Tyler Alexander,6,13.592233009708735
641302,Tyler Alexander,7,15.533980582524272
641302,Tyler Alexander,8,13.592233009708735
641302,Tyler Alexander,9,9.70873786407767
641329,Bryan Baker,1,10.344827586206897
641329,Bryan Baker,2,12.06896551724138
641329,Bryan Baker,3,8.620689655172415
641329,Bryan Baker,4,8.620689655172415
641329,Bryan Baker,5,13.79310344827586
641329,Bryan Baker,6,15.517241379310343
641329,Bryan Baker,7,13.79310344827586
641329,Bryan Baker,8,8.620689655172415
641329,Bryan Baker,9,8.620689655172415
641401,Connor Brogdon,2,16.666666666666668
641401,Connor Brogdon,3,16.666666666666668
641401,Connor Brogdon,4,16.666666666666668
641401,Connor Brogdon,5,16.666666666666668
641401,Connor Brogdon,7,16.666666666666668
641401,Connor Brogdon,8,16.666666666666668
641743,Anthony Kay,1,9.02777777777778
641743,Anthony Kay,2,11.11111111111111
641743,Anthony Kay,3,1.3888888888888888
641743,Anthony Kay,4,13.194444444444445
641743,Anthony Kay,5,13.194444444444445
641743,Anthony Kay,6,9.72222222222222
641743,Anthony Kay,7,18.05555555555556
641743,Anthony Kay,8,13.88888888888889
641743,Anthony Kay,9,10.416666666666666
641755,Tyler Kinley,1,6.493506493506493
641755,Tyler Kinley,2,9.090909090909092
641755,Tyler Kinley,3,2.5974025974025974
641755,Tyler Kinley,4,14.285714285714286
641755,Tyler Kinley,5,15.584415584415584
641755,Tyler Kinley,6,12.987012987012989
641755,Tyler Kinley,7,11.688311688311687
641755,Tyler Kinley,8,11.688311688311687
641755,Tyler Kinley,9,15.584415584415584
641778,Eric Lauer,1,19.23076923076923
641778,Eric Lauer,2,38.46153846153846
641778,Eric Lauer,3,3.8461538461538463
641778,Eric Lauer,4,3.8461538461538463
641778,Eric Lauer,5,19.23076923076923
641778,Eric Lauer,6,3.8461538461538463
641778,Eric Lauer,7,7.6923076923076925
641778,Eric Lauer,8,3.8461538461538463
641816,Tyler Mahle,1,7.18232044198895
641816,Tyler Mahle,2,16.022099447513813
641816,Tyler Mahle,3,8.287292817679559
641816,Tyler Mahle,4,9.392265193370166
641816,Tyler Mahle,5,12.154696132596683
641816,Tyler Mahle,6,10.497237569060774
641816,Tyler Mahle,7,12.154696132596683
641816,Tyler Mahle,8,13.812154696132596
641816,Tyler Mahle,9,10.497237569060774
641835,Tim Mayza,1,12.987012987012989
641835,Tim Mayza,2,5.194805194805195
641835,Tim Mayza,3,3.896103896103896
641835,Tim Mayza,4,11.688311688311687
641835,Tim Mayza,5,16.883116883116884
641835,Tim Mayza,6,12.987012987012989
641835,Tim Mayza,7,10.38961038961039
641835,Tim Mayza,8,14.285714285714286
641835,Tim Mayza,9,11.688311688311687
641927,Bailey Ober,1,4.37956204379562
641927,Bailey Ober,2,10.94890510948905
641927,Bailey Ober,3,5.109489051094891
641927,Bailey Ober,4,11.67883211678832
641927,Bailey Ober,5,13.86861313868613
641927,Bailey Ober,6,13.86861313868613
641927,Bailey Ober,7,14.5985401459854
641927,Bailey Ober,8,11.67883211678832
641927,Bailey Ober,9,13.86861313868613
641941,Emilio Pagán,1,10.95890410958904
641941,Emilio Pagán,2,13.6986301369863
641941,Emilio Pagán,3,5.47945205479452
641941,Emilio Pagán,4,9.58904109589041
641941,Emilio Pagán,5,12.32876712328767
641941,Emilio Pagán,6,16.438356164383563
641941,Emilio Pagán,7,8.219178082191782
641941,Emilio Pagán,8,9.58904109589041
641941,Emilio Pagán,9,13.6986301369863
642048,Tayler Saucedo,1,10.0
642048,Tayler Saucedo,2,5.0
642048,Tayler Saucedo,3,15.0
642048,Tayler Saucedo,4,15.0
642048,Tayler Saucedo,5,17.5
642048,Tayler Saucedo,6,12.5
642048,Tayler Saucedo,7,10.0
642048,Tayler Saucedo,8,10.0
642048,Tayler Saucedo,9,5.0
642100,Gabe Speier,1,6.849315068493151
642100,Gabe Speier,2,15.068493150684931
642100,Gabe Speier,3,17.80821917808219
642100,Gabe Speier,4,9.58904109589041
642100,Gabe Speier,5,17.80821917808219
642100,Gabe Speier,6,13.6986301369863
642100,Gabe Speier,7,2.73972602739726
642100,Gabe Speier,8,15.068493150684931
642100,Gabe Speier,9,1.36986301369863
642121,Cole Sulser,1,12.307692307692308
642121,Cole Sulser,2,23.07692307692308
642121,Cole Sulser,3,6.153846153846154
642121,Cole Sulser,4,16.923076923076923
642121,Cole Sulser,5,13.846153846153848
642121,Cole Sulser,6,13.846153846153848
642121,Cole Sulser,7,4.615384615384615
642121,Cole Sulser,8,6.153846153846154
642121,Cole Sulser,9,3.076923076923077
642207,Devin Williams,1,14.285714285714286
642207,Devin Williams,2,14.285714285714286
642207,Devin Williams,3,7.142857142857143
642207,Devin Williams,5,21.428571428571427
642207,Devin Williams,6,21.428571428571427
642207,Devin Williams,7,7.142857142857143
642207,Devin Williams,8,7.142857142857143
642207,Devin Williams,9,7.142857142857143
642232,Ryan Yarbrough,1,10.0
642232,Ryan Yarbrough,2,11.11111111111111
642232,Ryan Yarbrough,3,11.11111111111111
642232,Ryan Yarbrough,4,8.88888888888889
642232,Ryan Yarbrough,5,16.666666666666668
642232,Ryan Yarbrough,6,13.333333333333334
642232,Ryan Yarbrough,7,3.333333333333333
642232,Ryan Yarbrough,8,8.88888888888889
642232,Ryan Yarbrough,9,16.666666666666668
642376,Jefry Yan,1,8.974358974358974
642376,Jefry Yan,2,10.256410256410255
642376,Jefry Yan,3,5.128205128205129
642376,Jefry Yan,4,7.6923076923076925
642376,Jefry Yan,5,16.666666666666668
642376,Jefry Yan,6,12.82051282051282
642376,Jefry Yan,7,12.82051282051282
642376,Jefry Yan,8,10.256410256410255
642376,Jefry Yan,9,15.384615384615383
642397,Gregory Soto,1,4.3478260869565215
642397,Gregory Soto,2,7.246376811594203
642397,Gregory Soto,3,8.695652173913043
642397,Gregory Soto,4,13.043478260869565
642397,Gregory Soto,5,15.942028985507246
642397,Gregory Soto,6,11.594202898550725
642397,Gregory Soto,7,18.84057971014493
642397,Gregory Soto,8,14.492753623188406
642397,Gregory Soto,9,5.797101449275362
642528,Jonathan Loáisiga,1,10.38961038961039
642528,Jonathan Loáisiga,2,6.493506493506493
642528,Jonathan Loáisiga,3,5.194805194805195
642528,Jonathan Loáisiga,4,12.987012987012989
642528,Jonathan Loáisiga,5,12.987012987012989
642528,Jonathan Loáisiga,6,6.493506493506493
642528,Jonathan Loáisiga,7,12.987012987012989
642528,Jonathan Loáisiga,8,19.48051948051948
642528,Jonathan Loáisiga,9,12.987012987012989
642547,Freddy Peralta,1,17.741935483870968
642547,Freddy Peralta,2,15.053763440860216
642547,Freddy Peralta,3,4.301075268817204
642547,Freddy Peralta,4,16.129032258064516
642547,Freddy Peralta,5,15.053763440860216
642547,Freddy Peralta,6,8.064516129032258
642547,Freddy Peralta,7,9.13978494623656
642547,Freddy Peralta,8,5.376344086021505
642547,Freddy Peralta,9,9.13978494623656
642585,Félix Bautista,1,6.666666666666667
642585,Félix Bautista,2,26.666666666666668
642585,Félix Bautista,4,20.0
642585,Félix Bautista,5,13.333333333333334
642585,Félix Bautista,7,13.333333333333334
642585,Félix Bautista,8,20.0
642701,Dennis Santana,1,15.492957746478874
642701,Dennis Santana,2,21.12676056338028
642701,Dennis Santana,3,7.042253521126761
642701,Dennis Santana,4,12.67605633802817
642701,Dennis Santana,5,9.859154929577464
642701,Dennis Santana,6,7.042253521126761
642701,Dennis Santana,7,5.633802816901408
642701,Dennis Santana,8,8.450704225352112
642701,Dennis Santana,9,12.67605633802817
643377,Griffin Jax,1,10.738255033557047
643377,Griffin Jax,2,10.738255033557047
643377,Griffin Jax,3,8.053691275167786
643377,Griffin Jax,4,12.080536912751676
643377,Griffin Jax,5,14.76510067114094
643377,Griffin Jax,6,8.053691275167786
643377,Griffin Jax,7,11.409395973154362
643377,Griffin Jax,8,13.422818791946307
643377,Griffin Jax,9,10.738255033557047
643511,Tyler Rogers,1,2.9411764705882355
643511,Tyler Rogers,2,8.823529411764707
643511,Tyler Rogers,3,7.352941176470588
643511,Tyler Rogers,4,8.823529411764707
643511,Tyler Rogers,5,19.11764705882353
643511,Tyler Rogers,6,19.11764705882353
643511,Tyler Rogers,7,7.352941176470588
643511,Tyler Rogers,8,20.58823529411765
643511,Tyler Rogers,9,5.882352941176471
645261,Sandy Alcantara,1,12.440191387559809
645261,Sandy Alcantara,2,8.133971291866029
645261,Sandy Alcantara,3,6.220095693779904
645261,Sandy Alcantara,4,12.91866028708134
645261,Sandy Alcantara,5,16.74641148325359
645261,Sandy Alcantara,6,12.440191387559809
645261,Sandy Alcantara,7,6.698564593301436
645261,Sandy Alcantara,8,11.483253588516746
645261,Sandy Alcantara,9,12.91866028708134
647336,Michael Soroka,1,7.8125
647336,Michael Soroka,2,12.5
647336,Michael Soroka,3,8.59375
647336,Michael Soroka,4,11.71875
647336,Michael Soroka,5,14.0625
647336,Michael Soroka,6,13.28125
647336,Michael Soroka,7,6.25
647336,Michael Soroka,8,11.71875
647336,Michael Soroka,9,14.0625
650556,Bryan Abreu,1,13.157894736842104
650556,Bryan Abreu,2,6.578947368421052
650556,Bryan Abreu,3,2.631578947368421
650556,Bryan Abreu,4,10.526315789473683
650556,Bryan Abreu,5,21.05263157894737
650556,Bryan Abreu,6,14.473684210526317
650556,Bryan Abreu,7,6.578947368421052
650556,Bryan Abreu,8,10.526315789473683
650556,Bryan Abreu,9,14.473684210526317
650633,Michael King,1,15.476190476190476
650633,Michael King,2,11.30952380952381
650633,Michael King,3,6.547619047619048
650633,Michael King,4,11.904761904761903
650633,Michael King,5,13.69047619047619
650633,Michael King,6,10.714285714285714
650633,Michael King,7,10.714285714285714
650633,Michael King,8,11.904761904761903
650633,Michael King,9,7.738095238095238
650644,Aaron Civale,1,5.454545454545454
650644,Aaron Civale,2,6.363636363636363
650644,Aaron Civale,3,8.181818181818182
650644,Aaron Civale,4,14.545454545454543
650644,Aaron Civale,5,13.636363636363637
650644,Aaron Civale,6,11.818181818181818
650644,Aaron Civale,7,13.636363636363637
650644,Aaron Civale,8,12.727272727272728
650644,Aaron Civale,9,13.636363636363637
650911,Cristopher Sánchez,1,7.531380753138075
650911,Cristopher Sánchez,2,8.368200836820083
650911,Cristopher Sánchez,3,5.439330543933054
650911,Cristopher Sánchez,4,15.06276150627615
650911,Cristopher Sánchez,5,17.99163179916318
650911,Cristopher Sánchez,6,10.0418410041841
650911,Cristopher Sánchez,7,8.368200836820083
650911,Cristopher Sánchez,8,17.573221757322177
650911,Cristopher Sánchez,9,9.623430962343097
650960,Daniel Duarte,2,11.764705882352942
650960,Daniel Duarte,3,2.9411764705882355
650960,Daniel Duarte,4,8.823529411764707
650960,Daniel Duarte,5,17.647058823529413
650960,Daniel Duarte,6,11.764705882352942
650960,Daniel Duarte,7,8.823529411764707
650960,Daniel Duarte,8,11.764705882352942
650960,Daniel Duarte,9,26.47058823529412
655889,Manuel Rodríguez,1,9.67741935483871
655889,Manuel Rodríguez,2,6.451612903225806
655889,Manuel Rodríguez,3,12.903225806451612
655889,Manuel Rodríguez,4,3.225806451612903
655889,Manuel Rodríguez,5,3.225806451612903
655889,Manuel Rodríguez,6,16.129032258064516
655889,Manuel Rodríguez,7,16.129032258064516
655889,Manuel Rodríguez,8,6.451612903225806
655889,Manuel Rodríguez,9,25.806451612903224
656240,Scott Blewett,1,7.826086956521739
656240,Scott Blewett,2,12.173913043478262
656240,Scott Blewett,3,13.043478260869565
656240,Scott Blewett,4,13.91304347826087
656240,Scott Blewett,5,16.52173913043478
656240,Scott Blewett,6,9.565217391304348
656240,Scott Blewett,7,4.3478260869565215
656240,Scott Blewett,8,6.956521739130435
656240,Scott Blewett,9,15.652173913043478
656271,Brock Burke,1,8.771929824561404
656271,Brock Burke,2,10.526315789473683
656271,Brock Burke,3,22.80701754385965
656271,Brock Burke,4,14.035087719298245
656271,Brock Burke,5,14.035087719298245
656271,Brock Burke,6,1.7543859649122806
656271,Brock Burke,7,14.035087719298245
656271,Brock Burke,8,10.526315789473683
656271,Brock Burke,9,3.508771929824561
656288,Griffin Canning,1,6.25
656288,Griffin Canning,2,16.25
656288,Griffin Canning,3,7.5
656288,Griffin Canning,4,15.0
656288,Griffin Canning,5,11.25
656288,Griffin Canning,6,18.75
656288,Griffin Canning,7,5.0
656288,Griffin Canning,8,12.5
656288,Griffin Canning,9,7.5
656302,Dylan Cease,1,14.285714285714286
656302,Dylan Cease,2,10.0
656302,Dylan Cease,3,12.857142857142858
656302,Dylan Cease,4,14.285714285714286
656302,Dylan Cease,5,11.428571428571429
656302,Dylan Cease,6,7.142857142857143
656302,Dylan Cease,7,7.142857142857143
656302,Dylan Cease,8,11.428571428571429
656302,Dylan Cease,9,11.428571428571429
656427,Jack Flaherty,1,22.22222222222222
656427,Jack Flaherty,2,11.11111111111111
656427,Jack Flaherty,3,11.11111111111111
656427,Jack Flaherty,4,11.11111111111111
656427,Jack Flaherty,5,33.333333333333336
656427,Jack Flaherty,9,11.11111111111111
656464,Kevin Ginkel,1,7.954545454545454
656464,Kevin Ginkel,2,19.318181818181817
656464,Kevin Ginkel,3,10.227272727272728
656464,Kevin Ginkel,4,3.409090909090909
656464,Kevin Ginkel,5,13.636363636363637
656464,Kevin Ginkel,6,5.681818181818182
656464,Kevin Ginkel,7,9.090909090909092
656464,Kevin Ginkel,8,14.772727272727272
656464,Kevin Ginkel,9,15.909090909090908
656492,Foster Griffin,1,5.769230769230769
656492,Foster Griffin,2,9.615384615384617
656492,Foster Griffin,3,10.256410256410255
656492,Foster Griffin,4,11.538461538461538
656492,Foster Griffin,5,19.23076923076923
656492,Foster Griffin,6,13.461538461538462
656492,Foster Griffin,7,8.974358974358974
656492,Foster Griffin,8,14.743589743589745
656492,Foster Griffin,9,6.410256410256411
656529,Sam Hentges,1,10.0
656529,Sam Hentges,2,10.0
656529,Sam Hentges,3,12.5
656529,Sam Hentges,4,22.5
656529,Sam Hentges,5,10.0
656529,Sam Hentges,6,12.5
656529,Sam Hentges,7,5.0
656529,Sam Hentges,8,10.0
656529,Sam Hentges,9,7.5
656546,Jeff Hoffman,1,9.803921568627452
656546,Jeff Hoffman,2,9.803921568627452
656546,Jeff Hoffman,3,5.882352941176471
656546,Jeff Hoffman,4,13.72549019607843
656546,Jeff Hoffman,5,11.764705882352942
656546,Jeff Hoffman,6,7.84313725490196
656546,Jeff Hoffman,7,9.803921568627452
656546,Jeff Hoffman,8,17.647058823529413
656546,Jeff Hoffman,9,13.72549019607843
656550,Grant Holmes,1,7.03125
656550,Grant Holmes,2,7.03125
656550,Grant Holmes,3,3.125
656550,Grant Holmes,4,18.75
656550,Grant Holmes,5,14.0625
656550,Grant Holmes,6,3.90625
656550,Grant Holmes,7,14.84375
656550,Grant Holmes,8,21.875
656550,Grant Holmes,9,9.375
656557,Tanner Houck,1,4.0
656557,Tanner Houck,2,8.0
656557,Tanner Houck,3,12.0
656557,Tanner Houck,4,24.0
656557,Tanner Houck,5,12.0
656557,Tanner Houck,7,12.0
656557,Tanner Houck,8,20.0
656557,Tanner Houck,9,8.0
656638,Alex Lange,1,8.571428571428571
656638,Alex Lange,2,5.714285714285714
656638,Alex Lange,3,1.4285714285714286
656638,Alex Lange,4,17.142857142857142
656638,Alex Lange,5,15.714285714285714
656638,Alex Lange,6,7.142857142857143
656638,Alex Lange,7,14.285714285714286
656638,Alex Lange,8,10.0
656638,Alex Lange,9,20.0
656641,Jacob Latz,1,3.658536585365854
656641,Jacob Latz,2,13.414634146341465
656641,Jacob Latz,3,17.073170731707318
656641,Jacob Latz,4,9.75609756097561
656641,Jacob Latz,5,9.75609756097561
656641,Jacob Latz,6,12.195121951219512
656641,Jacob Latz,7,13.414634146341465
656641,Jacob Latz,8,14.634146341463415
656641,Jacob Latz,9,6.097560975609756
656730,Trevor Megill,1,5.128205128205129
656730,Trevor Megill,2,8.974358974358974
656730,Trevor Megill,3,6.410256410256411
656730,Trevor Megill,4,10.256410256410255
656730,Trevor Megill,5,29.487179487179485
656730,Trevor Megill,6,10.256410256410255
656730,Trevor Megill,7,8.974358974358974
656730,Trevor Megill,8,10.256410256410255
656730,Trevor Megill,9,10.256410256410255
656756,Jordan Montgomery,1,4.081632653061225
656756,Jordan Montgomery,2,10.20408163265306
656756,Jordan Montgomery,3,7.142857142857143
656756,Jordan Montgomery,4,6.122448979591836
656756,Jordan Montgomery,5,13.26530612244898
656756,Jordan Montgomery,6,10.20408163265306
656756,Jordan Montgomery,7,13.26530612244898
656756,Jordan Montgomery,8,20.40816326530612
656756,Jordan Montgomery,9,15.306122448979592
656794,Sean Newcomb,1,6.976744186046512
656794,Sean Newcomb,2,17.05426356589147
656794,Sean Newcomb,3,14.728682170542635
656794,Sean Newcomb,4,6.2015503875969
656794,Sean Newcomb,5,11.627906976744184
656794,Sean Newcomb,6,14.728682170542635
656794,Sean Newcomb,7,10.07751937984496
656794,Sean Newcomb,8,10.07751937984496
656794,Sean Newcomb,9,8.527131782945736
656848,Michael Petersen,1,13.157894736842104
656848,Michael Petersen,2,11.842105263157896
656848,Michael Petersen,3,10.526315789473683
656848,Michael Petersen,4,7.894736842105263
656848,Michael Petersen,5,11.842105263157896
656848,Michael Petersen,6,18.42105263157895
656848,Michael Petersen,7,5.2631578947368425
656848,Michael Petersen,8,15.789473684210526
656848,Michael Petersen,9,5.2631578947368425
656849,David Peterson,1,4.433497536945813
656849,David Peterson,2,8.866995073891626
656849,David Peterson,3,10.83743842364532
656849,David Peterson,4,10.344827586206897
656849,David Peterson,5,13.79310344827586
656849,David Peterson,6,13.79310344827586
656849,David Peterson,7,14.285714285714286
656849,David Peterson,8,13.300492610837438
656849,David Peterson,9,10.344827586206897
656876,Drew Rasmussen,1,4.639175257731959
656876,Drew Rasmussen,2,12.371134020618555
656876,Drew Rasmussen,3,10.309278350515465
656876,Drew Rasmussen,4,7.731958762886598
656876,Drew Rasmussen,5,14.948453608247425
656876,Drew Rasmussen,6,19.587628865979383
656876,Drew Rasmussen,7,6.701030927835052
656876,Drew Rasmussen,8,12.88659793814433
656876,Drew Rasmussen,9,10.824742268041238
656945,Tanner Scott,1,7.407407407407407
656945,Tanner Scott,2,4.938271604938271
656945,Tanner Scott,3,16.049382716049383
656945,Tanner Scott,4,13.580246913580249
656945,Tanner Scott,5,16.049382716049383
656945,Tanner Scott,6,13.580246913580249
656945,Tanner Scott,7,14.814814814814817
656945,Tanner Scott,8,7.407407407407407
656945,Tanner Scott,9,6.172839506172839
656986,Bennett Sousa,1,2.4390243902439024
656986,Bennett Sousa,2,3.658536585365854
656986,Bennett Sousa,3,10.975609756097562
656986,Bennett Sousa,4,7.317073170731708
656986,Bennett Sousa,5,19.51219512195122
656986,Bennett Sousa,6,10.975609756097562
656986,Bennett Sousa,7,15.853658536585366
656986,Bennett Sousa,8,17.073170731707318
656986,Bennett Sousa,9,12.195121951219512
657097,Jacob Webb,1,10.294117647058824
657097,Jacob Webb,2,5.882352941176471
657097,Jacob Webb,3,10.294117647058824
657097,Jacob Webb,4,22.058823529411764
657097,Jacob Webb,5,10.294117647058824
657097,Jacob Webb,6,8.823529411764707
657097,Jacob Webb,7,8.823529411764707
657097,Jacob Webb,8,16.176470588235293
657097,Jacob Webb,9,7.352941176470588
657277,Logan Webb,1,4.166666666666667
657277,Logan Webb,2,7.5
657277,Logan Webb,3,5.833333333333333
657277,Logan Webb,4,16.666666666666668
657277,Logan Webb,5,18.33333333333333
657277,Logan Webb,6,9.166666666666666
657277,Logan Webb,7,6.666666666666667
657277,Logan Webb,8,23.33333333333333
657277,Logan Webb,9,8.333333333333334
657376,Clarke Schmidt,1,14.285714285714286
657376,Clarke Schmidt,4,14.285714285714286
657376,Clarke Schmidt,6,42.85714285714285
657376,Clarke Schmidt,7,14.285714285714286
657376,Clarke Schmidt,8,14.285714285714286
657514,Brennan Bernardino,1,4.615384615384615
657514,Brennan Bernardino,2,3.076923076923077
657514,Brennan Bernardino,3,7.6923076923076925
657514,Brennan Bernardino,4,10.76923076923077
657514,Brennan Bernardino,5,20.0
657514,Brennan Bernardino,6,18.46153846153846
657514,Brennan Bernardino,7,9.23076923076923
657514,Brennan Bernardino,8,13.846153846153848
657514,Brennan Bernardino,9,12.307692307692308
657612,Tim Hill,1,20.75471698113208
657612,Tim Hill,2,3.7735849056603774
657612,Tim Hill,3,11.320754716981131
657612,Tim Hill,4,13.20754716981132
657612,Tim Hill,5,9.433962264150944
657612,Tim Hill,6,9.433962264150944
657612,Tim Hill,7,13.20754716981132
657612,Tim Hill,8,11.320754716981131
657612,Tim Hill,9,7.547169811320755
657746,Joe Ryan,1,6.395348837209302
657746,Joe Ryan,2,13.953488372093023
657746,Joe Ryan,3,8.720930232558139
657746,Joe Ryan,4,8.720930232558139
657746,Joe Ryan,5,13.953488372093023
657746,Joe Ryan,6,11.046511627906977
657746,Joe Ryan,7,8.13953488372093
657746,Joe Ryan,8,14.534883720930232
657746,Joe Ryan,9,14.534883720930232
660761,José Suarez,4,20.0
660761,José Suarez,5,20.0
660761,José Suarez,6,20.0
660761,José Suarez,7,20.0
660761,José Suarez,9,20.0
660787,Yerry De los Santos,1,13.043478260869565
660787,Yerry De los Santos,2,4.3478260869565215
660787,Yerry De los Santos,3,4.3478260869565215
660787,Yerry De los Santos,4,8.695652173913043
660787,Yerry De los Santos,5,8.695652173913043
660787,Yerry De los Santos,6,21.73913043478261
660787,Yerry De los Santos,7,8.695652173913043
660787,Yerry De los Santos,8,8.695652173913043
660787,Yerry De los Santos,9,21.73913043478261
660825,Eduard Bazardo,1,10.9375
660825,Eduard Bazardo,2,10.9375
660825,Eduard Bazardo,3,6.25
660825,Eduard Bazardo,4,7.8125
660825,Eduard Bazardo,5,17.1875
660825,Eduard Bazardo,6,20.3125
660825,Eduard Bazardo,7,6.25
660825,Eduard Bazardo,8,10.9375
660825,Eduard Bazardo,9,9.375
660853,Enyel De Los Santos,1,16.3265306122449
660853,Enyel De Los Santos,2,2.0408163265306123
660853,Enyel De Los Santos,3,10.20408163265306
660853,Enyel De Los Santos,4,18.367346938775512
660853,Enyel De Los Santos,5,12.244897959183673
660853,Enyel De Los Santos,6,14.285714285714286
660853,Enyel De Los Santos,7,10.20408163265306
660853,Enyel De Los Santos,8,8.16326530612245
660853,Enyel De Los Santos,9,8.16326530612245
661395,Jhoan Duran,1,10.294117647058824
661395,Jhoan Duran,2,11.764705882352942
661395,Jhoan Duran,3,5.882352941176471
661395,Jhoan Duran,4,7.352941176470588
661395,Jhoan Duran,5,11.764705882352942
661395,Jhoan Duran,6,20.58823529411765
661395,Jhoan Duran,7,7.352941176470588
661395,Jhoan Duran,8,17.647058823529413
661395,Jhoan Duran,9,7.352941176470588
661563,Luis Gil,1,12.5
661563,Luis Gil,2,14.285714285714286
661563,Luis Gil,3,10.714285714285714
661563,Luis Gil,4,3.571428571428572
661563,Luis Gil,5,12.5
661563,Luis Gil,6,17.857142857142858
661563,Luis Gil,7,1.7857142857142858
661563,Luis Gil,8,8.928571428571429
661563,Luis Gil,9,17.857142857142858
662253,Andrés Muñoz,1,19.148936170212767
662253,Andrés Muñoz,2,10.638297872340424
662253,Andrés Muñoz,3,2.127659574468085
662253,Andrés Muñoz,4,12.76595744680851
662253,Andrés Muñoz,5,14.893617021276595
662253,Andrés Muñoz,6,6.382978723404255
662253,Andrés Muñoz,7,10.638297872340424
662253,Andrés Muñoz,8,21.27659574468085
662253,Andrés Muñoz,9,2.127659574468085
663158,Robert Suarez,2,23.07692307692308
663158,Robert Suarez,3,15.384615384615383
663158,Robert Suarez,4,7.6923076923076925
663158,Robert Suarez,5,15.384615384615383
663158,Robert Suarez,6,15.384615384615383
663158,Robert Suarez,8,15.384615384615383
663158,Robert Suarez,9,7.6923076923076925
663362,Matt Waldron,6,100.0
663372,Ryan Feltner,1,9.574468085106384
663372,Ryan Feltner,2,13.297872340425531
663372,Ryan Feltner,3,7.446808510638298
663372,Ryan Feltner,4,10.638297872340424
663372,Ryan Feltner,5,14.361702127659576
663372,Ryan Feltner,6,12.23404255319149
663372,Ryan Feltner,7,7.446808510638298
663372,Ryan Feltner,8,14.893617021276595
663372,Ryan Feltner,9,10.106382978723405
663423,Trent Thornton,1,7.6923076923076925
663423,Trent Thornton,2,11.538461538461538
663423,Trent Thornton,3,11.538461538461538
663423,Trent Thornton,4,7.6923076923076925
663423,Trent Thornton,5,11.538461538461538
663423,Trent Thornton,6,26.923076923076923
663423,Trent Thornton,7,7.6923076923076925
663423,Trent Thornton,8,3.8461538461538463
663423,Trent Thornton,9,11.538461538461538
663436,Davis Martin,1,10.071942446043163
663436,Davis Martin,2,7.913669064748201
663436,Davis Martin,3,5.035971223021583
663436,Davis Martin,4,12.23021582733813
663436,Davis Martin,5,21.58273381294964
663436,Davis Martin,6,9.352517985611511
663436,Davis Martin,7,9.352517985611511
663436,Davis Martin,8,13.66906474820144
663436,Davis Martin,9,10.79136690647482
663460,Kris Bubic,1,7.894736842105263
663460,Kris Bubic,2,7.894736842105263
663460,Kris Bubic,3,5.2631578947368425
663460,Kris Bubic,4,13.157894736842104
663460,Kris Bubic,5,26.31578947368421
663460,Kris Bubic,6,13.157894736842104
663460,Kris Bubic,7,10.526315789473683
663460,Kris Bubic,8,10.526315789473683
663460,Kris Bubic,9,5.2631578947368425
663542,Bryan Hudson,1,5.128205128205129
663542,Bryan Hudson,2,8.974358974358974
663542,Bryan Hudson,3,11.538461538461538
663542,Bryan Hudson,4,19.23076923076923
663542,Bryan Hudson,5,20.512820512820515
663542,Bryan Hudson,6,14.102564102564102
663542,Bryan Hudson,7,5.128205128205129
663542,Bryan Hudson,8,10.256410256410255
663542,Bryan Hudson,9,5.128205128205129
663554,Casey Mize,1,12.048192771084338
663554,Casey Mize,2,9.63855421686747
663554,Casey Mize,3,9.63855421686747
663554,Casey Mize,4,8.433734939759036
663554,Casey Mize,5,14.457831325301203
663554,Casey Mize,6,16.265060240963855
663554,Casey Mize,7,10.240963855421686
663554,Casey Mize,8,10.843373493975903
663554,Casey Mize,9,8.433734939759036
663556,Shane McClanahan,1,7.317073170731708
663556,Shane McClanahan,2,9.75609756097561
663556,Shane McClanahan,3,4.878048780487805
663556,Shane McClanahan,4,17.073170731707318
663556,Shane McClanahan,5,19.51219512195122
663556,Shane McClanahan,6,19.51219512195122
663556,Shane McClanahan,7,12.195121951219512
663556,Shane McClanahan,8,9.75609756097561
663558,Jovani Morán,1,1.96078431372549
663558,Jovani Morán,2,11.764705882352942
663558,Jovani Morán,3,15.68627450980392
663558,Jovani Morán,4,3.92156862745098
663558,Jovani Morán,5,11.764705882352942
663558,Jovani Morán,6,3.92156862745098
663558,Jovani Morán,7,17.647058823529413
663558,Jovani Morán,8,11.764705882352942
663558,Jovani Morán,9,21.568627450980397
663559,Bailey Falter,1,7.6923076923076925
663559,Bailey Falter,2,11.538461538461538
663559,Bailey Falter,3,7.6923076923076925
663559,Bailey Falter,4,7.6923076923076925
663559,Bailey Falter,5,19.23076923076923
663559,Bailey Falter,6,19.23076923076923
663559,Bailey Falter,7,19.23076923076923
663559,Bailey Falter,8,3.8461538461538463
663559,Bailey Falter,9,3.8461538461538463
663567,Peter Lambert,1,10.824742268041238
663567,Peter Lambert,2,13.402061855670103
663567,Peter Lambert,3,5.670103092783505
663567,Peter Lambert,4,9.793814432989691
663567,Peter Lambert,5,13.917525773195877
663567,Peter Lambert,6,10.824742268041238
663567,Peter Lambert,7,11.34020618556701
663567,Peter Lambert,8,14.948453608247425
663567,Peter Lambert,9,9.278350515463918
663574,Tony Santillan,1,19.607843137254903
663574,Tony Santillan,2,17.647058823529413
663574,Tony Santillan,3,1.96078431372549
663574,Tony Santillan,4,13.72549019607843
663574,Tony Santillan,5,13.72549019607843
663574,Tony Santillan,6,7.84313725490196
663574,Tony Santillan,8,15.68627450980392
663574,Tony Santillan,9,9.803921568627452
663623,Jake Irvin,1,8.906882591093117
663623,Jake Irvin,2,10.526315789473683
663623,Jake Irvin,3,8.502024291497976
663623,Jake Irvin,4,10.931174089068826
663623,Jake Irvin,5,20.242914979757085
663623,Jake Irvin,6,14.17004048582996
663623,Jake Irvin,7,6.0728744939271255
663623,Jake Irvin,8,7.287449392712551
663623,Jake Irvin,9,13.360323886639677
663687,Hogan Harris,1,14.285714285714286
663687,Hogan Harris,2,14.285714285714286
663687,Hogan Harris,3,1.9047619047619049
663687,Hogan Harris,4,20.952380952380956
663687,Hogan Harris,5,9.523809523809524
663687,Hogan Harris,6,6.666666666666667
663687,Hogan Harris,7,18.09523809523809
663687,Hogan Harris,8,10.476190476190476
663687,Hogan Harris,9,3.809523809523809
663738,Daniel Lynch IV,1,2.272727272727273
663738,Daniel Lynch IV,2,7.954545454545454
663738,Daniel Lynch IV,3,11.931818181818182
663738,Daniel Lynch IV,4,6.818181818181818
663738,Daniel Lynch IV,5,12.5
663738,Daniel Lynch IV,6,18.75
663738,Daniel Lynch IV,7,7.386363636363637
663738,Daniel Lynch IV,8,16.477272727272727
663738,Daniel Lynch IV,9,15.909090909090908
663765,Jake Woodford,3,16.666666666666668
663765,Jake Woodford,4,25.0
663765,Jake Woodford,5,16.666666666666668
663765,Jake Woodford,6,8.333333333333334
663765,Jake Woodford,7,33.333333333333336
663767,Chase Shugart,1,10.76923076923077
663767,Chase Shugart,2,18.46153846153846
663767,Chase Shugart,3,7.6923076923076925
663767,Chase Shugart,4,15.384615384615383
663767,Chase Shugart,5,10.76923076923077
663767,Chase Shugart,6,10.76923076923077
663767,Chase Shugart,7,1.5384615384615383
663767,Chase Shugart,8,13.846153846153848
663767,Chase Shugart,9,10.76923076923077
663776,Patrick Sandoval,1,4.721030042918455
663776,Patrick Sandoval,2,9.44206008583691
663776,Patrick Sandoval,3,9.012875536480689
663776,Patrick Sandoval,4,9.871244635193133
663776,Patrick Sandoval,5,16.30901287553648
663776,Patrick Sandoval,6,11.158798283261802
663776,Patrick Sandoval,7,12.017167381974248
663776,Patrick Sandoval,8,13.733905579399142
663776,Patrick Sandoval,9,13.733905579399142
663795,Justin Hagenman,1,5.2631578947368425
663795,Justin Hagenman,2,10.526315789473683
663795,Justin Hagenman,3,7.017543859649122
663795,Justin Hagenman,4,10.526315789473683
663795,Justin Hagenman,5,21.05263157894737
663795,Justin Hagenman,6,12.280701754385966
663795,Justin Hagenman,7,7.017543859649122
663795,Justin Hagenman,8,15.789473684210526
663795,Justin Hagenman,9,10.526315789473683
663855,Jordan Hicks,1,8.571428571428571
663855,Jordan Hicks,2,21.428571428571427
663855,Jordan Hicks,3,11.428571428571429
663855,Jordan Hicks,4,4.285714285714286
663855,Jordan Hicks,5,12.857142857142858
663855,Jordan Hicks,6,15.714285714285714
663855,Jordan Hicks,7,8.571428571428571
663855,Jordan Hicks,8,7.142857142857143
663855,Jordan Hicks,9,10.0
663878,Nate Pearson,1,12.5
663878,Nate Pearson,2,16.666666666666668
663878,Nate Pearson,3,10.416666666666666
663878,Nate Pearson,4,9.375
663878,Nate Pearson,5,18.75
663878,Nate Pearson,6,5.208333333333333
663878,Nate Pearson,7,5.208333333333333
663878,Nate Pearson,8,14.583333333333334
663878,Nate Pearson,9,7.291666666666667
663893,Brendon Little,1,7.547169811320755
663893,Brendon Little,2,9.433962264150944
663893,Brendon Little,3,9.433962264150944
663893,Brendon Little,4,13.20754716981132
663893,Brendon Little,5,16.9811320754717
663893,Brendon Little,6,11.320754716981131
663893,Brendon Little,7,9.433962264150944
663893,Brendon Little,8,16.9811320754717
663893,Brendon Little,9,5.660377358490566
663903,Brady Singer,1,6.0606060606060606
663903,Brady Singer,2,9.090909090909092
663903,Brady Singer,3,6.666666666666667
663903,Brady Singer,4,11.515151515151516
663903,Brady Singer,5,16.363636363636363
663903,Brady Singer,6,15.757575757575758
663903,Brady Singer,7,9.696969696969695
663903,Brady Singer,8,13.333333333333334
663903,Brady Singer,9,11.515151515151516
663941,Tristan Beck,1,2.7777777777777777
663941,Tristan Beck,2,16.666666666666668
663941,Tristan Beck,3,11.11111111111111
663941,Tristan Beck,4,2.7777777777777777
663941,Tristan Beck,5,11.11111111111111
663941,Tristan Beck,6,27.77777777777778
663941,Tristan Beck,7,5.555555555555555
663941,Tristan Beck,8,11.11111111111111
663941,Tristan Beck,9,11.11111111111111
663947,Tyler Holton,1,4.6875
663947,Tyler Holton,2,4.6875
663947,Tyler Holton,3,6.25
663947,Tyler Holton,4,6.25
663947,Tyler Holton,5,17.1875
663947,Tyler Holton,6,14.0625
663947,Tyler Holton,7,10.9375
663947,Tyler Holton,8,23.4375
663947,Tyler Holton,9,12.5
663969,Tyler Phillips,1,12.0
663969,Tyler Phillips,2,6.0
663969,Tyler Phillips,3,2.0
663969,Tyler Phillips,4,16.666666666666668
663969,Tyler Phillips,5,10.666666666666666
663969,Tyler Phillips,6,6.666666666666667
663969,Tyler Phillips,7,11.333333333333334
663969,Tyler Phillips,8,20.666666666666668
663969,Tyler Phillips,9,14.0
663992,Richard Lovelady,2,9.523809523809524
663992,Richard Lovelady,3,9.523809523809524
663992,Richard Lovelady,5,16.666666666666668
663992,Richard Lovelady,6,21.428571428571427
663992,Richard Lovelady,7,11.904761904761903
663992,Richard Lovelady,8,14.285714285714286
663992,Richard Lovelady,9,16.666666666666668
664062,Tony Gonsolin,1,13.043478260869565
664062,Tony Gonsolin,2,8.695652173913043
664062,Tony Gonsolin,3,13.043478260869565
664062,Tony Gonsolin,4,13.043478260869565
664062,Tony Gonsolin,5,17.391304347826086
664062,Tony Gonsolin,6,4.3478260869565215
664062,Tony Gonsolin,8,13.043478260869565
664062,Tony Gonsolin,9,17.391304347826086
664076,Garrett Cleavinger,2,16.666666666666668
664076,Garrett Cleavinger,3,8.333333333333334
664076,Garrett Cleavinger,4,25.0
664076,Garrett Cleavinger,5,16.666666666666668
664076,Garrett Cleavinger,6,8.333333333333334
664076,Garrett Cleavinger,8,8.333333333333334
664076,Garrett Cleavinger,9,16.666666666666668
664126,Pete Fairbanks,1,30.76923076923077
664126,Pete Fairbanks,2,15.384615384615383
664126,Pete Fairbanks,3,7.6923076923076925
664126,Pete Fairbanks,4,7.6923076923076925
664126,Pete Fairbanks,5,7.6923076923076925
664126,Pete Fairbanks,7,15.384615384615383
664126,Pete Fairbanks,8,7.6923076923076925
664126,Pete Fairbanks,9,7.6923076923076925
664129,Geoff Hartlieb,1,10.526315789473683
664129,Geoff Hartlieb,2,7.368421052631579
664129,Geoff Hartlieb,3,9.473684210526317
664129,Geoff Hartlieb,4,2.1052631578947367
664129,Geoff Hartlieb,5,15.789473684210526
664129,Geoff Hartlieb,6,11.578947368421051
664129,Geoff Hartlieb,7,5.2631578947368425
664129,Geoff Hartlieb,8,14.736842105263158
664129,Geoff Hartlieb,9,23.157894736842103
664199,Taylor Clarke,1,10.81081081081081
664199,Taylor Clarke,2,9.45945945945946
664199,Taylor Clarke,3,4.054054054054054
664199,Taylor Clarke,4,6.756756756756757
664199,Taylor Clarke,5,10.81081081081081
664199,Taylor Clarke,6,12.16216216216216
664199,Taylor Clarke,7,13.513513513513514
664199,Taylor Clarke,8,16.216216216216218
664199,Taylor Clarke,9,16.216216216216218
664285,Framber Valdez,1,4.216867469879518
664285,Framber Valdez,2,10.843373493975903
664285,Framber Valdez,3,6.626506024096385
664285,Framber Valdez,4,10.843373493975903
664285,Framber Valdez,5,13.25301204819277
664285,Framber Valdez,6,10.843373493975903
664285,Framber Valdez,7,11.44578313253012
664285,Framber Valdez,8,20.48192771084337
664285,Framber Valdez,9,11.44578313253012
664299,Cristian Javier,1,8.547008547008547
664299,Cristian Javier,2,9.401709401709402
664299,Cristian Javier,3,10.256410256410255
664299,Cristian Javier,4,8.547008547008547
664299,Cristian Javier,5,13.675213675213676
664299,Cristian Javier,6,13.675213675213676
664299,Cristian Javier,7,7.6923076923076925
664299,Cristian Javier,8,14.52991452991453
664299,Cristian Javier,9,13.675213675213676
664353,José Urquidy,1,8.49056603773585
664353,José Urquidy,2,8.49056603773585
664353,José Urquidy,3,9.433962264150944
664353,José Urquidy,4,20.75471698113208
664353,José Urquidy,5,13.20754716981132
664353,José Urquidy,6,8.49056603773585
664353,José Urquidy,7,12.264150943396226
664353,José Urquidy,8,13.20754716981132
664353,José Urquidy,9,5.660377358490566
664991,Grant Wolfram,1,9.195402298850574
664991,Grant Wolfram,2,19.54022988505747
664991,Grant Wolfram,3,12.64367816091954
664991,Grant Wolfram,4,12.64367816091954
664991,Grant Wolfram,5,8.045977011494253
664991,Grant Wolfram,6,17.24137931034483
664991,Grant Wolfram,7,9.195402298850574
664991,Grant Wolfram,8,10.344827586206897
664991,Grant Wolfram,9,1.1494252873563218
665152,Dean Kremer,1,9.137055837563452
665152,Dean Kremer,2,15.228426395939088
665152,Dean Kremer,3,10.152284263959393
665152,Dean Kremer,4,7.614213197969543
665152,Dean Kremer,5,13.705583756345176
665152,Dean Kremer,6,10.65989847715736
665152,Dean Kremer,7,10.65989847715736
665152,Dean Kremer,8,14.213197969543147
665152,Dean Kremer,9,8.629441624365482
665622,Luis Medina,1,10.344827586206897
665622,Luis Medina,2,11.494252873563218
665622,Luis Medina,3,8.045977011494253
665622,Luis Medina,4,11.494252873563218
665622,Luis Medina,5,16.091954022988507
665622,Luis Medina,6,8.045977011494253
665622,Luis Medina,7,5.747126436781609
665622,Luis Medina,8,13.79310344827586
665622,Luis Medina,9,14.942528735632184
665660,Elvis Alvarado,1,15.730337078651685
665660,Elvis Alvarado,2,21.34831460674157
665660,Elvis Alvarado,3,7.865168539325842
665660,Elvis Alvarado,4,8.98876404494382
665660,Elvis Alvarado,5,10.112359550561798
665660,Elvis Alvarado,6,13.48314606741573
665660,Elvis Alvarado,7,7.865168539325842
665660,Elvis Alvarado,8,10.112359550561798
665660,Elvis Alvarado,9,4.49438202247191
665665,Reiver Sanmartin,2,8.88888888888889
665665,Reiver Sanmartin,3,2.2222222222222223
665665,Reiver Sanmartin,4,11.11111111111111
665665,Reiver Sanmartin,5,11.11111111111111
665665,Reiver Sanmartin,6,11.11111111111111
665665,Reiver Sanmartin,7,22.22222222222222
665665,Reiver Sanmartin,8,17.77777777777778
665665,Reiver Sanmartin,9,15.555555555555555
665795,Edward Cabrera,1,3.0303030303030303
665795,Edward Cabrera,2,6.0606060606060606
665795,Edward Cabrera,4,21.21212121212121
665795,Edward Cabrera,5,18.181818181818183
665795,Edward Cabrera,6,15.151515151515152
665795,Edward Cabrera,7,12.12121212121212
665795,Edward Cabrera,8,15.151515151515152
665795,Edward Cabrera,9,9.090909090909092
665871,Javier Assad,1,6.122448979591836
665871,Javier Assad,2,10.20408163265306
665871,Javier Assad,3,5.1020408163265305
665871,Javier Assad,4,16.3265306122449
665871,Javier Assad,5,17.346938775510203
665871,Javier Assad,6,10.20408163265306
665871,Javier Assad,7,10.20408163265306
665871,Javier Assad,8,14.285714285714286
665871,Javier Assad,9,10.20408163265306
666126,Carlos Cortes,1,8.333333333333334
666126,Carlos Cortes,3,16.666666666666668
666126,Carlos Cortes,4,8.333333333333334
666126,Carlos Cortes,5,8.333333333333334
666126,Carlos Cortes,6,8.333333333333334
666126,Carlos Cortes,7,25.0
666126,Carlos Cortes,8,16.666666666666668
666126,Carlos Cortes,9,8.333333333333334
666129,Braxton Garrett,2,3.703703703703704
666129,Braxton Garrett,3,7.407407407407407
666129,Braxton Garrett,4,11.11111111111111
666129,Braxton Garrett,5,11.11111111111111
666129,Braxton Garrett,6,11.11111111111111
666129,Braxton Garrett,7,11.11111111111111
666129,Braxton Garrett,8,22.22222222222222
666129,Braxton Garrett,9,22.22222222222222
666157,Nick Lodolo,1,6.334841628959276
666157,Nick Lodolo,2,10.85972850678733
666157,Nick Lodolo,3,9.049773755656108
666157,Nick Lodolo,4,10.407239819004523
666157,Nick Lodolo,5,18.099547511312217
666157,Nick Lodolo,6,11.764705882352942
666157,Nick Lodolo,7,11.312217194570136
666157,Nick Lodolo,8,12.669683257918551
666157,Nick Lodolo,9,9.502262443438914
666171,Ryan Zeferjahn,1,6.849315068493151
666171,Ryan Zeferjahn,2,6.849315068493151
666171,Ryan Zeferjahn,3,4.109589041095891
666171,Ryan Zeferjahn,4,8.219178082191782
666171,Ryan Zeferjahn,5,17.80821917808219
666171,Ryan Zeferjahn,6,15.068493150684931
666171,Ryan Zeferjahn,7,6.849315068493151
666171,Ryan Zeferjahn,8,26.02739726027397
666171,Ryan Zeferjahn,9,8.219178082191782
666200,Jesús Luzardo,1,9.803921568627452
666200,Jesús Luzardo,2,11.764705882352942
666200,Jesús Luzardo,3,7.84313725490196
666200,Jesús Luzardo,4,12.745098039215684
666200,Jesús Luzardo,5,17.647058823529413
666200,Jesús Luzardo,6,7.84313725490196
666200,Jesús Luzardo,7,10.784313725490197
666200,Jesús Luzardo,8,10.784313725490197
666200,Jesús Luzardo,9,10.784313725490197
666277,George Soriano,1,11.39240506329114
666277,George Soriano,2,11.39240506329114
666277,George Soriano,4,15.189873417721518
666277,George Soriano,5,10.126582278481012
666277,George Soriano,6,7.594936708860759
666277,George Soriano,7,16.455696202531644
666277,George Soriano,8,13.924050632911392
666277,George Soriano,9,13.924050632911392
666661,Juan Morillo,1,5.970149253731344
666661,Juan Morillo,2,8.955223880597014
666661,Juan Morillo,3,4.477611940298507
666661,Juan Morillo,4,14.92537313432836
666661,Juan Morillo,5,16.417910447761194
666661,Juan Morillo,6,10.447761194029852
666661,Juan Morillo,7,14.92537313432836
666661,Juan Morillo,8,16.417910447761194
666661,Juan Morillo,9,7.462686567164179
666745,Jhony Brito,1,14.285714285714286
666745,Jhony Brito,3,4.761904761904762
666745,Jhony Brito,4,38.095238095238095
666745,Jhony Brito,5,14.285714285714286
666745,Jhony Brito,6,14.285714285714286
666745,Jhony Brito,7,9.523809523809524
666745,Jhony Brito,9,4.761904761904762
666808,Camilo Doval,1,10.294117647058824
666808,Camilo Doval,2,13.235294117647058
666808,Camilo Doval,3,4.411764705882353
666808,Camilo Doval,4,13.235294117647058
666808,Camilo Doval,5,17.647058823529413
666808,Camilo Doval,6,8.823529411764707
666808,Camilo Doval,7,14.705882352941176
666808,Camilo Doval,8,4.411764705882353
666808,Camilo Doval,9,13.235294117647058
666974,Yennier Cano,2,2.083333333333333
666974,Yennier Cano,4,8.333333333333334
666974,Yennier Cano,5,27.08333333333333
666974,Yennier Cano,6,8.333333333333334
666974,Yennier Cano,7,16.666666666666668
666974,Yennier Cano,8,25.0
666974,Yennier Cano,9,12.5
667297,Tommy Nance,1,8.219178082191782
667297,Tommy Nance,2,12.32876712328767
667297,Tommy Nance,3,10.95890410958904
667297,Tommy Nance,4,4.109589041095891
667297,Tommy Nance,5,16.438356164383563
667297,Tommy Nance,6,13.6986301369863
667297,Tommy Nance,7,9.58904109589041
667297,Tommy Nance,8,17.80821917808219
667297,Tommy Nance,9,6.849315068493151
667652,Jack Ralston,1,9.243697478991596
667652,Jack Ralston,2,13.445378151260504
667652,Jack Ralston,3,7.563025210084033
667652,Jack Ralston,4,6.722689075630252
667652,Jack Ralston,5,18.48739495798319
667652,Jack Ralston,6,13.445378151260504
667652,Jack Ralston,7,10.084033613445378
667652,Jack Ralston,8,13.445378151260504
667652,Jack Ralston,9,7.563025210084033
667755,José Soriano,1,4.591836734693878
667755,José Soriano,2,7.142857142857143
667755,José Soriano,3,4.081632653061225
667755,José Soriano,4,11.224489795918368
667755,José Soriano,5,18.877551020408163
667755,José Soriano,6,7.653061224489796
667755,José Soriano,7,15.816326530612244
667755,José Soriano,8,14.79591836734694
667755,José Soriano,9,15.816326530612244
668674,Lucas Erceg,1,16.216216216216218
668674,Lucas Erceg,2,16.216216216216218
668674,Lucas Erceg,3,13.513513513513514
668674,Lucas Erceg,4,16.216216216216218
668674,Lucas Erceg,5,10.81081081081081
668674,Lucas Erceg,6,2.702702702702702
668674,Lucas Erceg,7,5.405405405405405
668674,Lucas Erceg,8,10.81081081081081
668674,Lucas Erceg,9,8.108108108108109
668678,Zac Gallen,1,4.6875
668678,Zac Gallen,2,10.9375
668678,Zac Gallen,3,1.5625
668678,Zac Gallen,4,15.625
668678,Zac Gallen,5,15.625
668678,Zac Gallen,6,15.625
668678,Zac Gallen,7,17.1875
668678,Zac Gallen,8,9.375
668678,Zac Gallen,9,9.375
668820,Max Kranick,1,9.090909090909092
668820,Max Kranick,2,13.636363636363637
668820,Max Kranick,3,13.636363636363637
668820,Max Kranick,4,4.545454545454546
668820,Max Kranick,5,9.090909090909092
668820,Max Kranick,6,4.545454545454546
668820,Max Kranick,7,13.636363636363637
668820,Max Kranick,8,27.272727272727277
668820,Max Kranick,9,4.545454545454546
668831,Garrett Stallings,1,8.333333333333334
668831,Garrett Stallings,2,11.11111111111111
668831,Garrett Stallings,3,2.7777777777777777
668831,Garrett Stallings,4,5.555555555555555
668831,Garrett Stallings,5,16.666666666666668
668831,Garrett Stallings,6,13.88888888888889
668831,Garrett Stallings,7,13.88888888888889
668831,Garrett Stallings,8,8.333333333333334
668831,Garrett Stallings,9,19.444444444444443
668834,Easton McGee,1,20.0
668834,Easton McGee,4,20.0
668834,Easton McGee,5,10.0
668834,Easton McGee,6,26.666666666666668
668834,Easton McGee,7,6.666666666666667
668834,Easton McGee,8,16.666666666666668
668909,Gavin Williams,1,9.90566037735849
668909,Gavin Williams,2,11.320754716981131
668909,Gavin Williams,3,9.433962264150944
668909,Gavin Williams,4,8.49056603773585
668909,Gavin Williams,5,14.150943396226417
668909,Gavin Williams,6,17.452830188679247
668909,Gavin Williams,7,5.188679245283019
668909,Gavin Williams,8,10.37735849056604
668909,Gavin Williams,9,13.679245283018869
668933,Graham Ashcraft,1,6.0606060606060606
668933,Graham Ashcraft,2,13.636363636363637
668933,Graham Ashcraft,3,10.606060606060606
668933,Graham Ashcraft,4,6.0606060606060606
668933,Graham Ashcraft,5,15.151515151515152
668933,Graham Ashcraft,6,16.666666666666668
668933,Graham Ashcraft,7,1.5151515151515151
668933,Graham Ashcraft,8,9.090909090909092
668933,Graham Ashcraft,9,21.21212121212121
668941,JoJo Romero,1,3.883495145631068
668941,JoJo Romero,2,10.679611650485436
668941,JoJo Romero,3,11.650485436893204
668941,JoJo Romero,4,10.679611650485436
668941,JoJo Romero,5,9.70873786407767
668941,JoJo Romero,6,12.62135922330097
668941,JoJo Romero,7,13.592233009708735
668941,JoJo Romero,8,15.533980582524272
668941,JoJo Romero,9,11.650485436893204
668964,Tobias Myers,1,10.526315789473683
668964,Tobias Myers,2,8.771929824561404
668964,Tobias Myers,3,3.508771929824561
668964,Tobias Myers,4,14.035087719298245
668964,Tobias Myers,5,22.80701754385965
668964,Tobias Myers,6,8.771929824561404
668964,Tobias Myers,7,12.280701754385966
668964,Tobias Myers,8,3.508771929824561
668964,Tobias Myers,9,15.789473684210526
668970,Gavin Hollowell,5,33.333333333333336
668970,Gavin Hollowell,6,33.333333333333336
668970,Gavin Hollowell,8,33.333333333333336
668984,Casey Legumina,1,10.344827586206897
668984,Casey Legumina,2,6.896551724137931
668984,Casey Legumina,3,3.4482758620689653
668984,Casey Legumina,4,18.39080459770115
668984,Casey Legumina,5,17.24137931034483
668984,Casey Legumina,6,13.79310344827586
668984,Casey Legumina,7,5.747126436781609
668984,Casey Legumina,8,11.494252873563218
668984,Casey Legumina,9,12.64367816091954
669020,Ryan Rolison,1,7.5
669020,Ryan Rolison,2,11.25
669020,Ryan Rolison,3,12.5
669020,Ryan Rolison,4,6.25
669020,Ryan Rolison,5,16.25
669020,Ryan Rolison,6,15.0
669020,Ryan Rolison,7,12.5
669020,Ryan Rolison,8,12.5
669020,Ryan Rolison,9,6.25
669022,MacKenzie Gore,1,10.052910052910052
669022,MacKenzie Gore,2,17.98941798941799
669022,MacKenzie Gore,3,7.936507936507937
669022,MacKenzie Gore,4,15.873015873015872
669022,MacKenzie Gore,5,11.64021164021164
669022,MacKenzie Gore,6,8.994708994708995
669022,MacKenzie Gore,7,6.349206349206349
669022,MacKenzie Gore,8,13.227513227513228
669022,MacKenzie Gore,9,7.936507936507937
669060,Bryse Wilson,1,8.333333333333334
669060,Bryse Wilson,2,8.333333333333334
669060,Bryse Wilson,3,8.333333333333334
669060,Bryse Wilson,4,25.0
669060,Bryse Wilson,5,25.0
669060,Bryse Wilson,6,8.333333333333334
669060,Bryse Wilson,7,8.333333333333334
669060,Bryse Wilson,8,8.333333333333334
669062,Erik Miller,1,10.606060606060606
669062,Erik Miller,2,9.090909090909092
669062,Erik Miller,3,12.12121212121212
669062,Erik Miller,4,10.606060606060606
669062,Erik Miller,5,10.606060606060606
669062,Erik Miller,6,7.575757575757576
669062,Erik Miller,7,15.151515151515152
669062,Erik Miller,8,16.666666666666668
669062,Erik Miller,9,7.575757575757576
669084,DL Hall,1,4.958677685950414
669084,DL Hall,2,8.264462809917354
669084,DL Hall,3,12.396694214876034
669084,DL Hall,4,8.264462809917354
669084,DL Hall,5,16.52892561983471
669084,DL Hall,6,15.702479338842975
669084,DL Hall,7,12.396694214876034
669084,DL Hall,8,12.396694214876034
669084,DL Hall,9,9.090909090909092
669160,Dustin May,1,8.49673202614379
669160,Dustin May,2,7.84313725490196
669160,Dustin May,3,6.5359477124183005
669160,Dustin May,4,8.49673202614379
669160,Dustin May,5,16.33986928104575
669160,Dustin May,6,10.45751633986928
669160,Dustin May,7,11.764705882352942
669160,Dustin May,8,11.11111111111111
669160,Dustin May,9,18.954248366013072
669165,Kyle Hurt,1,11.11111111111111
669165,Kyle Hurt,2,14.814814814814817
669165,Kyle Hurt,3,7.407407407407407
669165,Kyle Hurt,4,7.407407407407407
669165,Kyle Hurt,5,14.814814814814817
669165,Kyle Hurt,6,14.814814814814817
669165,Kyle Hurt,7,14.814814814814817
669165,Kyle Hurt,8,3.703703703703704
669165,Kyle Hurt,9,11.11111111111111
669194,Ryne Nelson,2,12.82051282051282
669194,Ryne Nelson,3,15.384615384615383
669194,Ryne Nelson,4,5.128205128205129
669194,Ryne Nelson,5,23.07692307692308
669194,Ryne Nelson,6,7.6923076923076925
669194,Ryne Nelson,7,2.5641025641025643
669194,Ryne Nelson,8,15.384615384615383
669194,Ryne Nelson,9,17.94871794871795
669199,Lake Bachar,1,12.359550561797754
669199,Lake Bachar,2,10.112359550561798
669199,Lake Bachar,3,7.865168539325842
669199,Lake Bachar,4,8.98876404494382
669199,Lake Bachar,5,15.730337078651685
669199,Lake Bachar,6,11.235955056179776
669199,Lake Bachar,7,12.359550561797754
669199,Lake Bachar,8,10.112359550561798
669199,Lake Bachar,9,11.235955056179776
669203,Corbin Burnes,1,1.1764705882352942
669203,Corbin Burnes,2,7.0588235294117645
669203,Corbin Burnes,3,4.705882352941177
669203,Corbin Burnes,4,15.294117647058824
669203,Corbin Burnes,5,22.352941176470587
669203,Corbin Burnes,6,9.411764705882351
669203,Corbin Burnes,7,16.470588235294116
669203,Corbin Burnes,8,10.588235294117649
669203,Corbin Burnes,9,12.941176470588236
669270,Joel Kuhnel,1,11.904761904761903
669270,Joel Kuhnel,2,9.523809523809524
669270,Joel Kuhnel,3,2.380952380952381
669270,Joel Kuhnel,4,16.666666666666668
669270,Joel Kuhnel,5,14.285714285714286
669270,Joel Kuhnel,6,8.333333333333334
669270,Joel Kuhnel,7,11.904761904761903
669270,Joel Kuhnel,8,13.095238095238097
669270,Joel Kuhnel,9,11.904761904761903
669276,Dylan Lee,1,2.702702702702702
669276,Dylan Lee,2,16.216216216216218
669276,Dylan Lee,3,5.405405405405405
669276,Dylan Lee,4,24.324324324324323
669276,Dylan Lee,5,13.513513513513514
669276,Dylan Lee,6,2.702702702702702
669276,Dylan Lee,7,8.108108108108109
669276,Dylan Lee,8,13.513513513513514
669276,Dylan Lee,9,13.513513513513514
669302,Logan Gilbert,1,12.021857923497269
669302,Logan Gilbert,2,7.6502732240437155
669302,Logan Gilbert,3,8.19672131147541
669302,Logan Gilbert,4,10.382513661202186
669302,Logan Gilbert,5,14.207650273224044
669302,Logan Gilbert,6,7.103825136612022
669302,Logan Gilbert,7,9.836065573770492
669302,Logan Gilbert,8,17.48633879781421
669302,Logan Gilbert,9,13.114754098360656
669310,CJ Van Eyk,1,7.142857142857143
669310,CJ Van Eyk,2,9.523809523809524
669310,CJ Van Eyk,3,4.761904761904762
669310,CJ Van Eyk,5,16.666666666666668
669310,CJ Van Eyk,6,14.285714285714286
669310,CJ Van Eyk,7,9.523809523809524
669310,CJ Van Eyk,8,26.19047619047619
669310,CJ Van Eyk,9,11.904761904761903
669330,Tyler Wells,1,5.128205128205129
669330,Tyler Wells,2,17.94871794871795
669330,Tyler Wells,3,23.07692307692308
669330,Tyler Wells,4,5.128205128205129
669330,Tyler Wells,5,10.256410256410255
669330,Tyler Wells,6,5.128205128205129
669330,Tyler Wells,7,7.6923076923076925
669330,Tyler Wells,8,10.256410256410255
669330,Tyler Wells,9,15.384615384615383
669358,Shane Baz,1,12.429378531073446
669358,Shane Baz,2,14.124293785310735
669358,Shane Baz,3,8.474576271186441
669358,Shane Baz,4,6.779661016949152
669358,Shane Baz,5,12.429378531073446
669358,Shane Baz,6,14.124293785310735
669358,Shane Baz,7,9.6045197740113
669358,Shane Baz,8,14.124293785310735
669358,Shane Baz,9,7.909604519774011
669373,Tarik Skubal,1,8.189655172413794
669373,Tarik Skubal,2,16.379310344827587
669373,Tarik Skubal,3,10.775862068965518
669373,Tarik Skubal,4,12.06896551724138
669373,Tarik Skubal,5,12.93103448275862
669373,Tarik Skubal,6,9.051724137931034
669373,Tarik Skubal,7,7.327586206896552
669373,Tarik Skubal,8,10.775862068965518
669373,Tarik Skubal,9,12.5
669387,Carmen Mlodzinski,1,3.96039603960396
669387,Carmen Mlodzinski,2,5.9405940594059405
669387,Carmen Mlodzinski,3,3.96039603960396
669387,Carmen Mlodzinski,4,11.88118811881188
669387,Carmen Mlodzinski,5,19.8019801980198
669387,Carmen Mlodzinski,6,16.831683168316832
669387,Carmen Mlodzinski,7,7.920792079207921
669387,Carmen Mlodzinski,8,17.821782178217823
669387,Carmen Mlodzinski,9,11.88118811881188
669432,Trevor Rogers,1,9.7165991902834
669432,Trevor Rogers,2,15.789473684210526
669432,Trevor Rogers,3,7.6923076923076925
669432,Trevor Rogers,4,11.336032388663968
669432,Trevor Rogers,5,12.550607287449392
669432,Trevor Rogers,6,13.765182186234815
669432,Trevor Rogers,7,8.906882591093117
669432,Trevor Rogers,8,8.097165991902834
669432,Trevor Rogers,9,12.145748987854253
669438,Mason Englert,1,7.317073170731708
669438,Mason Englert,2,9.75609756097561
669438,Mason Englert,3,12.195121951219512
669438,Mason Englert,4,9.75609756097561
669438,Mason Englert,5,12.195121951219512
669438,Mason Englert,6,14.634146341463415
669438,Mason Englert,7,4.878048780487805
669438,Mason Englert,8,12.195121951219512
669438,Mason Englert,9,17.073170731707318
669461,Matthew Liberatore,1,9.58904109589041
669461,Matthew Liberatore,2,11.643835616438356
669461,Matthew Liberatore,3,8.904109589041095
669461,Matthew Liberatore,4,13.013698630136986
669461,Matthew Liberatore,5,19.863013698630137
669461,Matthew Liberatore,6,4.794520547945205
669461,Matthew Liberatore,7,10.273972602739724
669461,Matthew Liberatore,8,16.438356164383563
669461,Matthew Liberatore,9,5.47945205479452
669467,Andre Pallante,1,11.16279069767442
669467,Andre Pallante,2,13.488372093023257
669467,Andre Pallante,3,7.906976744186046
669467,Andre Pallante,4,11.627906976744184
669467,Andre Pallante,5,12.093023255813954
669467,Andre Pallante,6,11.627906976744184
669467,Andre Pallante,7,11.16279069767442
669467,Andre Pallante,8,11.16279069767442
669467,Andre Pallante,9,9.767441860465116
669620,Brady Basso,1,3.252032520325203
669620,Brady Basso,2,9.75609756097561
669620,Brady Basso,3,11.382113821138212
669620,Brady Basso,4,10.56910569105691
669620,Brady Basso,5,17.073170731707318
669620,Brady Basso,6,13.821138211382111
669620,Brady Basso,7,8.130081300813009
669620,Brady Basso,8,17.073170731707318
669620,Brady Basso,9,8.94308943089431
669684,Chris Murphy,2,9.30232558139535
669684,Chris Murphy,3,13.953488372093023
669684,Chris Murphy,4,9.30232558139535
669684,Chris Murphy,5,16.27906976744186
669684,Chris Murphy,6,16.27906976744186
669684,Chris Murphy,7,9.30232558139535
669684,Chris Murphy,8,18.6046511627907
669684,Chris Murphy,9,6.976744186046512
669704,Kade Strowd,1,20.0
669704,Kade Strowd,2,20.0
669704,Kade Strowd,4,10.0
669704,Kade Strowd,6,20.0
669704,Kade Strowd,7,20.0
669704,Kade Strowd,8,10.0
669711,Greg Weissert,1,7.246376811594203
669711,Greg Weissert,2,15.942028985507246
669711,Greg Weissert,3,11.594202898550725
669711,Greg Weissert,4,23.18840579710145
669711,Greg Weissert,5,14.492753623188406
669711,Greg Weissert,6,2.898550724637681
669711,Greg Weissert,7,7.246376811594203
669711,Greg Weissert,8,7.246376811594203
669711,Greg Weissert,9,10.144927536231885
669713,Hayden Wesneski,1,8.823529411764707
669713,Hayden Wesneski,2,13.72549019607843
669713,Hayden Wesneski,3,9.803921568627452
669713,Hayden Wesneski,4,7.84313725490196
669713,Hayden Wesneski,5,15.68627450980392
669713,Hayden Wesneski,6,13.235294117647058
669713,Hayden Wesneski,7,10.294117647058824
669713,Hayden Wesneski,8,8.333333333333334
669713,Hayden Wesneski,9,12.254901960784316
669854,Ronel Blanco,1,13.513513513513514
669854,Ronel Blanco,2,10.81081081081081
669854,Ronel Blanco,3,10.81081081081081
669854,Ronel Blanco,4,5.405405405405405
669854,Ronel Blanco,5,24.324324324324323
669854,Ronel Blanco,6,16.216216216216218
669854,Ronel Blanco,7,4.054054054054054
669854,Ronel Blanco,8,2.702702702702702
669854,Ronel Blanco,9,12.16216216216216
669923,George Kirby,1,10.869565217391305
669923,George Kirby,2,12.5
669923,George Kirby,3,8.695652173913043
669923,George Kirby,4,12.5
669923,George Kirby,5,13.58695652173913
669923,George Kirby,6,8.152173913043478
669923,George Kirby,7,10.326086956521738
669923,George Kirby,8,11.956521739130435
669923,George Kirby,9,11.41304347826087
669947,Jesse Scholtens,2,4.761904761904762
669947,Jesse Scholtens,3,19.047619047619047
669947,Jesse Scholtens,4,9.523809523809524
669947,Jesse Scholtens,5,9.523809523809524
669947,Jesse Scholtens,6,33.333333333333336
669947,Jesse Scholtens,8,9.523809523809524
669947,Jesse Scholtens,9,14.285714285714286
670036,Matt Festa,1,7.228915662650603
670036,Matt Festa,2,18.072289156626507
670036,Matt Festa,3,13.25301204819277
670036,Matt Festa,4,2.409638554216868
670036,Matt Festa,5,15.662650602409638
670036,Matt Festa,6,21.686746987951807
670036,Matt Festa,7,2.409638554216868
670036,Matt Festa,8,8.433734939759036
670036,Matt Festa,9,10.843373493975903
670059,Colin Holderman,1,12.5
670059,Colin Holderman,3,25.0
670059,Colin Holderman,4,12.5
670059,Colin Holderman,5,12.5
670059,Colin Holderman,7,25.0
670059,Colin Holderman,9,12.5
670062,Julian Garcia,1,8.064516129032258
670062,Julian Garcia,2,12.903225806451612
670062,Julian Garcia,3,11.290322580645162
670062,Julian Garcia,4,12.903225806451612
670062,Julian Garcia,5,12.903225806451612
670062,Julian Garcia,6,4.838709677419355
670062,Julian Garcia,7,4.838709677419355
670062,Julian Garcia,8,14.516129032258064
670062,Julian Garcia,9,17.741935483870968
670103,Raymond Burgos,1,2.631578947368421
670103,Raymond Burgos,2,9.210526315789474
670103,Raymond Burgos,3,18.42105263157895
670103,Raymond Burgos,4,5.2631578947368425
670103,Raymond Burgos,5,13.157894736842104
670103,Raymond Burgos,6,17.105263157894736
670103,Raymond Burgos,7,9.210526315789474
670103,Raymond Burgos,8,15.789473684210526
670103,Raymond Burgos,9,9.210526315789474
670167,John Schreiber,1,6.172839506172839
670167,John Schreiber,2,4.938271604938271
670167,John Schreiber,3,6.172839506172839
670167,John Schreiber,4,14.814814814814817
670167,John Schreiber,5,19.753086419753085
670167,John Schreiber,6,9.876543209876544
670167,John Schreiber,7,9.876543209876544
670167,John Schreiber,8,13.580246913580249
670167,John Schreiber,9,14.814814814814817
670183,Garrett Acton,1,13.88888888888889
670183,Garrett Acton,2,19.444444444444443
670183,Garrett Acton,4,19.444444444444443
670183,Garrett Acton,5,16.666666666666668
670183,Garrett Acton,6,2.7777777777777777
670183,Garrett Acton,7,2.7777777777777777
670183,Garrett Acton,8,22.22222222222222
670183,Garrett Acton,9,2.7777777777777777
670245,Ryan Watson,1,13.20754716981132
670245,Ryan Watson,2,9.433962264150944
670245,Ryan Watson,3,1.8867924528301887
670245,Ryan Watson,4,9.433962264150944
670245,Ryan Watson,5,9.433962264150944
670245,Ryan Watson,6,15.09433962264151
670245,Ryan Watson,7,3.7735849056603774
670245,Ryan Watson,8,18.867924528301888
670245,Ryan Watson,9,18.867924528301888
670280,David Bednar,1,4.0
670280,David Bednar,2,14.666666666666666
670280,David Bednar,3,2.6666666666666665
670280,David Bednar,4,8.0
670280,David Bednar,5,12.0
670280,David Bednar,6,9.333333333333334
670280,David Bednar,7,16.0
670280,David Bednar,8,21.33333333333333
670280,David Bednar,9,12.0
670329,Rico Garcia,1,5.714285714285714
670329,Rico Garcia,2,7.142857142857143
670329,Rico Garcia,3,8.571428571428571
670329,Rico Garcia,4,11.428571428571429
670329,Rico Garcia,5,8.571428571428571
670329,Rico Garcia,6,8.571428571428571
670329,Rico Garcia,7,18.571428571428573
670329,Rico Garcia,8,18.571428571428573
670329,Rico Garcia,9,12.857142857142858
670950,Trevor Richards,1,11.11111111111111
670950,Trevor Richards,2,14.285714285714286
670950,Trevor Richards,3,7.142857142857143
670950,Trevor Richards,4,9.523809523809524
670950,Trevor Richards,5,15.873015873015872
670950,Trevor Richards,6,8.73015873015873
670950,Trevor Richards,7,10.317460317460318
670950,Trevor Richards,8,12.698412698412698
670950,Trevor Richards,9,10.317460317460318
670970,Adrian Morejon,1,2.5316455696202533
670970,Adrian Morejon,2,12.658227848101266
670970,Adrian Morejon,3,11.39240506329114
670970,Adrian Morejon,4,8.860759493670885
670970,Adrian Morejon,5,21.518987341772156
670970,Adrian Morejon,6,8.860759493670885
670970,Adrian Morejon,7,7.594936708860759
670970,Adrian Morejon,8,15.189873417721518
670970,Adrian Morejon,9,11.39240506329114
670990,Yohan Ramírez,1,3.96039603960396
670990,Yohan Ramírez,2,4.950495049504951
670990,Yohan Ramírez,3,4.950495049504951
670990,Yohan Ramírez,4,20.792079207920796
670990,Yohan Ramírez,5,10.891089108910892
670990,Yohan Ramírez,6,12.871287128712872
670990,Yohan Ramírez,7,6.930693069306931
670990,Yohan Ramírez,8,17.821782178217823
670990,Yohan Ramírez,9,16.831683168316832
671096,Andrew Abbott,1,6.474820143884892
671096,Andrew Abbott,2,4.316546762589928
671096,Andrew Abbott,3,12.23021582733813
671096,Andrew Abbott,4,11.510791366906474
671096,Andrew Abbott,5,11.510791366906474
671096,Andrew Abbott,6,20.863309352517987
671096,Andrew Abbott,7,7.194244604316546
671096,Andrew Abbott,8,17.26618705035971
671096,Andrew Abbott,9,8.633093525179856
671106,Logan Allen,1,7.142857142857143
671106,Logan Allen,2,10.714285714285714
671106,Logan Allen,3,10.714285714285714
671106,Logan Allen,4,10.714285714285714
671106,Logan Allen,5,3.571428571428572
671106,Logan Allen,6,21.428571428571427
671106,Logan Allen,7,3.571428571428572
671106,Logan Allen,8,17.857142857142858
671106,Logan Allen,9,14.285714285714286
671111,Sammy Peralta,1,6.796116504854369
671111,Sammy Peralta,2,9.70873786407767
671111,Sammy Peralta,3,5.825242718446602
671111,Sammy Peralta,4,10.679611650485436
671111,Sammy Peralta,5,22.33009708737864
671111,Sammy Peralta,6,14.563106796116504
671111,Sammy Peralta,7,7.766990291262136
671111,Sammy Peralta,8,13.592233009708735
671111,Sammy Peralta,9,8.737864077669903
671162,Connor Thomas,1,11.214953271028037
671162,Connor Thomas,2,12.149532710280374
671162,Connor Thomas,3,7.4766355140186915
671162,Connor Thomas,4,7.4766355140186915
671162,Connor Thomas,5,14.953271028037385
671162,Connor Thomas,6,14.018691588785046
671162,Connor Thomas,7,14.018691588785046
671162,Connor Thomas,8,10.280373831775702
671162,Connor Thomas,9,8.411214953271028
