batter_id,batter_name,zone,n,xwoba
676475,Alec Burleson,4,25,0.2031111111111111
676475,Alec Burleson,5,22,0.1712222222222222
676475,Alec Burleson,6,19,0.6513333333333334
676475,Alec Burleson,7,16,0.1974285714285714
676475,Alec Burleson,8,20,0.2967142857142857
676475,Alec Burleson,9,11,0.283
676480,José Barrero,2,1,0.003
676480,José Barrero,4,1,
676480,José Barrero,5,3,0.388
676480,José Barrero,6,1,
676480,José Barrero,9,3,0.037
676551,Brewer Hicklen,1,8,0.037
676551,Brewer Hicklen,2,6,0.0
676551,Brewer Hicklen,3,4,0.05
676551,Brewer Hicklen,4,6,0.9193333333333332
676551,Brewer Hicklen,5,4,0.135
676551,Brewer Hicklen,6,4,0.017
676551,Brewer Hicklen,7,2,0.0
676551,Brewer Hicklen,8,4,0.299
676551,Brewer Hicklen,9,2,
676609,José Caballero,1,6,0.063
676609,José Caballero,2,13,0.0916666666666666
676609,José Caballero,3,9,0.001
676609,José Caballero,4,10,0.13875
676609,José Caballero,5,14,0.3184285714285714
676609,José Caballero,6,12,
676609,José Caballero,7,6,0.4
676609,José Caballero,8,11,0.5646666666666667
676609,José Caballero,9,13,0.166
676724,Jared Young,1,7,
676724,Jared Young,2,8,0.295
676724,Jared Young,3,3,
676724,Jared Young,4,13,0.3358
676724,Jared Young,5,19,0.35625
676724,Jared Young,6,14,0.4625714285714286
676724,Jared Young,7,4,
676724,Jared Young,8,16,0.45
676724,Jared Young,9,4,0.02
676914,Davis Schneider,1,3,
676914,Davis Schneider,2,3,0.265
676914,Davis Schneider,3,5,0.012
676914,Davis Schneider,4,1,
676914,Davis Schneider,5,6,0.025
676914,Davis Schneider,6,2,0.0
676914,Davis Schneider,7,6,0.315
676914,Davis Schneider,8,4,0.891
676914,Davis Schneider,9,1,0.785
677008,Heston Kjerstad,1,8,0.4223333333333333
677008,Heston Kjerstad,2,1,
677008,Heston Kjerstad,3,3,0.083
677008,Heston Kjerstad,4,3,0.887
677008,Heston Kjerstad,5,4,0.027
677008,Heston Kjerstad,6,2,
677008,Heston Kjerstad,7,3,0.019
677008,Heston Kjerstad,8,4,0.862
677008,Heston Kjerstad,9,4,0.1326666666666666
677347,Kyren Paris,1,3,0.052
677347,Kyren Paris,2,10,0.248
677347,Kyren Paris,3,5,0.0
677347,Kyren Paris,4,5,0.0725
677347,Kyren Paris,5,3,0.0
677347,Kyren Paris,6,5,0.183
677347,Kyren Paris,7,1,
677347,Kyren Paris,8,5,0.1585
677347,Kyren Paris,9,7,0.0
677587,Brayan Rocchio,1,16,0.043
677587,Brayan Rocchio,2,21,0.2314444444444444
677587,Brayan Rocchio,3,12,0.36675
677587,Brayan Rocchio,4,19,0.111
677587,Brayan Rocchio,5,16,0.22925
677587,Brayan Rocchio,6,15,0.4562222222222222
677587,Brayan Rocchio,7,13,0.3575
677587,Brayan Rocchio,8,21,0.3982857142857143
677587,Brayan Rocchio,9,13,0.3011666666666666
677588,José Tena,1,2,0.861
677588,José Tena,2,3,
677588,José Tena,3,4,0.0394999999999999
677588,José Tena,4,5,
677588,José Tena,5,11,0.0155
677588,José Tena,6,4,0.17
677588,José Tena,8,4,0.0
677588,José Tena,9,4,0.251
677594,Julio Rodríguez,1,16,0.1834285714285714
677594,Julio Rodríguez,2,21,0.4206
677594,Julio Rodríguez,3,14,0.24025
677594,Julio Rodríguez,4,15,0.3288333333333333
677594,Julio Rodríguez,5,19,0.4696666666666667
677594,Julio Rodríguez,6,24,0.4324
677594,Julio Rodríguez,7,17,0.359
677594,Julio Rodríguez,8,26,0.1925555555555555
677594,Julio Rodríguez,9,27,0.20525
677595,Ronny Mauricio,1,3,
677595,Ronny Mauricio,2,1,
677595,Ronny Mauricio,3,2,0.094
677595,Ronny Mauricio,4,1,0.003
677595,Ronny Mauricio,5,4,1.628
677595,Ronny Mauricio,6,3,0.27
677595,Ronny Mauricio,7,1,
677595,Ronny Mauricio,8,4,1.444
677595,Ronny Mauricio,9,1,1.763
677649,Ezequiel Duran,1,15,0.165
677649,Ezequiel Duran,2,18,0.0363333333333333
677649,Ezequiel Duran,3,17,0.1486666666666666
677649,Ezequiel Duran,4,22,0.4685
677649,Ezequiel Duran,5,37,0.3031666666666666
677649,Ezequiel Duran,6,20,0.3666
677649,Ezequiel Duran,7,13,0.351875
677649,Ezequiel Duran,8,17,0.243
677649,Ezequiel Duran,9,20,0.3938022222222222
677800,Wilyer Abreu,1,15,0.24425
677800,Wilyer Abreu,2,29,0.3846666666666666
677800,Wilyer Abreu,3,12,0.012
677800,Wilyer Abreu,4,32,0.287
677800,Wilyer Abreu,5,33,0.4195454545454545
677800,Wilyer Abreu,6,6,
677800,Wilyer Abreu,7,13,0.152
677800,Wilyer Abreu,8,32,0.5947142857142858
677800,Wilyer Abreu,9,12,0.0216666666666666
677942,Blaze Alexander,1,6,0.148
677942,Blaze Alexander,2,10,0.0
677942,Blaze Alexander,3,6,0.0
677942,Blaze Alexander,4,4,0.3999999999999999
677942,Blaze Alexander,5,8,0.3006666666666667
677942,Blaze Alexander,6,5,0.184
677942,Blaze Alexander,7,6,0.2987499999999999
677942,Blaze Alexander,8,4,0.585
677942,Blaze Alexander,9,8,0.333
677943,Will Banfield,1,1,0.0
677943,Will Banfield,2,7,0.2535
677943,Will Banfield,3,6,
677943,Will Banfield,5,3,0.4615
677943,Will Banfield,6,4,0.1246666666666666
677943,Will Banfield,7,2,0.023
677943,Will Banfield,8,1,0.19
677943,Will Banfield,9,2,
677951,Bobby Witt Jr.,1,11,0.342
677951,Bobby Witt Jr.,2,22,0.1917142857142857
677951,Bobby Witt Jr.,3,16,0.4485
677951,Bobby Witt Jr.,4,21,0.5653333333333332
677951,Bobby Witt Jr.,5,34,0.6201111111111112
677951,Bobby Witt Jr.,6,19,0.25
677951,Bobby Witt Jr.,7,15,0.387
677951,Bobby Witt Jr.,8,19,0.3065
677951,Bobby Witt Jr.,9,17,0.2816666666666667
677956,Rece Hinds,1,4,0.176
677956,Rece Hinds,2,1,
677956,Rece Hinds,3,12,0.2025999999999999
677956,Rece Hinds,4,8,0.134
677956,Rece Hinds,5,7,0.5685
677956,Rece Hinds,6,12,0.0205
677956,Rece Hinds,7,1,
677956,Rece Hinds,8,7,0.103
677956,Rece Hinds,9,8,0.2402
678011,Anthony Seigler,2,1,
678011,Anthony Seigler,5,3,0.015
678011,Anthony Seigler,7,1,0.05
678011,Anthony Seigler,8,1,
678011,Anthony Seigler,9,1,
678218,Brandon Valenzuela,1,4,0.046
678218,Brandon Valenzuela,2,11,0.658
678218,Brandon Valenzuela,3,5,0.691
678218,Brandon Valenzuela,4,6,0.1038
678218,Brandon Valenzuela,5,9,0.2578333333333333
678218,Brandon Valenzuela,6,6,0.005
678218,Brandon Valenzuela,7,4,
678218,Brandon Valenzuela,8,4,
678218,Brandon Valenzuela,9,4,0.653
678246,Miguel Vargas,1,22,0.1973999999999999
678246,Miguel Vargas,2,28,0.3867777777777778
678246,Miguel Vargas,3,18,0.1121666666666666
678246,Miguel Vargas,4,23,0.4575714285714286
678246,Miguel Vargas,5,23,0.1944999999999999
678246,Miguel Vargas,6,27,0.3511818181818182
678246,Miguel Vargas,7,10,0.0059999999999999
678246,Miguel Vargas,8,20,0.187
678246,Miguel Vargas,9,27,0.492
678391,Jorbit Vivas,1,11,0.037
678391,Jorbit Vivas,2,12,0.25725
678391,Jorbit Vivas,3,7,0.01525
678391,Jorbit Vivas,4,17,0.1905
678391,Jorbit Vivas,5,16,0.2847142857142857
678391,Jorbit Vivas,6,9,0.1305
678391,Jorbit Vivas,7,13,0.3856
678391,Jorbit Vivas,8,7,0.201
678391,Jorbit Vivas,9,5,0.4595
678489,Jorge Barrosa,1,8,0.0563333333333333
678489,Jorge Barrosa,2,4,
678489,Jorge Barrosa,4,5,
678489,Jorge Barrosa,5,5,
678489,Jorge Barrosa,6,4,0.1536666666666666
678489,Jorge Barrosa,7,2,
678489,Jorge Barrosa,8,2,0.062
678489,Jorge Barrosa,9,1,
678545,Osleivis Basabe,1,6,0.1803333333333333
678545,Osleivis Basabe,2,11,0.37625
678545,Osleivis Basabe,3,11,0.149
678545,Osleivis Basabe,4,15,0.1784
678545,Osleivis Basabe,5,15,0.1455
678545,Osleivis Basabe,6,10,0.4445
678545,Osleivis Basabe,7,7,0.114
678545,Osleivis Basabe,8,11,0.0136666666666666
678545,Osleivis Basabe,9,5,0.3485
678662,Ezequiel Tovar,1,7,0.4905
678662,Ezequiel Tovar,2,11,
678662,Ezequiel Tovar,3,6,0.58
678662,Ezequiel Tovar,4,12,0.128
678662,Ezequiel Tovar,5,17,0.6683333333333333
678662,Ezequiel Tovar,6,13,0.4136
678662,Ezequiel Tovar,7,8,0.0886
678662,Ezequiel Tovar,8,17,0.3607777777777777
678662,Ezequiel Tovar,9,14,0.0841666666666666
678882,Ceddanne Rafaela,1,2,1.349
678882,Ceddanne Rafaela,2,3,0.7795
678882,Ceddanne Rafaela,4,1,
678882,Ceddanne Rafaela,5,1,
678882,Ceddanne Rafaela,6,1,
678882,Ceddanne Rafaela,7,2,
678882,Ceddanne Rafaela,8,2,
678882,Ceddanne Rafaela,9,1,0.0
679529,Spencer Torkelson,1,14,0.1556666666666666
679529,Spencer Torkelson,2,23,0.4838333333333333
679529,Spencer Torkelson,3,11,0.1672
679529,Spencer Torkelson,4,9,0.047
679529,Spencer Torkelson,5,27,0.5577142857142857
679529,Spencer Torkelson,6,22,0.0
679529,Spencer Torkelson,7,8,0.118
679529,Spencer Torkelson,8,32,0.2391
679529,Spencer Torkelson,9,22,0.1917777777777777
679822,Justin Foscue,1,13,0.4415
679822,Justin Foscue,2,16,0.928
679822,Justin Foscue,3,13,0.11775
679822,Justin Foscue,4,7,0.256
679822,Justin Foscue,5,14,0.3314285714285714
679822,Justin Foscue,6,20,0.6664
679822,Justin Foscue,7,9,0.2594999999999999
679822,Justin Foscue,8,8,0.0976666666666666
679822,Justin Foscue,9,11,0.179
679845,Nick Loftin,1,13,0.1856666666666666
679845,Nick Loftin,2,8,0.29725
679845,Nick Loftin,3,10,0.2005
679845,Nick Loftin,4,18,0.3703749999999999
679845,Nick Loftin,5,14,0.502
679845,Nick Loftin,6,19,0.0821428571428571
679845,Nick Loftin,7,15,0.275
679845,Nick Loftin,8,19,0.21775
679845,Nick Loftin,9,17,0.04575
680574,Matt McLain,1,15,0.0327142857142857
680574,Matt McLain,2,22,0.4955999999999999
680574,Matt McLain,3,18,0.1125
680574,Matt McLain,4,4,
680574,Matt McLain,5,19,0.1817142857142857
680574,Matt McLain,6,29,0.2458
680574,Matt McLain,7,9,0.2244999999999999
680574,Matt McLain,8,13,0.027
680574,Matt McLain,9,17,0.27375
680577,DaShawn Keirsey Jr.,1,2,0.0
680577,DaShawn Keirsey Jr.,4,2,
680577,DaShawn Keirsey Jr.,5,2,
680577,DaShawn Keirsey Jr.,6,1,0.066
680577,DaShawn Keirsey Jr.,7,1,
680577,DaShawn Keirsey Jr.,8,1,0.129
680664,Eduardo Valencia,1,14,0.057
680664,Eduardo Valencia,2,14,0.591
680664,Eduardo Valencia,3,6,0.259
680664,Eduardo Valencia,4,6,0.2953333333333333
680664,Eduardo Valencia,5,12,0.55825
680664,Eduardo Valencia,6,18,0.6093999999999999
680664,Eduardo Valencia,7,6,0.3904999999999999
680664,Eduardo Valencia,8,15,0.7397142857142857
680664,Eduardo Valencia,9,16,0.204
680700,Richie Palacios,1,15,0.3508
680700,Richie Palacios,2,10,0.317
680700,Richie Palacios,3,6,0.2178
680700,Richie Palacios,4,14,0.305
680700,Richie Palacios,5,14,0.292375
680700,Richie Palacios,6,8,0.38
680700,Richie Palacios,7,13,0.2796666666666667
680700,Richie Palacios,8,11,0.2664999999999999
680700,Richie Palacios,9,5,0.0
680728,Adrian Del Castillo,1,2,
680728,Adrian Del Castillo,2,1,0.042
680728,Adrian Del Castillo,3,2,
680728,Adrian Del Castillo,4,2,0.496
680728,Adrian Del Castillo,5,1,0.0
680728,Adrian Del Castillo,6,2,
680728,Adrian Del Castillo,9,2,
680757,Steven Kwan,1,24,0.488
680757,Steven Kwan,2,32,0.3802
680757,Steven Kwan,3,16,0.4048049999999999
680757,Steven Kwan,4,41,0.1804
680757,Steven Kwan,5,32,0.2879333333333333
680757,Steven Kwan,6,27,0.3691111111111111
680757,Steven Kwan,7,21,0.431444
680757,Steven Kwan,8,31,0.4475
680757,Steven Kwan,9,16,0.5107999999999999
680776,Jarren Duran,1,13,0.0526666666666666
680776,Jarren Duran,2,19,0.4835
680776,Jarren Duran,3,6,0.4515
680776,Jarren Duran,4,15,0.1003333333333333
680776,Jarren Duran,5,15,0.3552857142857143
680776,Jarren Duran,6,7,0.5569999999999999
680776,Jarren Duran,7,15,0.1263333333333333
680776,Jarren Duran,8,20,0.5165454545454545
680776,Jarren Duran,9,15,0.254
680777,Ryan Jeffers,1,8,0.7683333333333332
680777,Ryan Jeffers,2,18,0.2211111111111111
680777,Ryan Jeffers,3,14,0.679
680777,Ryan Jeffers,4,12,0.0493333333333333
680777,Ryan Jeffers,5,15,0.472625
680777,Ryan Jeffers,6,23,0.2788571428571428
680777,Ryan Jeffers,7,9,0.0165
680777,Ryan Jeffers,8,19,0.1498749999999999
680777,Ryan Jeffers,9,11,0.5803333333333334
680779,Henry Davis,1,3,0.007
680779,Henry Davis,2,7,0.0
680779,Henry Davis,3,4,
680779,Henry Davis,4,6,0.939
680779,Henry Davis,5,6,0.308
680779,Henry Davis,6,9,0.2176666666666666
680779,Henry Davis,7,11,1.024
680779,Henry Davis,8,11,0.3023333333333333
680779,Henry Davis,9,7,0.1995
680869,Zack Gelof,1,17,0.0476666666666666
680869,Zack Gelof,2,20,0.3298
680869,Zack Gelof,3,17,0.3642499999999999
680869,Zack Gelof,4,15,0.3175714285714285
680869,Zack Gelof,5,24,0.6948888888888889
680869,Zack Gelof,6,26,0.1227777777777777
680869,Zack Gelof,7,22,0.4565
680869,Zack Gelof,8,33,0.5985833333333334
680869,Zack Gelof,9,23,0.0308
681047,Christian Franklin,1,2,0.0
681047,Christian Franklin,2,2,
681047,Christian Franklin,3,3,
681047,Christian Franklin,4,2,0.836
681047,Christian Franklin,5,3,0.09
681047,Christian Franklin,6,6,0.482
681047,Christian Franklin,7,3,0.064
681047,Christian Franklin,8,5,0.169
681047,Christian Franklin,9,5,0.1766666666666666
681082,Bryson Stott,1,17,0.06
681082,Bryson Stott,2,11,0.07275
681082,Bryson Stott,3,8,0.18
681082,Bryson Stott,4,18,0.3961666666666666
681082,Bryson Stott,5,31,0.223375
681082,Bryson Stott,6,20,0.252
681082,Bryson Stott,7,28,0.3346666666666666
681082,Bryson Stott,8,23,0.380125
681082,Bryson Stott,9,13,0.6025
681198,TJ Rumfield,1,11,0.0
681198,TJ Rumfield,2,19,0.5188333333333334
681198,TJ Rumfield,3,8,0.336
681198,TJ Rumfield,4,22,0.3542857142857142
681198,TJ Rumfield,5,24,0.3806
681198,TJ Rumfield,6,15,0.22
681198,TJ Rumfield,7,17,0.31925
681198,TJ Rumfield,8,16,0.3565
681198,TJ Rumfield,9,18,0.3492
681230,BJ Murray Jr.,1,2,
681230,BJ Murray Jr.,3,7,0.1276666666666666
681230,BJ Murray Jr.,4,3,0.137
681230,BJ Murray Jr.,5,2,0.0
681230,BJ Murray Jr.,6,3,0.013
681230,BJ Murray Jr.,7,3,
681230,BJ Murray Jr.,8,2,
681230,BJ Murray Jr.,9,4,0.0936666666666666
681297,Colton Cowser,1,9,0.0
681297,Colton Cowser,2,23,0.1614444444444444
681297,Colton Cowser,3,7,0.0355
681297,Colton Cowser,4,13,0.6348
681297,Colton Cowser,5,13,0.2473333333333333
681297,Colton Cowser,6,12,0.3956666666666666
681297,Colton Cowser,7,19,0.3245
681297,Colton Cowser,8,10,0.29325
681297,Colton Cowser,9,14,0.269
681351,Logan O'Hoppe,1,1,0.88
681351,Logan O'Hoppe,2,4,0.869
681351,Logan O'Hoppe,3,1,0.062
681351,Logan O'Hoppe,5,3,0.892
681351,Logan O'Hoppe,6,3,
681351,Logan O'Hoppe,7,4,0.717
681351,Logan O'Hoppe,8,2,0.0
681351,Logan O'Hoppe,9,1,
681393,Connor Norby,1,9,0.0855
681393,Connor Norby,2,16,0.21775
681393,Connor Norby,3,19,0.2446249999999999
681393,Connor Norby,4,15,0.5558
681393,Connor Norby,5,19,0.33925
681393,Connor Norby,6,18,0.4523333333333333
681393,Connor Norby,7,7,0.7010000000000001
681393,Connor Norby,8,21,0.2799999999999999
681393,Connor Norby,9,16,0.3346
681508,Mickey Gasper,1,11,0.0
681508,Mickey Gasper,2,12,0.818555
681508,Mickey Gasper,3,5,0.042
681508,Mickey Gasper,4,15,0.2344
681508,Mickey Gasper,5,22,0.591
681508,Mickey Gasper,6,6,0.0292499999999999
681508,Mickey Gasper,7,16,0.1395
681508,Mickey Gasper,8,28,0.226
681508,Mickey Gasper,9,13,0.4708
681624,Andy Pages,1,2,0.183
681624,Andy Pages,2,7,0.36
681624,Andy Pages,3,4,0.0
681624,Andy Pages,4,2,0.0
681624,Andy Pages,5,7,0.1435
681624,Andy Pages,6,4,0.408
681624,Andy Pages,7,3,
681624,Andy Pages,8,6,0.8594999999999999
681624,Andy Pages,9,6,0.069
681715,Heriberto Hernández,1,20,0.61037
681715,Heriberto Hernández,2,22,0.4819999999999999
681715,Heriberto Hernández,3,17,0.2384
681715,Heriberto Hernández,4,23,0.3302
681715,Heriberto Hernández,5,29,0.5800769230769232
681715,Heriberto Hernández,6,29,0.3010588235294117
681715,Heriberto Hernández,7,15,0.103
681715,Heriberto Hernández,8,28,0.2997499999999999
681715,Heriberto Hernández,9,28,0.1275555555555555
681807,David Fry,1,7,0.0015
681807,David Fry,2,10,0.155
681807,David Fry,3,5,0.1783333333333333
681807,David Fry,4,4,0.0
681807,David Fry,5,14,0.1898333333333333
681807,David Fry,6,3,0.4855
681807,David Fry,7,6,1.594
681807,David Fry,8,12,0.57075
681807,David Fry,9,5,0.2526666666666666
681987,Nate Eaton,1,3,0.591
681987,Nate Eaton,2,9,
681987,Nate Eaton,3,4,0.0
681987,Nate Eaton,4,6,0.111
681987,Nate Eaton,5,9,0.293
681987,Nate Eaton,6,4,0.095
681987,Nate Eaton,7,2,0.484
681987,Nate Eaton,8,4,0.036
681987,Nate Eaton,9,4,0.499
682177,Daniel Schneemann,2,2,0.788
682177,Daniel Schneemann,3,2,0.419
682177,Daniel Schneemann,4,3,0.5985
682177,Daniel Schneemann,5,3,
682177,Daniel Schneemann,6,3,1.419
682177,Daniel Schneemann,7,1,
682177,Daniel Schneemann,8,1,0.41
682177,Daniel Schneemann,9,2,
682626,Francisco Alvarez,1,10,0.0605
682626,Francisco Alvarez,2,15,0.0
682626,Francisco Alvarez,3,15,0.6435
682626,Francisco Alvarez,4,16,0.291625
682626,Francisco Alvarez,5,17,0.5064285714285715
682626,Francisco Alvarez,6,21,0.2933333333333333
682626,Francisco Alvarez,7,10,0.0
682626,Francisco Alvarez,8,18,0.297
682626,Francisco Alvarez,9,11,0.1516666666666666
682657,Angel Martínez,1,9,0.0316666666666666
682657,Angel Martínez,2,10,0.42675
682657,Angel Martínez,3,10,0.589
682657,Angel Martínez,4,11,0.2543333333333333
682657,Angel Martínez,5,14,0.225
682657,Angel Martínez,6,19,0.2625555555555555
682657,Angel Martínez,7,14,0.0032
682657,Angel Martínez,8,26,0.6796666666666668
682657,Angel Martínez,9,14,0.15875
682663,Agustín Ramírez,1,14,0.4514999999999999
682663,Agustín Ramírez,2,12,0.6397999999999999
682663,Agustín Ramírez,3,6,0.0
682663,Agustín Ramírez,4,15,0.371
682663,Agustín Ramírez,5,16,0.3212857142857143
682663,Agustín Ramírez,6,20,0.265
682663,Agustín Ramírez,7,10,0.126
682663,Agustín Ramírez,8,16,0.3126666666666667
682663,Agustín Ramírez,9,11,0.2502
682668,Luisangel Acuña,1,1,0.356
682668,Luisangel Acuña,2,3,0.9635
682668,Luisangel Acuña,3,5,0.1666666666666666
682668,Luisangel Acuña,4,3,0.1845
682668,Luisangel Acuña,5,3,0.309
682668,Luisangel Acuña,6,1,
682668,Luisangel Acuña,7,5,0.0
682668,Luisangel Acuña,8,3,0.143
682668,Luisangel Acuña,9,1,0.0
682674,Victor Bericoto,1,3,0.143
682674,Victor Bericoto,2,4,0.904
682674,Victor Bericoto,3,6,0.004
682674,Victor Bericoto,4,3,0.0
682674,Victor Bericoto,5,12,0.6328333333333334
682674,Victor Bericoto,6,9,0.499
682674,Victor Bericoto,7,3,
682674,Victor Bericoto,8,3,
682674,Victor Bericoto,9,10,0.3585
682829,Elly De La Cruz,1,11,0.2456666666666666
682829,Elly De La Cruz,2,16,0.0705
682829,Elly De La Cruz,3,17,0.1758
682829,Elly De La Cruz,4,26,1.0567142857142855
682829,Elly De La Cruz,5,32,0.4737
682829,Elly De La Cruz,6,28,0.6105454545454546
682829,Elly De La Cruz,7,24,0.2645
682829,Elly De La Cruz,8,31,0.3609
682829,Elly De La Cruz,9,16,0.5476
682877,Juan Brito,1,7,0.16025
682877,Juan Brito,2,20,0.6086666666666667
682877,Juan Brito,3,8,0.67
682877,Juan Brito,4,18,0.2459
682877,Juan Brito,5,22,0.2775
682877,Juan Brito,6,13,0.2639999999999999
682877,Juan Brito,7,10,0.446
682877,Juan Brito,8,15,0.2663333333333333
682877,Juan Brito,9,8,0.168
682927,Ronny Simon,1,10,0.3176
682927,Ronny Simon,2,7,0.064
682927,Ronny Simon,3,8,0.284
682927,Ronny Simon,4,8,0.0715
682927,Ronny Simon,5,10,1.1215000000000002
682927,Ronny Simon,6,6,0.47
682927,Ronny Simon,7,4,0.388
682927,Ronny Simon,8,10,0.098
682927,Ronny Simon,9,4,0.064
682928,CJ Abrams,1,19,0.149
682928,CJ Abrams,2,18,0.251111111111111
682928,CJ Abrams,3,14,0.1436666666666666
682928,CJ Abrams,4,22,0.3767272727272727
682928,CJ Abrams,5,19,0.2826
682928,CJ Abrams,6,10,0.0375
682928,CJ Abrams,7,25,0.1446
682928,CJ Abrams,8,15,0.974
682928,CJ Abrams,9,16,0.6881428571428572
682985,Riley Greene,1,17,0.0
682985,Riley Greene,2,20,0.4111428571428571
682985,Riley Greene,3,10,0.078
682985,Riley Greene,4,27,0.4455714285714286
682985,Riley Greene,5,20,1.0033333333333332
682985,Riley Greene,6,27,0.3742499999999999
682985,Riley Greene,7,21,0.585
682985,Riley Greene,8,36,0.6017692307692308
682985,Riley Greene,9,11,0.6456666666666667
682987,Spencer Jones,1,17,0.0
682987,Spencer Jones,2,24,0.2323333333333333
682987,Spencer Jones,3,9,0.005
682987,Spencer Jones,4,22,0.2573999999999999
682987,Spencer Jones,5,26,0.5978
682987,Spencer Jones,6,20,0.4081538461538461
682987,Spencer Jones,7,18,0.5454000000000001
682987,Spencer Jones,8,11,0.27525
682987,Spencer Jones,9,11,0.6447499999999999
682998,Corbin Carroll,1,18,0.0339999999999999
682998,Corbin Carroll,2,14,0.5616666666666666
682998,Corbin Carroll,3,13,0.025
682998,Corbin Carroll,4,14,0.4695
682998,Corbin Carroll,5,39,0.5025714285714286
682998,Corbin Carroll,6,17,0.120875
682998,Corbin Carroll,7,21,0.2654545454545454
682998,Corbin Carroll,8,16,0.3663333333333333
682998,Corbin Carroll,9,8,2.005
683002,Gunnar Henderson,1,10,0.30775
683002,Gunnar Henderson,2,16,0.1606666666666666
683002,Gunnar Henderson,3,11,0.002
683002,Gunnar Henderson,4,32,0.182625
683002,Gunnar Henderson,5,30,0.525888888888889
683002,Gunnar Henderson,6,14,0.5863333333333333
683002,Gunnar Henderson,7,15,0.281
683002,Gunnar Henderson,8,26,0.241
683002,Gunnar Henderson,9,21,0.5272857142857142
683011,Anthony Volpe,1,9,0.1076666666666666
683011,Anthony Volpe,2,13,0.2168
683011,Anthony Volpe,3,8,0.142
683011,Anthony Volpe,4,13,0.6305000000000001
683011,Anthony Volpe,5,16,0.487875
683011,Anthony Volpe,6,13,0.227
683011,Anthony Volpe,7,12,0.29075
683011,Anthony Volpe,8,5,0.268
683011,Anthony Volpe,9,12,0.1305
683021,Michael Stefanic,1,4,0.429
683021,Michael Stefanic,2,10,0.907
683021,Michael Stefanic,3,5,0.2066666666666666
683021,Michael Stefanic,4,2,0.328
683021,Michael Stefanic,5,6,0.0
683021,Michael Stefanic,6,10,0.347
683021,Michael Stefanic,7,4,
683021,Michael Stefanic,8,5,0.26125
683021,Michael Stefanic,9,3,0.2565
683083,Nasim Nuñez,1,9,0.112
683083,Nasim Nuñez,2,9,0.1763333333333333
683083,Nasim Nuñez,3,8,0.351
683083,Nasim Nuñez,4,9,0.294
683083,Nasim Nuñez,5,10,0.5036666666666667
683083,Nasim Nuñez,6,3,
683083,Nasim Nuñez,7,9,0.3166666666666667
683083,Nasim Nuñez,8,7,0.25025
683083,Nasim Nuñez,9,6,0.003
683090,Matthew Lugo,2,2,
683090,Matthew Lugo,3,4,
683090,Matthew Lugo,4,2,0.328
683090,Matthew Lugo,6,4,0.1656666666666666
683090,Matthew Lugo,7,1,
683090,Matthew Lugo,8,1,0.209
683090,Matthew Lugo,9,2,
683146,Brett Baty,1,14,0.39275
683146,Brett Baty,2,14,0.701
683146,Brett Baty,3,12,0.3125
683146,Brett Baty,4,14,0.725
683146,Brett Baty,5,18,0.5730000000000001
683146,Brett Baty,6,15,0.3977142857142857
683146,Brett Baty,7,12,0.4666666666666666
683146,Brett Baty,8,17,0.542
683146,Brett Baty,9,12,0.246
683227,Cody Freeman,1,3,0.0
683227,Cody Freeman,2,3,0.117
683227,Cody Freeman,3,2,
683227,Cody Freeman,4,8,0.1345
683227,Cody Freeman,5,7,0.3873333333333333
683227,Cody Freeman,6,9,0.1483333333333333
683227,Cody Freeman,7,3,0.075
683227,Cody Freeman,8,10,0.1283333333333333
683227,Cody Freeman,9,7,0.0385
683357,Owen Caissie,1,6,0.0
683357,Owen Caissie,2,3,0.0115
683357,Owen Caissie,3,1,
683357,Owen Caissie,4,6,0.3
683357,Owen Caissie,5,11,0.69
683357,Owen Caissie,6,4,0.073
683357,Owen Caissie,7,9,0.1169999999999999
683357,Owen Caissie,8,6,0.1904999999999999
683357,Owen Caissie,9,6,
683734,Andrew Vaughn,1,3,
683734,Andrew Vaughn,2,3,0.163
683734,Andrew Vaughn,3,10,0.771
683734,Andrew Vaughn,4,9,0.094
683734,Andrew Vaughn,5,14,0.3151666666666666
683734,Andrew Vaughn,6,10,0.0136666666666666
683734,Andrew Vaughn,7,8,0.5256666666666667
683734,Andrew Vaughn,8,7,0.41275
683734,Andrew Vaughn,9,10,0.2326
683737,Michael Busch,1,23,0.445
683737,Michael Busch,2,19,0.402
683737,Michael Busch,3,10,0.2948
683737,Michael Busch,4,26,0.3903999999999999
683737,Michael Busch,5,28,0.445
683737,Michael Busch,6,19,0.3710909090909091
683737,Michael Busch,7,21,0.03
683737,Michael Busch,8,37,0.3878333333333333
683737,Michael Busch,9,22,0.2270549999999999
683748,Victor Mesa Jr.,1,15,0.23325
683748,Victor Mesa Jr.,2,17,0.4776666666666666
683748,Victor Mesa Jr.,3,11,0.48425
683748,Victor Mesa Jr.,4,27,0.20375
683748,Victor Mesa Jr.,5,23,0.3226
683748,Victor Mesa Jr.,6,8,0.4875
683748,Victor Mesa Jr.,7,11,0.22375
683748,Victor Mesa Jr.,8,23,0.310625
683748,Victor Mesa Jr.,9,7,0.6572
683766,Christian Koss,1,18,0.204625
683766,Christian Koss,2,13,0.2624285714285714
683766,Christian Koss,3,13,0.11125
683766,Christian Koss,4,25,0.3456666666666666
683766,Christian Koss,5,17,0.2132
683766,Christian Koss,6,13,0.5475
683766,Christian Koss,7,7,0.107
683766,Christian Koss,8,21,0.3809999999999999
683766,Christian Koss,9,19,0.3295
683953,Travis Bazzana,1,19,0.3845
683953,Travis Bazzana,2,15,0.14875
683953,Travis Bazzana,3,11,0.0015
683953,Travis Bazzana,4,16,0.3616666666666666
683953,Travis Bazzana,5,29,0.3926666666666666
683953,Travis Bazzana,6,19,0.3995555555555555
683953,Travis Bazzana,7,22,0.1457777777777777
683953,Travis Bazzana,8,25,0.3758571428571428
683953,Travis Bazzana,9,16,0.45325
685133,Wade Meckler,1,10,0.5165
685133,Wade Meckler,2,17,0.4361666666666666
685133,Wade Meckler,3,8,0.11725
685133,Wade Meckler,4,27,0.2445
685133,Wade Meckler,5,27,0.3560714285714286
685133,Wade Meckler,6,16,0.2794
685133,Wade Meckler,7,17,0.2663333333333333
685133,Wade Meckler,8,22,0.4055714285714286
685133,Wade Meckler,9,17,0.2448
686217,Sal Frelick,1,10,0.2866666666666667
686217,Sal Frelick,2,8,0.3675
686217,Sal Frelick,3,9,0.24
686217,Sal Frelick,4,10,0.1953333333333333
686217,Sal Frelick,5,12,0.233
686217,Sal Frelick,6,8,0.211
686217,Sal Frelick,7,13,0.2977999999999999
686217,Sal Frelick,8,15,0.353375
686217,Sal Frelick,9,11,0.1613333333333333
686469,Vinnie Pasquantino,1,13,0.5433333333333333
686469,Vinnie Pasquantino,2,14,0.3369999999999999
686469,Vinnie Pasquantino,3,15,0.26
686469,Vinnie Pasquantino,4,22,0.4695833333333333
686469,Vinnie Pasquantino,5,15,0.339875
686469,Vinnie Pasquantino,6,24,0.43725
686469,Vinnie Pasquantino,7,21,0.7057
686469,Vinnie Pasquantino,8,15,0.187875
686469,Vinnie Pasquantino,9,20,0.011
686475,Tyler Tolbert,2,4,0.263
686475,Tyler Tolbert,3,5,0.876
686475,Tyler Tolbert,4,4,0.162
686475,Tyler Tolbert,5,5,0.01
686475,Tyler Tolbert,6,2,0.825
686475,Tyler Tolbert,7,3,
686475,Tyler Tolbert,8,4,0.313
686527,Dominic Canzone,1,23,0.383
686527,Dominic Canzone,2,22,0.2600314285714286
686527,Dominic Canzone,3,15,0.5198333333333333
686527,Dominic Canzone,4,30,0.4228728571428571
686527,Dominic Canzone,5,29,0.528
686527,Dominic Canzone,6,12,0.1762857142857143
686527,Dominic Canzone,7,27,0.3385
686527,Dominic Canzone,8,23,0.3562
686527,Dominic Canzone,9,23,0.257
686555,Isaac Collins,1,16,0.0326
686555,Isaac Collins,2,19,0.22425
686555,Isaac Collins,3,12,0.225
686555,Isaac Collins,4,13,0.2543333333333333
686555,Isaac Collins,5,19,0.4155714285714285
686555,Isaac Collins,6,16,0.3208333333333333
686555,Isaac Collins,7,18,0.1091666666666666
686555,Isaac Collins,8,18,0.0907999999999999
686555,Isaac Collins,9,11,0.0
686611,Dylan Crews,1,19,0.3631428571428571
686611,Dylan Crews,2,22,0.4005
686611,Dylan Crews,3,9,0.282
686611,Dylan Crews,4,28,0.420625
686611,Dylan Crews,5,24,0.5045
686611,Dylan Crews,6,13,0.1585
686611,Dylan Crews,7,14,0.29
686611,Dylan Crews,8,24,0.3084615384615384
686611,Dylan Crews,9,14,0.06775
686668,Brenton Doyle,1,4,0.0
686668,Brenton Doyle,2,6,
686668,Brenton Doyle,3,7,0.1545
686668,Brenton Doyle,4,18,0.3422857142857142
686668,Brenton Doyle,5,13,0.20575
686668,Brenton Doyle,6,9,0.1848
686668,Brenton Doyle,7,3,0.324
686668,Brenton Doyle,8,14,0.5361666666666667
686668,Brenton Doyle,9,7,1.0735
686681,Michael Massey,1,10,0.551
686681,Michael Massey,2,25,0.297
686681,Michael Massey,3,17,0.3555714285714285
686681,Michael Massey,4,14,0.4368333333333333
686681,Michael Massey,5,26,0.5103
686681,Michael Massey,6,24,0.4184444444444444
686681,Michael Massey,7,9,0.3096
686681,Michael Massey,8,22,0.3843333333333333
686681,Michael Massey,9,14,0.2082
686765,Nick Sogard,1,15,0.098
686765,Nick Sogard,2,28,0.1861
686765,Nick Sogard,3,10,0.0
686765,Nick Sogard,4,17,0.1092857142857142
686765,Nick Sogard,5,34,0.3696666666666666
686765,Nick Sogard,6,15,0.1634
686765,Nick Sogard,7,22,0.2451428571428571
686765,Nick Sogard,8,28,0.398090909090909
686765,Nick Sogard,9,20,0.2975714285714286
686780,Pedro Pagés,1,1,
686780,Pedro Pagés,2,8,0.5625
686780,Pedro Pagés,3,3,
686780,Pedro Pagés,4,3,
686780,Pedro Pagés,5,3,0.396
686780,Pedro Pagés,6,1,
686780,Pedro Pagés,7,3,0.423
686780,Pedro Pagés,8,3,0.101
686780,Pedro Pagés,9,7,0.216
686797,Brooks Lee,1,22,0.1378571428571428
686797,Brooks Lee,2,18,0.3307777777777778
686797,Brooks Lee,3,10,0.939
686797,Brooks Lee,4,16,0.73375
686797,Brooks Lee,5,32,0.3066363636363636
686797,Brooks Lee,6,25,0.29025
686797,Brooks Lee,7,31,0.5334
686797,Brooks Lee,8,20,0.3259999999999999
686797,Brooks Lee,9,14,0.376
686948,Drake Baldwin,1,14,0.0949999999999999
686948,Drake Baldwin,2,27,0.2353333333333333
686948,Drake Baldwin,3,12,0.381
686948,Drake Baldwin,4,19,0.528625
686948,Drake Baldwin,5,35,0.8795
686948,Drake Baldwin,6,28,0.4162727272727272
686948,Drake Baldwin,7,17,0.2804285714285714
686948,Drake Baldwin,8,26,0.4245555555555556
686948,Drake Baldwin,9,17,0.4606249999999999
687093,Vaughn Grissom,1,13,0.0688333333333333
687093,Vaughn Grissom,2,26,0.1914
687093,Vaughn Grissom,3,13,0.0493333333333333
687093,Vaughn Grissom,4,23,0.2719999999999999
687093,Vaughn Grissom,5,29,0.3085
687093,Vaughn Grissom,6,27,0.382
687093,Vaughn Grissom,7,14,0.417
687093,Vaughn Grissom,8,31,0.332
687093,Vaughn Grissom,9,28,0.3621
687221,Dalton Rushing,1,1,
687221,Dalton Rushing,2,3,0.0
687221,Dalton Rushing,3,1,
687221,Dalton Rushing,4,6,0.0525
687221,Dalton Rushing,5,1,0.0
687221,Dalton Rushing,6,2,0.017
687221,Dalton Rushing,7,2,
687221,Dalton Rushing,8,2,0.063
687221,Dalton Rushing,9,1,
687231,Darell Hernaiz,2,2,
687231,Darell Hernaiz,9,1,
687263,Zach Neto,1,7,0.0
687263,Zach Neto,2,18,0.2754
687263,Zach Neto,3,11,0.1403333333333333
687263,Zach Neto,4,9,0.1756666666666666
687263,Zach Neto,5,23,0.265
687263,Zach Neto,6,26,0.6672727272727272
687263,Zach Neto,7,17,0.3757457142857143
687263,Zach Neto,8,29,0.5416000000000001
687263,Zach Neto,9,28,0.3199025
687363,Victor Scott II,1,1,0.403
687363,Victor Scott II,2,2,0.961
687363,Victor Scott II,3,1,
687363,Victor Scott II,4,4,0.2906666666666667
687363,Victor Scott II,5,7,0.093
687363,Victor Scott II,6,2,
687363,Victor Scott II,9,2,0.071
687401,Joey Ortiz,1,12,0.3214599999999999
687401,Joey Ortiz,2,11,0.3712000000000001
687401,Joey Ortiz,3,10,0.188
687401,Joey Ortiz,4,20,0.2374444444444444
687401,Joey Ortiz,5,20,0.5081666666666667
687401,Joey Ortiz,6,14,0.3692
687401,Joey Ortiz,7,11,0.5266666666666667
687401,Joey Ortiz,8,18,0.4533333333333333
687401,Joey Ortiz,9,7,0.241
687462,Spencer Horwitz,1,22,0.2763333333333333
687462,Spencer Horwitz,2,20,0.3678571428571429
687462,Spencer Horwitz,3,12,0.161
687462,Spencer Horwitz,4,11,0.373
687462,Spencer Horwitz,5,23,0.1952222222222222
687462,Spencer Horwitz,6,11,0.0
687462,Spencer Horwitz,7,16,0.319
687462,Spencer Horwitz,8,18,0.2954285714285714
687462,Spencer Horwitz,9,9,0.0
687529,Grant McCray,1,5,0.0
687529,Grant McCray,2,7,
687529,Grant McCray,3,7,0.0
687529,Grant McCray,4,7,0.053
687529,Grant McCray,5,14,0.535
687529,Grant McCray,6,10,0.4626666666666666
687529,Grant McCray,7,5,0.0
687529,Grant McCray,8,4,0.182
687529,Grant McCray,9,5,0.1135
687551,Drew Gilbert,1,14,0.0
687551,Drew Gilbert,2,13,0.7113333333333335
687551,Drew Gilbert,3,9,0.0246666666666666
687551,Drew Gilbert,4,18,0.4019999999999999
687551,Drew Gilbert,5,16,0.7010000000000001
687551,Drew Gilbert,6,9,0.4213333333333333
687551,Drew Gilbert,7,13,0.1704999999999999
687551,Drew Gilbert,8,10,0.2158
687551,Drew Gilbert,9,11,0.0
687597,Jordan Beck,1,6,
687597,Jordan Beck,2,10,0.246
687597,Jordan Beck,3,4,0.0
687597,Jordan Beck,4,11,0.61
687597,Jordan Beck,5,9,0.573
687597,Jordan Beck,6,8,0.033
687597,Jordan Beck,7,9,0.0
687597,Jordan Beck,8,10,0.801
687597,Jordan Beck,9,8,0.044
687605,Andrew Pinckney,1,1,0.0
687605,Andrew Pinckney,2,1,
687605,Andrew Pinckney,3,1,
687605,Andrew Pinckney,4,1,
687605,Andrew Pinckney,5,4,0.0755
687637,Dylan Beavers,1,18,0.17437
687637,Dylan Beavers,2,13,0.023
687637,Dylan Beavers,3,12,0.154
687637,Dylan Beavers,4,21,0.0
687637,Dylan Beavers,5,27,0.3716666666666667
687637,Dylan Beavers,6,21,0.3791
687637,Dylan Beavers,7,19,0.2631666666666667
687637,Dylan Beavers,8,31,0.3671
687637,Dylan Beavers,9,20,0.2457472727272727
687749,Jase Bowen,1,1,0.156
687749,Jase Bowen,2,2,
687749,Jase Bowen,3,4,0.2664066666666666
687749,Jase Bowen,4,3,
687749,Jase Bowen,5,4,0.0
687749,Jase Bowen,6,5,0.0
687749,Jase Bowen,7,6,0.237
687749,Jase Bowen,8,5,0.0455
687749,Jase Bowen,9,4,0.4415
687859,Troy Johnston,1,14,0.2180314285714285
687859,Troy Johnston,2,14,0.40075
687859,Troy Johnston,3,7,0.2535
687859,Troy Johnston,4,9,0.2403333333333333
687859,Troy Johnston,5,19,0.3818
687859,Troy Johnston,6,7,0.083
687859,Troy Johnston,7,8,0.3176666666666667
687859,Troy Johnston,8,4,0.4735
687859,Troy Johnston,9,16,0.0216666666666666
687952,Christian Encarnacion-Strand,1,9,0.027
687952,Christian Encarnacion-Strand,2,14,0.3318
687952,Christian Encarnacion-Strand,3,16,0.543
687952,Christian Encarnacion-Strand,4,9,0.0979999999999999
687952,Christian Encarnacion-Strand,5,20,0.3025
687952,Christian Encarnacion-Strand,6,22,0.3694
687952,Christian Encarnacion-Strand,7,10,0.66425
687952,Christian Encarnacion-Strand,8,17,0.2231428571428571
687952,Christian Encarnacion-Strand,9,15,0.365
687957,Dustin Harris,1,17,0.2751428571428572
687957,Dustin Harris,2,14,0.292
687957,Dustin Harris,3,6,0.51574
687957,Dustin Harris,4,21,0.2538333333333333
687957,Dustin Harris,5,27,0.3812307692307692
687957,Dustin Harris,6,10,0.3386666666666666
687957,Dustin Harris,7,16,0.2558333333333333
687957,Dustin Harris,8,18,0.3993333333333333
687957,Dustin Harris,9,12,0.0136666666666666
688363,Graham Pauley,1,4,
688363,Graham Pauley,2,6,0.0
688363,Graham Pauley,3,1,
688363,Graham Pauley,4,9,0.65725
688363,Graham Pauley,5,20,0.1956
688363,Graham Pauley,6,8,0.1886666666666666
688363,Graham Pauley,7,8,0.661
688363,Graham Pauley,8,10,0.8586666666666667
688363,Graham Pauley,9,9,0.004
689414,Liam Hicks,1,17,0.0695
689414,Liam Hicks,2,14,0.5035714285714286
689414,Liam Hicks,3,10,0.2864
689414,Liam Hicks,4,16,0.4555
689414,Liam Hicks,5,18,0.3530999999999999
689414,Liam Hicks,6,11,0.052
689414,Liam Hicks,7,13,0.2156666666666666
689414,Liam Hicks,8,15,0.312375
689414,Liam Hicks,9,9,
690022,Ryan Ritter,1,2,
690022,Ryan Ritter,2,1,
690022,Ryan Ritter,8,1,0.0
690291,Jace Jung,3,1,
690291,Jace Jung,8,3,0.904
690924,Braxton Fulford,2,1,0.479
690924,Braxton Fulford,3,2,
690924,Braxton Fulford,5,4,0.0
690924,Braxton Fulford,6,2,
690924,Braxton Fulford,8,1,0.003
690976,Alex Freeland,1,8,0.0
690976,Alex Freeland,2,15,0.376
690976,Alex Freeland,3,4,0.0315
690976,Alex Freeland,4,10,0.855
690976,Alex Freeland,5,14,0.2928
690976,Alex Freeland,6,12,0.3306666666666666
690976,Alex Freeland,7,6,
690976,Alex Freeland,8,13,0.344
690976,Alex Freeland,9,10,0.52475
690984,Petey Halpin,1,10,0.0
690984,Petey Halpin,2,8,0.0076666666666666
690984,Petey Halpin,3,6,0.0
690984,Petey Halpin,4,5,0.86
690984,Petey Halpin,5,6,0.2793333333333333
690984,Petey Halpin,6,5,0.44075
690984,Petey Halpin,7,7,0.20925
690984,Petey Halpin,8,6,0.34175
690984,Petey Halpin,9,4,0.547
690993,Colt Keith,1,6,0.157
690993,Colt Keith,2,8,0.13875
690993,Colt Keith,3,3,0.374
690993,Colt Keith,4,7,0.469
690993,Colt Keith,5,9,0.2845
690993,Colt Keith,6,9,0.003
690993,Colt Keith,7,7,0.192
690993,Colt Keith,8,13,0.4612
690993,Colt Keith,9,14,0.45325
691002,Yohandy Morales,1,7,0.182
691002,Yohandy Morales,2,12,0.2056
691002,Yohandy Morales,3,11,0.0
691002,Yohandy Morales,4,7,0.6905
691002,Yohandy Morales,5,15,0.2723333333333333
691002,Yohandy Morales,6,9,0.0135
691002,Yohandy Morales,7,4,0.4496666666666667
691002,Yohandy Morales,8,8,0.7253999999999999
691002,Yohandy Morales,9,12,0.3634
691011,Drew Romo,2,1,0.02
691011,Drew Romo,4,3,
691011,Drew Romo,5,5,0.2963333333333333
691011,Drew Romo,8,1,
691011,Drew Romo,9,2,0.555
691019,Kyle Teel,1,7,0.9285
691019,Kyle Teel,2,14,0.084
691019,Kyle Teel,3,14,0.0249999999999999
691019,Kyle Teel,4,18,0.324
691019,Kyle Teel,5,18,0.4088333333333334
691019,Kyle Teel,6,23,0.5157142857142857
691019,Kyle Teel,7,9,0.103
691019,Kyle Teel,8,16,0.1486666666666666
691019,Kyle Teel,9,13,
691023,Jordan Walker,1,11,0.2746666666666666
691023,Jordan Walker,2,20,0.5265714285714286
691023,Jordan Walker,3,23,0.2395
691023,Jordan Walker,4,9,0.62
691023,Jordan Walker,5,22,0.2865555555555555
691023,Jordan Walker,6,23,0.1967777777777777
691023,Jordan Walker,7,17,0.0986666666666666
691023,Jordan Walker,8,15,0.4604999999999999
691023,Jordan Walker,9,23,0.1693333333333333
691026,Masyn Winn,1,8,0.0
691026,Masyn Winn,2,11,0.171
691026,Masyn Winn,3,14,0.10725
691026,Masyn Winn,4,11,0.2748333333333333
691026,Masyn Winn,5,19,0.22025
691026,Masyn Winn,6,9,0.232
691026,Masyn Winn,7,6,0.238
691026,Masyn Winn,8,11,0.41325
691026,Masyn Winn,9,11,0.4885
691176,Jasson Domínguez,1,4,0.0
691176,Jasson Domínguez,2,6,0.3505
691176,Jasson Domínguez,4,4,0.927
691176,Jasson Domínguez,5,2,0.14
691176,Jasson Domínguez,6,2,0.1164999999999999
691176,Jasson Domínguez,8,1,
691181,Emmanuel Rodriguez,1,7,0.3095
691181,Emmanuel Rodriguez,2,8,0.035
691181,Emmanuel Rodriguez,3,11,0.013
691181,Emmanuel Rodriguez,4,12,0.9431428571428572
691181,Emmanuel Rodriguez,5,11,0.6234999999999999
691181,Emmanuel Rodriguez,6,12,0.284
691181,Emmanuel Rodriguez,7,14,0.1497142857142857
691181,Emmanuel Rodriguez,8,8,0.0836666666666666
691181,Emmanuel Rodriguez,9,5,0.2656666666666666
691182,Adael Amador,1,15,0.25
691182,Adael Amador,2,18,0.3876
691182,Adael Amador,3,16,0.14275
691182,Adael Amador,4,17,0.241
691182,Adael Amador,5,33,0.3923846153846154
691182,Adael Amador,6,12,0.101
691182,Adael Amador,7,18,0.2686
691182,Adael Amador,8,18,0.1284285714285714
691182,Adael Amador,9,13,0.271875
691277,Deyvison De Los Santos,1,7,0.1536666666666666
691277,Deyvison De Los Santos,2,7,0.435
691277,Deyvison De Los Santos,3,7,0.012
691277,Deyvison De Los Santos,4,9,0.4886666666666666
691277,Deyvison De Los Santos,5,7,0.086
691277,Deyvison De Los Santos,6,7,0.088
691277,Deyvison De Los Santos,7,5,0.0
691277,Deyvison De Los Santos,8,11,0.3216
691277,Deyvison De Los Santos,9,5,0.1835
691406,Junior Caminero,1,16,0.5483333333333333
691406,Junior Caminero,2,9,0.4316666666666666
691406,Junior Caminero,3,16,0.2121666666666667
691406,Junior Caminero,4,18,0.7694
691406,Junior Caminero,5,24,0.3438333333333332
691406,Junior Caminero,6,29,0.7101666666666667
691406,Junior Caminero,7,25,0.2651666666666667
691406,Junior Caminero,8,19,0.465625
691406,Junior Caminero,9,25,0.20275
691594,Javier Sanoja,1,11,0.28225
691594,Javier Sanoja,2,20,0.2334
691594,Javier Sanoja,3,20,0.4642499999999999
691594,Javier Sanoja,4,13,0.6606666666666666
691594,Javier Sanoja,5,24,0.4072
691594,Javier Sanoja,6,19,0.265
691594,Javier Sanoja,7,13,0.4323333333333333
691594,Javier Sanoja,8,20,0.4658888888888888
691594,Javier Sanoja,9,26,0.2534444444444444
691718,Pete Crow-Armstrong,1,22,0.21575
691718,Pete Crow-Armstrong,2,24,0.50875
691718,Pete Crow-Armstrong,3,17,0.12225
691718,Pete Crow-Armstrong,4,28,0.5796363636363636
691718,Pete Crow-Armstrong,5,33,0.4431999999999999
691718,Pete Crow-Armstrong,6,16,0.097375
691718,Pete Crow-Armstrong,7,26,0.4061428571428571
691718,Pete Crow-Armstrong,8,28,0.4293333333333333
691718,Pete Crow-Armstrong,9,29,0.063
691720,Kyle Karros,1,8,0.3196666666666666
691720,Kyle Karros,2,6,0.6950000000000001
691720,Kyle Karros,3,9,1.015
691720,Kyle Karros,4,11,0.7504285714285714
691720,Kyle Karros,5,18,0.2731111111111111
691720,Kyle Karros,6,14,0.072
691720,Kyle Karros,7,9,0.271
691720,Kyle Karros,8,18,0.1775714285714285
691720,Kyle Karros,9,22,0.1433333333333333
691723,Coby Mayo,1,11,0.22825
691723,Coby Mayo,2,24,0.7543333333333333
691723,Coby Mayo,3,18,0.2088333333333333
691723,Coby Mayo,4,11,1.78
691723,Coby Mayo,5,27,0.7444545454545455
691723,Coby Mayo,6,34,0.339
691723,Coby Mayo,7,9,0.23
691723,Coby Mayo,8,23,0.4555
691723,Coby Mayo,9,25,0.1971666666666666
691728,Zac Veen,1,5,0.2095
691728,Zac Veen,2,13,0.223
691728,Zac Veen,3,7,0.237
691728,Zac Veen,4,13,0.3121428571428571
691728,Zac Veen,5,3,0.0
691728,Zac Veen,6,6,0.4936666666666667
691728,Zac Veen,7,8,0.0
691728,Zac Veen,8,8,0.405
691728,Zac Veen,9,6,0.1466666666666666
691777,Max Muncy,1,7,0.1926666666666666
691777,Max Muncy,2,6,0.7289999999999999
691777,Max Muncy,3,6,
691777,Max Muncy,4,8,0.2403333333333333
691777,Max Muncy,5,13,0.29675
691777,Max Muncy,6,8,0.147
691777,Max Muncy,7,5,0.59
691777,Max Muncy,8,9,0.2774999999999999
691777,Max Muncy,9,9,0.04
691781,Brady House,1,7,0.3037499999999999
691781,Brady House,2,8,0.323
691781,Brady House,3,10,0.016
691781,Brady House,4,11,0.2157142857142857
691781,Brady House,5,8,0.312
691781,Brady House,6,16,0.145
691781,Brady House,7,8,0.1869999999999999
691781,Brady House,8,12,0.34775
691781,Brady House,9,12,0.3484
691783,Jordan Lawlar,1,10,0.15875
691783,Jordan Lawlar,2,13,0.714
691783,Jordan Lawlar,3,14,0.296
691783,Jordan Lawlar,4,8,0.2295
691783,Jordan Lawlar,5,24,0.4947272727272727
691783,Jordan Lawlar,6,16,0.5476666666666667
691783,Jordan Lawlar,7,6,0.0
691783,Jordan Lawlar,8,8,0.003
691783,Jordan Lawlar,9,13,0.0
691785,Marcelo Mayer,1,2,
691785,Marcelo Mayer,2,2,0.069
691785,Marcelo Mayer,4,4,0.338
691785,Marcelo Mayer,5,9,0.3174
691785,Marcelo Mayer,6,1,
691785,Marcelo Mayer,7,3,
691785,Marcelo Mayer,8,10,0.0946666666666666
691785,Marcelo Mayer,9,1,
691788,Joe Mack,1,8,0.2995
691788,Joe Mack,2,11,0.0653333333333333
691788,Joe Mack,3,6,
691788,Joe Mack,4,18,0.1436363636363636
691788,Joe Mack,5,22,0.3301428571428571
691788,Joe Mack,6,9,0.5084
691788,Joe Mack,7,15,0.1735
691788,Joe Mack,8,18,0.7241428571428571
691788,Joe Mack,9,12,0.447
691858,Jared Serna,1,7,0.4625
691858,Jared Serna,2,8,0.163
691858,Jared Serna,3,6,0.3573333333333333
691858,Jared Serna,4,9,0.1616666666666666
691858,Jared Serna,5,10,0.542
691858,Jared Serna,6,3,0.147
691858,Jared Serna,7,3,0.434
691858,Jared Serna,8,6,0.0615
691858,Jared Serna,9,6,0.0225
693304,Nick Gonzales,1,8,0.073
693304,Nick Gonzales,2,13,0.3271666666666666
693304,Nick Gonzales,3,11,0.071
693304,Nick Gonzales,4,17,0.2981666666666666
693304,Nick Gonzales,5,31,0.2956153846153846
693304,Nick Gonzales,6,18,0.4068888888888888
693304,Nick Gonzales,7,9,0.3755
693304,Nick Gonzales,8,8,0.587
693304,Nick Gonzales,9,15,0.2741428571428571
693306,Aaron Sabato,2,4,0.2339999999999999
693306,Aaron Sabato,3,3,0.0
693306,Aaron Sabato,4,1,
693306,Aaron Sabato,5,1,
693306,Aaron Sabato,6,2,0.171
693306,Aaron Sabato,8,2,0.0
693307,Dillon Dingler,1,8,0.23625
693307,Dillon Dingler,2,11,0.1585
693307,Dillon Dingler,3,3,0.492
693307,Dillon Dingler,4,20,0.3503636363636364
693307,Dillon Dingler,5,22,0.6030000000000001
693307,Dillon Dingler,6,18,0.491
693307,Dillon Dingler,7,16,0.6223333333333333
693307,Dillon Dingler,8,20,0.3733636363636364
693307,Dillon Dingler,9,17,0.034
693409,César Prieto,2,1,
693409,César Prieto,4,3,0.245
693409,César Prieto,5,3,0.457
693409,César Prieto,7,1,
693409,César Prieto,8,1,0.115
694192,Jackson Chourio,1,18,0.4548333333333333
694192,Jackson Chourio,2,8,0.0045
694192,Jackson Chourio,3,17,0.5288
694192,Jackson Chourio,4,16,0.7808888888888889
694192,Jackson Chourio,5,29,0.459125
694192,Jackson Chourio,6,27,0.4937499999999999
694192,Jackson Chourio,7,12,0.5613171428571428
694192,Jackson Chourio,8,28,0.3327
694192,Jackson Chourio,9,24,0.1480833333333333
694197,Angel Genao,1,10,0.28625
694197,Angel Genao,2,11,0.43625
694197,Angel Genao,3,5,
694197,Angel Genao,4,5,0.964
694197,Angel Genao,5,27,0.2945
694197,Angel Genao,6,4,0.421
694197,Angel Genao,7,16,0.1524285714285714
694197,Angel Genao,8,18,0.1246
694197,Angel Genao,9,7,0.0
694203,Denzer Guzman,1,4,0.04
694203,Denzer Guzman,2,17,0.072375
694203,Denzer Guzman,3,14,0.3162
694203,Denzer Guzman,4,13,0.16325
694203,Denzer Guzman,5,30,0.3531333333333333
694203,Denzer Guzman,6,17,0.3488333333333333
694203,Denzer Guzman,7,10,
694203,Denzer Guzman,8,24,0.352
694203,Denzer Guzman,9,19,0.1934285714285714
694208,Moisés Ballesteros,1,12,0.05675
694208,Moisés Ballesteros,2,18,0.132
694208,Moisés Ballesteros,3,7,0.811
694208,Moisés Ballesteros,4,20,0.6724285714285714
694208,Moisés Ballesteros,5,17,0.177375
694208,Moisés Ballesteros,6,11,0.612
694208,Moisés Ballesteros,7,16,0.255
694208,Moisés Ballesteros,8,22,0.2849
694208,Moisés Ballesteros,9,10,0.886
694212,Samuel Basallo,1,7,0.027
694212,Samuel Basallo,2,8,0.5133333333333333
694212,Samuel Basallo,3,6,0.2804999999999999
694212,Samuel Basallo,4,7,0.3643333333333333
694212,Samuel Basallo,5,12,0.5385
694212,Samuel Basallo,6,7,0.0345
694212,Samuel Basallo,7,12,0.0993333333333333
694212,Samuel Basallo,8,11,0.3924999999999999
694212,Samuel Basallo,9,13,0.1065
694224,Gabriel Gonzalez,1,1,
694224,Gabriel Gonzalez,2,3,0.422
694224,Gabriel Gonzalez,6,1,
694224,Gabriel Gonzalez,8,1,0.157
694224,Gabriel Gonzalez,9,2,
694249,Cole Carrigg,1,13,0.115
694249,Cole Carrigg,2,24,0.5166923076923077
694249,Cole Carrigg,3,13,0.3723333333333333
694249,Cole Carrigg,4,18,0.5774
694249,Cole Carrigg,5,28,0.7186666666666667
694249,Cole Carrigg,6,26,0.253125
694249,Cole Carrigg,7,22,0.3591666666666666
694249,Cole Carrigg,8,25,0.2687272727272727
694249,Cole Carrigg,9,18,0.39625
694371,Tommy Troy,1,1,0.01
694371,Tommy Troy,4,2,0.404
694371,Tommy Troy,5,2,
694371,Tommy Troy,6,2,
694371,Tommy Troy,7,1,
694371,Tommy Troy,8,1,0.303
694371,Tommy Troy,9,2,0.0
694374,Tim Tawa,1,12,0.128
694374,Tim Tawa,2,25,0.1927499999999999
694374,Tim Tawa,3,17,0.6293333333333334
694374,Tim Tawa,4,7,0.2
694374,Tim Tawa,5,14,0.2388571428571428
694374,Tim Tawa,6,29,0.3681111111111111
694374,Tim Tawa,7,11,0.3855
694374,Tim Tawa,8,15,0.4685
694374,Tim Tawa,9,21,0.246111111111111
694376,Shay Whitcomb,1,9,0.5905
694376,Shay Whitcomb,2,14,0.1149999999999999
694376,Shay Whitcomb,3,14,0.0944285714285714
694376,Shay Whitcomb,4,11,0.502375
694376,Shay Whitcomb,5,29,0.5489166666666666
694376,Shay Whitcomb,6,17,0.2802
694376,Shay Whitcomb,7,7,0.1565
694376,Shay Whitcomb,8,12,0.2872
694376,Shay Whitcomb,9,21,0.0165
694377,Nick Yorke,1,1,
694377,Nick Yorke,3,2,
694377,Nick Yorke,5,2,0.031
694377,Nick Yorke,6,1,
694377,Nick Yorke,8,2,
694377,Nick Yorke,9,1,
694378,Jacob Gonzalez,1,6,0.0
694378,Jacob Gonzalez,2,6,0.007
694378,Jacob Gonzalez,3,3,
694378,Jacob Gonzalez,4,10,0.085
694378,Jacob Gonzalez,5,6,0.4034
694378,Jacob Gonzalez,6,5,0.1995
694378,Jacob Gonzalez,7,6,0.6963333333333334
694378,Jacob Gonzalez,8,7,0.524
694378,Jacob Gonzalez,9,4,0.942
694388,Joey Loperfido,1,1,
694497,Evan Carter,1,7,0.203
694497,Evan Carter,2,11,0.2425
694497,Evan Carter,3,5,0.0
694497,Evan Carter,4,18,0.3388571428571428
694497,Evan Carter,5,17,0.537
694497,Evan Carter,6,13,0.0419999999999999
694497,Evan Carter,7,13,0.1245
694497,Evan Carter,8,14,0.08875
694497,Evan Carter,9,15,0.15525
694671,Wyatt Langford,1,20,0.072
694671,Wyatt Langford,2,22,0.2546666666666666
694671,Wyatt Langford,3,23,0.1550314285714285
694671,Wyatt Langford,4,14,0.388
694671,Wyatt Langford,5,31,0.4480769230769231
694671,Wyatt Langford,6,31,0.3075454545454545
694671,Wyatt Langford,7,13,0.254
694671,Wyatt Langford,8,24,0.4685555555555556
694671,Wyatt Langford,9,30,0.03225
694673,Abimelec Ortiz,1,13,0.2593333333333333
694673,Abimelec Ortiz,2,13,0.381
694673,Abimelec Ortiz,3,4,0.1305
694673,Abimelec Ortiz,4,12,0.232
694673,Abimelec Ortiz,5,13,0.3455
694673,Abimelec Ortiz,6,12,0.053
694673,Abimelec Ortiz,7,7,0.1585
694673,Abimelec Ortiz,8,7,0.331
694673,Abimelec Ortiz,9,7,
694728,Brice Matthews,1,3,
694728,Brice Matthews,2,1,0.0
694728,Brice Matthews,3,2,
694728,Brice Matthews,4,2,
694728,Brice Matthews,5,2,0.872
694728,Brice Matthews,7,2,0.248
695257,Billy Cook,1,1,
695257,Billy Cook,2,6,
695257,Billy Cook,3,1,
695257,Billy Cook,4,2,0.459
695257,Billy Cook,5,2,0.221
695257,Billy Cook,6,1,0.0
695257,Billy Cook,8,1,
695336,Thomas Saggese,1,17,0.016
695336,Thomas Saggese,2,23,0.4826249999999999
695336,Thomas Saggese,3,14,0.165
695336,Thomas Saggese,4,21,0.3238571428571428
695336,Thomas Saggese,5,27,0.2931249999999999
695336,Thomas Saggese,6,28,0.3614285714285714
695336,Thomas Saggese,7,8,0.408
695336,Thomas Saggese,8,29,0.4437857142857143
695336,Thomas Saggese,9,17,0.23775
695391,Brett Harris,1,2,
695391,Brett Harris,2,6,0.0
695391,Brett Harris,3,9,0.1594
695391,Brett Harris,4,10,0.032
695391,Brett Harris,5,11,0.3323333333333333
695391,Brett Harris,6,13,0.23025
695391,Brett Harris,7,6,0.1505
695391,Brett Harris,8,4,0.8055
695391,Brett Harris,9,13,0.3309999999999999
695490,Edwin Arroyo,1,1,
695490,Edwin Arroyo,4,7,0.1725
695490,Edwin Arroyo,5,3,0.099
695490,Edwin Arroyo,6,1,
695490,Edwin Arroyo,7,2,0.079
695490,Edwin Arroyo,8,4,0.232
695490,Edwin Arroyo,9,1,
695491,Joshua Báez,1,5,0.043
695491,Joshua Báez,2,10,0.0043333333333333
695491,Joshua Báez,3,4,0.0
695491,Joshua Báez,4,12,0.0815
695491,Joshua Báez,5,18,0.7798333333333334
695491,Joshua Báez,6,13,0.2895
695491,Joshua Báez,7,8,0.094
695491,Joshua Báez,8,11,0.15
695491,Joshua Báez,9,12,0.2766666666666666
695506,Jac Caglianone,1,7,0.6325000000000001
695506,Jac Caglianone,2,8,0.177
695506,Jac Caglianone,3,7,0.3075
695506,Jac Caglianone,4,14,0.313375
695506,Jac Caglianone,5,8,0.4765
695506,Jac Caglianone,6,11,0.46375
695506,Jac Caglianone,7,15,0.5882
695506,Jac Caglianone,8,16,0.345
695506,Jac Caglianone,9,9,0.3136
695578,James Wood,1,15,0.2456666666666666
695578,James Wood,2,21,0.5188571428571429
695578,James Wood,3,14,0.2365
695578,James Wood,4,28,0.2135714285714285
695578,James Wood,5,23,0.4792857142857142
695578,James Wood,6,12,0.23975
695578,James Wood,7,21,0.131
695578,James Wood,8,31,0.3305
695578,James Wood,9,20,0.1491428571428571
695600,Carter Jensen,1,18,0.3816666666666666
695600,Carter Jensen,2,24,0.2326
695600,Carter Jensen,3,13,0.4594999999999999
695600,Carter Jensen,4,21,0.3366666666666666
695600,Carter Jensen,5,31,0.98525
695600,Carter Jensen,6,15,0.3935
695600,Carter Jensen,7,20,0.3944
695600,Carter Jensen,8,25,0.6336923076923077
695600,Carter Jensen,9,10,0.573
695657,Colson Montgomery,1,24,0.263
695657,Colson Montgomery,2,23,0.0026
695657,Colson Montgomery,3,12,0.31775
695657,Colson Montgomery,4,16,0.3836
695657,Colson Montgomery,5,27,0.3511818181818182
695657,Colson Montgomery,6,22,0.0794
695657,Colson Montgomery,7,17,0.357125
695657,Colson Montgomery,8,23,0.1234285714285714
695657,Colson Montgomery,9,22,0.0
695670,Harry Ford,1,8,0.21
695670,Harry Ford,2,10,0.0525
695670,Harry Ford,3,8,0.5724066666666666
695670,Harry Ford,4,14,0.03825
695670,Harry Ford,5,9,0.6733333333333333
695670,Harry Ford,6,14,0.3763333333333333
695670,Harry Ford,7,6,
695670,Harry Ford,8,5,0.121
695670,Harry Ford,9,9,0.268
695681,Christian Moore,1,13,0.0365
695681,Christian Moore,2,22,0.4102
695681,Christian Moore,3,18,0.377
695681,Christian Moore,4,15,0.1636666666666666
695681,Christian Moore,5,27,0.4214444444444444
695681,Christian Moore,6,22,0.4051999999999999
695681,Christian Moore,7,13,0.0
695681,Christian Moore,8,26,0.1967333333333333
695681,Christian Moore,9,21,0.1245555555555555
695720,Tommy White,1,3,
695720,Tommy White,2,9,0.146
695720,Tommy White,3,5,0.1155
695720,Tommy White,4,7,0.5452
695720,Tommy White,5,10,0.4346666666666667
695720,Tommy White,6,9,0.093
695720,Tommy White,7,7,0.449
695720,Tommy White,8,16,0.1978571428571428
695720,Tommy White,9,10,0.26925
695731,Braden Montgomery,1,16,0.1777033333333333
695731,Braden Montgomery,2,15,0.073
695731,Braden Montgomery,3,9,0.3668
695731,Braden Montgomery,4,15,0.171625
695731,Braden Montgomery,5,23,0.2651111111111111
695731,Braden Montgomery,6,16,0.4737
695731,Braden Montgomery,7,15,0.1473333333333333
695731,Braden Montgomery,8,20,0.67
695731,Braden Montgomery,9,12,0.5298
695734,Daylen Lile,1,17,0.6268333333333334
695734,Daylen Lile,2,14,0.4708888888888888
695734,Daylen Lile,3,8,0.0
695734,Daylen Lile,4,13,0.22375
695734,Daylen Lile,5,25,0.261875
695734,Daylen Lile,6,20,0.135
695734,Daylen Lile,7,14,0.34225
695734,Daylen Lile,8,17,0.4163333333333334
695734,Daylen Lile,9,10,0.24725
696030,Alejandro Osuna,1,3,
696030,Alejandro Osuna,2,3,
696030,Alejandro Osuna,3,2,0.364583
696030,Alejandro Osuna,4,3,
696030,Alejandro Osuna,5,3,0.579
696030,Alejandro Osuna,6,2,
696030,Alejandro Osuna,8,4,0.28
696030,Alejandro Osuna,9,3,0.0
696100,Hunter Goodman,1,19,0.1163999999999999
696100,Hunter Goodman,2,16,0.29575
696100,Hunter Goodman,3,16,0.052
696100,Hunter Goodman,4,13,0.4084
696100,Hunter Goodman,5,22,0.5301111111111111
696100,Hunter Goodman,6,17,0.04525
696100,Hunter Goodman,7,13,0.4024
696100,Hunter Goodman,8,15,0.2781666666666667
696100,Hunter Goodman,9,12,0.211
696285,Jacob Young,1,7,0.1566666666666666
696285,Jacob Young,2,12,0.204
696285,Jacob Young,3,10,0.2005
696285,Jacob Young,4,16,0.2835
696285,Jacob Young,5,15,0.287
696285,Jacob Young,6,15,0.2188333333333333
696285,Jacob Young,7,6,0.184
696285,Jacob Young,8,11,0.2391666666666666
696285,Jacob Young,9,8,0.2774999999999999
699013,Esmerlyn Valdez,1,7,0.0
699013,Esmerlyn Valdez,2,7,0.0
699013,Esmerlyn Valdez,3,3,0.005
699013,Esmerlyn Valdez,4,7,0.895
699013,Esmerlyn Valdez,5,5,0.0
699013,Esmerlyn Valdez,6,8,0.6715
699013,Esmerlyn Valdez,7,5,0.2285
699013,Esmerlyn Valdez,8,9,0.20825
699013,Esmerlyn Valdez,9,7,0.2937499999999999
699024,Leo Bernal,1,14,0.18325
699024,Leo Bernal,2,27,0.5338
699024,Leo Bernal,3,8,0.2346666666666666
699024,Leo Bernal,4,29,0.2728181818181818
699024,Leo Bernal,5,23,0.5223333333333333
699024,Leo Bernal,6,11,0.258
699024,Leo Bernal,7,26,0.0977142857142857
699024,Leo Bernal,8,27,0.2675555555555555
699024,Leo Bernal,9,16,
699115,Carlos Jorge,1,10,0.2264999999999999
699115,Carlos Jorge,2,8,0.3993333333333333
699115,Carlos Jorge,3,8,0.463
699115,Carlos Jorge,4,13,0.09075
699115,Carlos Jorge,5,18,0.4586
699115,Carlos Jorge,6,6,0.0
699115,Carlos Jorge,7,10,0.3858
699115,Carlos Jorge,8,12,0.0
699115,Carlos Jorge,9,10,0.1324
699302,Héctor Rodríguez,1,15,0.4251999999999999
699302,Héctor Rodríguez,2,13,0.1493333333333333
699302,Héctor Rodríguez,3,17,0.1644999999999999
699302,Héctor Rodríguez,4,19,0.1225714285714285
699302,Héctor Rodríguez,5,21,0.1704285714285714
699302,Héctor Rodríguez,6,10,0.22125
699302,Héctor Rodríguez,7,17,0.3341666666666666
699302,Héctor Rodríguez,8,16,0.4596666666666666
699302,Héctor Rodríguez,9,14,0.2799999999999999
699393,Pedro Ramírez,1,15,0.2733333333333334
699393,Pedro Ramírez,2,22,0.2723333333333333
699393,Pedro Ramírez,3,15,0.1256
699393,Pedro Ramírez,4,15,0.2115274999999999
699393,Pedro Ramírez,5,20,0.210090909090909
699393,Pedro Ramírez,6,9,
699393,Pedro Ramírez,7,15,0.0678333333333333
699393,Pedro Ramírez,8,20,0.4025999999999999
699393,Pedro Ramírez,9,11,0.2773333333333333
699912,Jose Fernandez,1,2,
699912,Jose Fernandez,2,2,
699912,Jose Fernandez,3,2,0.4545
699912,Jose Fernandez,4,1,0.0
699912,Jose Fernandez,5,2,
699912,Jose Fernandez,6,7,0.2473333333333333
699912,Jose Fernandez,7,4,0.0
699912,Jose Fernandez,8,4,
699912,Jose Fernandez,9,3,
700250,Ben Rice,1,20,0.824
700250,Ben Rice,2,20,0.3223333333333333
700250,Ben Rice,3,9,0.262644
700250,Ben Rice,4,32,0.33475
700250,Ben Rice,5,25,0.6474285714285715
700250,Ben Rice,6,15,0.5933333333333334
700250,Ben Rice,7,31,0.23925
700250,Ben Rice,8,37,0.2156363636363636
700250,Ben Rice,9,16,0.0832
700337,Edgar Quero,5,1,
700337,Edgar Quero,6,1,
700337,Edgar Quero,8,3,0.177
700337,Edgar Quero,9,2,
700652,Kenny Piper,8,1,
701162,Ben Malgeri,1,5,0.0
701162,Ben Malgeri,2,12,0.3585
701162,Ben Malgeri,3,8,
701162,Ben Malgeri,4,11,0.414
701162,Ben Malgeri,5,21,0.4072857142857143
701162,Ben Malgeri,6,20,0.36
701162,Ben Malgeri,7,12,0.231375
701162,Ben Malgeri,8,10,0.47625
701162,Ben Malgeri,9,12,0.1389999999999999
701350,Roman Anthony,1,11,0.25625
701350,Roman Anthony,2,23,0.836375
701350,Roman Anthony,3,11,0.307
701350,Roman Anthony,4,23,0.4631428571428571
701350,Roman Anthony,5,30,0.3897
701350,Roman Anthony,6,20,0.2739
701350,Roman Anthony,7,30,0.2502307692307692
701350,Roman Anthony,8,27,0.20425
701350,Roman Anthony,9,17,0.20925
701358,Cam Smith,1,12,0.1275
701358,Cam Smith,2,16,
701358,Cam Smith,3,20,0.0756666666666666
701358,Cam Smith,4,24,0.073
701358,Cam Smith,5,22,0.8983333333333333
701358,Cam Smith,6,16,0.508
701358,Cam Smith,7,16,0.4885
701358,Cam Smith,8,27,0.143
701358,Cam Smith,9,20,0.1295
701398,Sal Stewart,1,13,0.2998888888888888
701398,Sal Stewart,2,19,0.373
701398,Sal Stewart,3,16,0.2026666666666666
701398,Sal Stewart,4,16,0.2815999999999999
701398,Sal Stewart,5,32,0.3930833333333334
701398,Sal Stewart,6,23,0.2586666666666667
701398,Sal Stewart,7,13,0.1203333333333333
701398,Sal Stewart,8,21,0.3847272727272727
701398,Sal Stewart,9,26,0.2886
701538,Jackson Merrill,1,13,0.645
701538,Jackson Merrill,2,11,0.7685
701538,Jackson Merrill,3,11,0.72
701538,Jackson Merrill,4,17,0.4891111111111111
701538,Jackson Merrill,5,27,0.3625833333333333
701538,Jackson Merrill,6,10,0.3236666666666666
701538,Jackson Merrill,7,20,0.3047142857142857
701538,Jackson Merrill,8,22,0.6086923076923078
701538,Jackson Merrill,9,18,0.5773333333333334
701675,Nathan Church,1,19,0.24325
701675,Nathan Church,2,14,0.198
701675,Nathan Church,3,17,0.124
701675,Nathan Church,4,20,0.1563333333333333
701675,Nathan Church,5,21,0.3372222222222222
701675,Nathan Church,6,17,0.30225
701675,Nathan Church,7,16,0.4063333333333334
701675,Nathan Church,8,20,0.2574444444444445
701675,Nathan Church,9,16,0.19275
701678,Hao-Yu Lee,1,20,0.0716
701678,Hao-Yu Lee,2,31,0.3800909090909091
701678,Hao-Yu Lee,3,23,0.443444
701678,Hao-Yu Lee,4,16,0.4733333333333333
701678,Hao-Yu Lee,5,36,0.2195
701678,Hao-Yu Lee,6,21,0.4771666666666667
701678,Hao-Yu Lee,7,14,0.2162
701678,Hao-Yu Lee,8,23,0.20725
701678,Hao-Yu Lee,9,26,0.0874444444444444
701785,Kaelen Culpepper,1,5,
701785,Kaelen Culpepper,2,11,0.266
701785,Kaelen Culpepper,3,10,0.2446666666666666
701785,Kaelen Culpepper,4,8,0.0643333333333333
701785,Kaelen Culpepper,5,20,0.2322857142857142
701785,Kaelen Culpepper,6,9,0.254
701785,Kaelen Culpepper,7,7,
701785,Kaelen Culpepper,8,9,0.4021666666666667
701785,Kaelen Culpepper,9,13,0.0718333333333333
701807,Carson Benge,1,19,0.29987
701807,Carson Benge,2,20,0.3485
701807,Carson Benge,3,19,0.4114
701807,Carson Benge,4,30,0.4835
701807,Carson Benge,5,32,0.366
701807,Carson Benge,6,28,0.5026363636363637
701807,Carson Benge,7,27,0.3002222222222222
701807,Carson Benge,8,20,0.2766
701807,Carson Benge,9,17,0.2239999999999999
701852,Drew Cavanaugh,1,15,0.296555
701852,Drew Cavanaugh,2,8,0.411
701852,Drew Cavanaugh,3,11,0.259
701852,Drew Cavanaugh,4,7,0.444
701852,Drew Cavanaugh,5,9,0.29825
701852,Drew Cavanaugh,6,11,0.2425
701852,Drew Cavanaugh,7,16,0.4253333333333333
701852,Drew Cavanaugh,8,9,0.0
701852,Drew Cavanaugh,9,13,0.1263333333333333
702176,Alan Roden,1,2,0.648
702176,Alan Roden,2,5,0.597
702176,Alan Roden,3,6,0.2853333333333333
702176,Alan Roden,4,3,0.0
702176,Alan Roden,5,8,0.7475
702176,Alan Roden,6,2,0.18
702176,Alan Roden,7,2,0.362
702176,Alan Roden,8,3,
702176,Alan Roden,9,1,
702222,Justin Crawford,1,15,0.174555
702222,Justin Crawford,2,8,0.2808
702222,Justin Crawford,3,4,0.708
702222,Justin Crawford,4,13,0.5135000000000001
702222,Justin Crawford,5,12,0.58975
702222,Justin Crawford,6,14,0.18225
702222,Justin Crawford,7,4,0.3405
702222,Justin Crawford,8,16,0.1928333333333333
702222,Justin Crawford,9,8,0.553
702284,Cole Young,1,12,0.357
702284,Cole Young,2,18,0.4977499999999999
702284,Cole Young,3,14,0.018
702284,Cole Young,4,17,0.6053333333333333
702284,Cole Young,5,24,0.3842
702284,Cole Young,6,19,0.1378571428571428
702284,Cole Young,7,14,0.189875
702284,Cole Young,8,23,0.27875
702284,Cole Young,9,16,0.37
702332,Caleb Durbin,1,12,0.05825
702332,Caleb Durbin,2,22,0.40175
702332,Caleb Durbin,3,18,0.4866
702332,Caleb Durbin,4,17,0.1538888888888888
702332,Caleb Durbin,5,18,0.5208333333333334
702332,Caleb Durbin,6,21,0.3852
702332,Caleb Durbin,7,10,0.0223333333333333
702332,Caleb Durbin,8,17,0.1657499999999999
702332,Caleb Durbin,9,20,0.1791666666666666
702616,Jackson Holliday,1,10,0.679
702616,Jackson Holliday,2,11,0.579
702616,Jackson Holliday,3,5,0.11
702616,Jackson Holliday,4,11,0.379
702616,Jackson Holliday,5,12,0.2293333333333333
702616,Jackson Holliday,6,3,0.421
702616,Jackson Holliday,7,11,0.161
702616,Jackson Holliday,8,21,0.2175
702616,Jackson Holliday,9,7,0.0015
703155,Lazaro Montes,1,14,
703155,Lazaro Montes,2,21,0.252625
703155,Lazaro Montes,3,9,0.4135
703155,Lazaro Montes,4,14,
703155,Lazaro Montes,5,19,0.400875
703155,Lazaro Montes,6,13,0.3396666666666667
703155,Lazaro Montes,7,15,0.1612857142857142
703155,Lazaro Montes,8,12,0.5455
703155,Lazaro Montes,9,8,0.7495
703197,Michael Arroyo,1,4,0.0
703197,Michael Arroyo,2,3,0.3395
703197,Michael Arroyo,3,6,0.191
703197,Michael Arroyo,4,10,0.7073333333333333
703197,Michael Arroyo,5,10,0.4448571428571428
703197,Michael Arroyo,6,7,0.1915
703197,Michael Arroyo,7,3,0.2465
703197,Michael Arroyo,8,6,0.2199999999999999
703197,Michael Arroyo,9,10,0.4412
703492,Nick Morabito,1,8,0.4055
703492,Nick Morabito,2,6,0.29
703492,Nick Morabito,3,8,0.132
703492,Nick Morabito,4,1,0.926
703492,Nick Morabito,5,9,0.6539999999999999
703492,Nick Morabito,6,7,0.4596666666666666
703492,Nick Morabito,7,7,0.131
703492,Nick Morabito,8,5,0.224
703492,Nick Morabito,9,7,0.3058333333333333
703520,Brett Bateman,1,18,0.0626666666666666
703520,Brett Bateman,2,28,0.161
703520,Brett Bateman,3,20,0.3936
703520,Brett Bateman,4,19,0.2779999999999999
703520,Brett Bateman,5,31,0.4395833333333334
703520,Brett Bateman,6,29,0.3994
703520,Brett Bateman,7,9,0.11425
703520,Brett Bateman,8,24,0.2037142857142857
703520,Brett Bateman,9,15,0.4242
703601,Max Clark,1,19,0.119
703601,Max Clark,2,18,0.1754285714285714
703601,Max Clark,3,17,0.2844
703601,Max Clark,4,25,0.2187999999999999
703601,Max Clark,5,26,0.3678461538461538
703601,Max Clark,6,19,0.4102
703601,Max Clark,7,16,0.1765
703601,Max Clark,8,19,0.5826
703601,Max Clark,9,15,0.2774
703607,Henry Bolte,1,19,0.1457142857142857
703607,Henry Bolte,2,21,0.43
703607,Henry Bolte,3,10,0.9323333333333332
703607,Henry Bolte,4,27,0.3537683333333333
703607,Henry Bolte,5,32,0.4357
703607,Henry Bolte,6,24,0.4654285714285714
703607,Henry Bolte,7,18,0.914
703607,Henry Bolte,8,31,0.1949999999999999
703607,Henry Bolte,9,31,0.2924375
800050,Chase DeLauter,1,8,
800050,Chase DeLauter,2,15,0.393
800050,Chase DeLauter,3,9,0.3414999999999999
800050,Chase DeLauter,4,19,0.351
800050,Chase DeLauter,5,23,0.37325
800050,Chase DeLauter,6,13,0.2396666666666666
800050,Chase DeLauter,7,9,0.1006
800050,Chase DeLauter,8,22,0.3464166666666666
800050,Chase DeLauter,9,14,0.1648
800325,Luis Lara,1,10,0.3403333333333333
800325,Luis Lara,2,10,0.258
800325,Luis Lara,3,9,0.3185
800325,Luis Lara,4,19,0.1645714285714285
800325,Luis Lara,5,23,0.227
800325,Luis Lara,6,18,0.1909999999999999
800325,Luis Lara,7,12,0.0043333333333333
800325,Luis Lara,8,15,0.328375
800325,Luis Lara,9,8,
800543,Josue De Paula,1,10,0.41011
800543,Josue De Paula,2,6,0.3805
800543,Josue De Paula,3,4,0.037
800543,Josue De Paula,4,8,0.13
800543,Josue De Paula,5,13,0.599
800543,Josue De Paula,6,6,0.5038
800543,Josue De Paula,7,14,0.2292
800543,Josue De Paula,8,8,0.4539999999999999
800543,Josue De Paula,9,4,0.5525
801126,Brock Rodden,1,6,0.874
801126,Brock Rodden,2,7,0.292
801126,Brock Rodden,3,3,0.0
801126,Brock Rodden,4,4,0.01
801126,Brock Rodden,5,6,0.356
801126,Brock Rodden,6,5,0.635
801126,Brock Rodden,7,7,0.33
801126,Brock Rodden,8,6,
801126,Brock Rodden,9,5,0.007
801501,Nate Furman,1,1,
801501,Nate Furman,2,2,0.076
801501,Nate Furman,3,1,
801501,Nate Furman,4,3,0.048
801501,Nate Furman,5,4,0.106
801501,Nate Furman,6,1,
801501,Nate Furman,7,2,0.0
801501,Nate Furman,8,10,0.2875
801501,Nate Furman,9,2,0.038
802139,JJ Wetherholt,1,5,0.2965
802139,JJ Wetherholt,2,7,0.5650000000000001
802139,JJ Wetherholt,3,3,0.614
802139,JJ Wetherholt,4,4,0.24
802139,JJ Wetherholt,5,16,0.368
802139,JJ Wetherholt,6,8,0.1855
802139,JJ Wetherholt,7,6,0.081
802139,JJ Wetherholt,8,6,0.2319999999999999
802139,JJ Wetherholt,9,10,0.2009999999999999
802415,Chandler Simpson,1,14,0.2684
802415,Chandler Simpson,2,22,0.3792142857142857
802415,Chandler Simpson,3,7,0.2009999999999999
802415,Chandler Simpson,4,14,0.1863999999999999
802415,Chandler Simpson,5,20,0.3605
802415,Chandler Simpson,6,14,0.31425
802415,Chandler Simpson,7,12,0.17625
802415,Chandler Simpson,8,20,0.2959
802415,Chandler Simpson,9,12,0.231
803011,Sam Antonacci,1,15,0.1883333333333333
803011,Sam Antonacci,2,22,0.2608
803011,Sam Antonacci,3,7,0.2166
803011,Sam Antonacci,4,24,0.1961999999999999
803011,Sam Antonacci,5,33,0.4075
803011,Sam Antonacci,6,14,0.331
803011,Sam Antonacci,7,12,0.434
803011,Sam Antonacci,8,26,0.3635833333333333
803011,Sam Antonacci,9,15,0.496
804606,Konnor Griffin,1,14,0.104
804606,Konnor Griffin,2,18,0.432
804606,Konnor Griffin,3,11,0.455
804606,Konnor Griffin,4,27,0.4604545454545454
804606,Konnor Griffin,5,31,0.2759230769230769
804606,Konnor Griffin,6,13,0.29225
804606,Konnor Griffin,7,23,0.358125
804606,Konnor Griffin,8,26,0.4381
804606,Konnor Griffin,9,20,0.227
804668,Rafael Flores Jr.,1,14,0.1956
804668,Rafael Flores Jr.,2,9,0.0663333333333333
804668,Rafael Flores Jr.,3,9,0.736
804668,Rafael Flores Jr.,4,22,0.3331666666666666
804668,Rafael Flores Jr.,5,24,0.57925
804668,Rafael Flores Jr.,6,23,0.4950909090909091
804668,Rafael Flores Jr.,7,10,0.912
804668,Rafael Flores Jr.,8,16,0.3553333333333333
804668,Rafael Flores Jr.,9,21,0.171
805300,Jakob Marsee,1,16,0.2785
805300,Jakob Marsee,2,7,0.235
805300,Jakob Marsee,3,12,0.3293333333333333
805300,Jakob Marsee,4,20,0.6078
805300,Jakob Marsee,5,39,0.33445
805300,Jakob Marsee,6,16,0.3012222222222222
805300,Jakob Marsee,7,19,0.34675
805300,Jakob Marsee,8,19,0.3733636363636364
805300,Jakob Marsee,9,26,0.4506666666666667
805346,Ben Ross,1,3,0.161
805346,Ben Ross,2,4,0.153
805346,Ben Ross,3,6,0.239
805346,Ben Ross,4,4,0.494
805346,Ben Ross,5,4,0.0
805346,Ben Ross,6,4,0.91
805346,Ben Ross,7,5,0.795
805346,Ben Ross,8,3,
805346,Ben Ross,9,10,0.198
805367,Chase Meidroth,1,20,0.312
805367,Chase Meidroth,2,23,0.5672222222222223
805367,Chase Meidroth,3,15,0.0432
805367,Chase Meidroth,4,12,0.54775
805367,Chase Meidroth,5,27,0.6538333333333334
805367,Chase Meidroth,6,17,0.236875
805367,Chase Meidroth,7,11,0.122
805367,Chase Meidroth,8,23,0.149
805367,Chase Meidroth,9,23,0.3286666666666666
805805,Walker Jenkins,1,11,0.373
805805,Walker Jenkins,2,15,0.181
805805,Walker Jenkins,3,4,0.488
805805,Walker Jenkins,4,17,0.5578333333333333
805805,Walker Jenkins,5,30,0.3317777777777777
805805,Walker Jenkins,6,17,0.5791000000000001
805805,Walker Jenkins,7,16,0.1619
805805,Walker Jenkins,8,20,0.1518
805805,Walker Jenkins,9,18,0.142
805808,Kevin McGonigle,1,21,0.0964285714285714
805808,Kevin McGonigle,2,34,0.5100769230769231
805808,Kevin McGonigle,3,19,0.3035
805808,Kevin McGonigle,4,25,0.3044025
805808,Kevin McGonigle,5,34,0.3904285714285714
805808,Kevin McGonigle,6,22,0.4945714285714286
805808,Kevin McGonigle,7,18,0.0606666666666666
805808,Kevin McGonigle,8,20,0.6517999999999999
805808,Kevin McGonigle,9,22,0.5113333333333334
805811,Bryce Eldridge,1,10,0.41811
805811,Bryce Eldridge,2,11,0.5064
805811,Bryce Eldridge,3,11,0.3485999999999999
805811,Bryce Eldridge,4,13,0.598
805811,Bryce Eldridge,5,16,0.1582
805811,Bryce Eldridge,6,11,0.3608333333333333
805811,Bryce Eldridge,7,22,0.3438571428571428
805811,Bryce Eldridge,8,23,0.5003333333333333
805811,Bryce Eldridge,9,16,0.2795366666666666
805999,A.J. Ewing,1,13,0.0846666666666666
805999,A.J. Ewing,2,17,0.466875
805999,A.J. Ewing,3,8,
805999,A.J. Ewing,4,17,0.1716
805999,A.J. Ewing,5,23,0.3309230769230769
805999,A.J. Ewing,6,14,0.3778333333333333
805999,A.J. Ewing,7,19,0.3218181818181818
805999,A.J. Ewing,8,29,0.5041666666666667
805999,A.J. Ewing,9,16,0.2761666666666666
806146,George Lombard Jr.,1,13,0.4595
806146,George Lombard Jr.,2,16,0.24675
806146,George Lombard Jr.,3,13,0.11875
806146,George Lombard Jr.,4,21,0.56325
806146,George Lombard Jr.,5,23,0.2744285714285714
806146,George Lombard Jr.,6,18,0.3733333333333333
806146,George Lombard Jr.,7,13,0.2511666666666667
806146,George Lombard Jr.,8,17,0.2848888888888889
806146,George Lombard Jr.,9,19,0.292
806198,Cooper Pratt,1,10,0.0735
806198,Cooper Pratt,2,13,0.422
806198,Cooper Pratt,3,11,
806198,Cooper Pratt,4,20,0.2296363636363636
806198,Cooper Pratt,5,21,0.396
806198,Cooper Pratt,6,17,0.3384285714285714
806198,Cooper Pratt,7,12,0.33875
806198,Cooper Pratt,8,21,0.3117999999999999
806198,Cooper Pratt,9,18,0.416
806367,Turner Hill,1,14,0.124
806367,Turner Hill,2,25,0.0681428571428571
806367,Turner Hill,3,11,0.26
806367,Turner Hill,4,17,0.3932
806367,Turner Hill,5,25,0.4275
806367,Turner Hill,6,16,0.4336
806367,Turner Hill,7,22,0.2476
806367,Turner Hill,8,28,0.2038888888888889
806367,Turner Hill,9,15,0.144
806956,Ethan Salas,1,5,0.0
806956,Ethan Salas,2,11,0.0025
806956,Ethan Salas,3,3,0.17
806956,Ethan Salas,4,13,0.1817
806956,Ethan Salas,5,15,0.4813333333333333
806956,Ethan Salas,6,5,0.1286666666666666
806956,Ethan Salas,7,5,
806956,Ethan Salas,8,12,0.2164
806956,Ethan Salas,9,7,0.423
807712,Luke Keaschall,1,12,0.0948
807712,Luke Keaschall,2,20,0.38
807712,Luke Keaschall,3,14,0.3653333333333333
807712,Luke Keaschall,4,19,0.2795714285714285
807712,Luke Keaschall,5,34,0.3933333333333333
807712,Luke Keaschall,6,36,0.3007692307692308
807712,Luke Keaschall,7,13,1.331
807712,Luke Keaschall,8,24,0.1664
807712,Luke Keaschall,9,22,0.1724285714285714
807713,Matt Shaw,1,7,0.1465
807713,Matt Shaw,2,9,0.167
807713,Matt Shaw,3,5,0.0
807713,Matt Shaw,4,10,0.2053333333333333
807713,Matt Shaw,5,10,0.2405
807713,Matt Shaw,6,8,0.0279999999999999
807713,Matt Shaw,7,5,0.176
807713,Matt Shaw,8,13,0.2128333333333333
807713,Matt Shaw,9,10,0.331305
807726,John Peck,1,14,0.26975
807726,John Peck,2,18,0.262
807726,John Peck,3,6,0.38
807726,John Peck,4,12,0.4614444444444444
807726,John Peck,5,21,0.5734285714285713
807726,John Peck,6,15,0.1631999999999999
807726,John Peck,7,9,0.15275
807726,John Peck,8,19,0.3196666666666667
807726,John Peck,9,15,0.1457142857142857
807727,Charles McAdoo,2,5,0.052
807727,Charles McAdoo,3,4,
807727,Charles McAdoo,4,3,0.516
807727,Charles McAdoo,5,8,0.5700000000000001
807727,Charles McAdoo,6,6,0.361
807727,Charles McAdoo,7,4,0.008
807727,Charles McAdoo,8,6,0.795
807727,Charles McAdoo,9,5,0.088
808959,Munetaka Murakami,1,17,0.0006
808959,Munetaka Murakami,2,24,0.1856
808959,Munetaka Murakami,3,18,0.0
808959,Munetaka Murakami,4,35,0.2610769230769231
808959,Munetaka Murakami,5,30,0.4911
808959,Munetaka Murakami,6,24,0.3422857142857142
808959,Munetaka Murakami,7,25,0.2247272727272727
808959,Munetaka Murakami,8,28,0.385
808959,Munetaka Murakami,9,21,1.385
808982,Jung Hoo Lee,1,17,0.2526666666666666
808982,Jung Hoo Lee,2,16,0.1944
808982,Jung Hoo Lee,3,5,0.2515
808982,Jung Hoo Lee,4,14,0.29775
808982,Jung Hoo Lee,5,24,0.3143636363636364
808982,Jung Hoo Lee,6,13,0.2455
808982,Jung Hoo Lee,7,16,0.44625
808982,Jung Hoo Lee,8,11,0.2719999999999999
808982,Jung Hoo Lee,9,10,0.1945
810938,Ben Williamson,2,1,0.434
810938,Ben Williamson,3,6,0.3027399999999999
810938,Ben Williamson,4,5,0.1396666666666666
810938,Ben Williamson,5,4,0.183
810938,Ben Williamson,6,2,
810938,Ben Williamson,7,3,0.054
810938,Ben Williamson,8,3,0.027
810938,Ben Williamson,9,5,0.083
811965,Joshua Kuroda-Grauer,1,2,0.103
811965,Joshua Kuroda-Grauer,2,3,0.501
811965,Joshua Kuroda-Grauer,3,1,0.003
811965,Joshua Kuroda-Grauer,5,1,0.155
811965,Joshua Kuroda-Grauer,6,4,0.0015
811965,Joshua Kuroda-Grauer,7,1,0.365
811965,Joshua Kuroda-Grauer,8,5,0.431
813841,Jonah Cox,1,20,0.222125
813841,Jonah Cox,2,30,0.2004999999999999
813841,Jonah Cox,3,19,0.1993333333333333
813841,Jonah Cox,4,21,0.2742857142857143
813841,Jonah Cox,5,31,0.4317777777777778
813841,Jonah Cox,6,26,0.0834
813841,Jonah Cox,7,11,0.328
813841,Jonah Cox,8,20,0.353875
813841,Jonah Cox,9,21,0.2206666666666666
814154,Scott Bandura,1,5,0.0
814154,Scott Bandura,2,5,0.0
814154,Scott Bandura,3,6,0.068
814154,Scott Bandura,4,10,0.2453333333333333
814154,Scott Bandura,5,6,0.0
814154,Scott Bandura,6,4,0.317
814154,Scott Bandura,7,9,0.1996666666666666
814154,Scott Bandura,8,9,0.0
814154,Scott Bandura,9,8,0.0445
814430,Brett Callahan,1,8,0.0125
814430,Brett Callahan,2,13,0.538
814430,Brett Callahan,3,9,0.0015
814430,Brett Callahan,4,4,
814430,Brett Callahan,5,11,0.5857142857142856
814430,Brett Callahan,6,8,0.0486666666666666
814430,Brett Callahan,7,10,0.2088
814430,Brett Callahan,8,7,0.432
814430,Brett Callahan,9,7,0.0493333333333333
814439,Ryan Waldschmidt,1,3,0.012
814439,Ryan Waldschmidt,2,6,0.0
814439,Ryan Waldschmidt,3,6,0.5855
814439,Ryan Waldschmidt,4,6,0.9195
814439,Ryan Waldschmidt,5,7,
814439,Ryan Waldschmidt,6,4,
814439,Ryan Waldschmidt,7,8,0.0
814439,Ryan Waldschmidt,8,5,0.38
814439,Ryan Waldschmidt,9,11,0.094
815589,Bo Davidson,1,9,0.3445999999999999
815589,Bo Davidson,2,6,
815589,Bo Davidson,3,4,0.3386666666666666
815589,Bo Davidson,4,3,
815589,Bo Davidson,5,9,0.254
815589,Bo Davidson,6,4,
815589,Bo Davidson,7,2,0.104
815589,Bo Davidson,8,2,
815589,Bo Davidson,9,3,
815873,Sean Keys,1,9,
815873,Sean Keys,2,1,
815873,Sean Keys,3,8,0.243
815873,Sean Keys,4,6,0.1915
815873,Sean Keys,5,7,0.8280000000000001
815873,Sean Keys,6,3,0.832
815873,Sean Keys,7,7,0.079
815873,Sean Keys,8,8,0.5256666666666666
815873,Sean Keys,9,3,0.104
823550,Sung-Mun Song,1,1,0.249
823550,Sung-Mun Song,2,3,
823550,Sung-Mun Song,3,2,
823550,Sung-Mun Song,4,2,
823550,Sung-Mun Song,6,4,
823550,Sung-Mun Song,7,4,0.039
823550,Sung-Mun Song,8,4,0.4415
823550,Sung-Mun Song,9,4,0.558
828599,Lucas Spence,1,2,
828599,Lucas Spence,2,10,0.1573333333333333
828599,Lucas Spence,3,4,0.005
828599,Lucas Spence,4,8,0.65
828599,Lucas Spence,5,4,0.9435
828599,Lucas Spence,6,5,0.3795
828599,Lucas Spence,7,2,1.727
828599,Lucas Spence,8,5,0.0
828599,Lucas Spence,9,3,0.1536666666666666
